0,0.0,0.0,-0.025,0.008333333333333333,-0.0265625,0.008333333333333333,-0.0296875,0.00625,-0.009375,-0.01875,-0.4671875,-0.375,-0.4671875,-0.375,0.1234375,0.11041666666666666,0.1046875,-0.05,0.11875,-0.05416666666666667,0.159375,-0.041666666666666664,0.1984375,0.00625,0.2046875,0.020833333333333332,0.2078125,0.07083333333333333,0.2078125,0.08333333333333333,0.203125,0.10416666666666667
0,0.0,0.0,-0.028125,-0.022916666666666665,-0.0453125,-0.03125,-0.0921875,-0.075,-0.1015625,-0.10625,-0.103125,-0.10208333333333333,-0.1046875,-0.16041666666666668,-0.103125,-0.18541666666666667,-0.096875,-0.20208333333333334,-0.084375,-0.23125,-0.0515625,-0.26666666666666666,0.0078125,-0.3,0.0265625,-0.3020833333333333,0.0390625,-0.30416666666666664,0.05,-0.30625,0.1109375,-0.3
0,0.0,0.0,0.05,0.041666666666666664,0.05625,0.058333333333333334,0.0609375,0.075,0.0546875,0.16875,0.05625,0.175,0.009375,0.23958333333333334,-0.0046875,0.25833333333333336,-0.0203125,0.275,-0.040625,0.2708333333333333,-0.1109375,0.28958333333333336,-0.1375,0.2916666666666667,-0.1984375,0.26666666666666666,-0.2171875,0.25416666666666665,-0.228125,0.2375,-0.2515625,0.175
0,0.0,0.0,0.0046875,0.016666666666666666,-0.0015625,0.11041666666666666,0.0,0.11666666666666667,-0.046875,0.18125,-0.0609375,0.2,-0.0765625,0.21666666666666667,-0.096875,0.2125,-0.1671875,0.23125,-0.19375,0.23333333333333334,-0.2546875,0.20833333333333334,-0.2734375,0.19583333333333333,-0.284375,0.17916666666666667,-0.3078125,0.11666666666666667,-0.315625,0.09166666666666666,-0.315625,0.06666666666666667
0,0.0,0.0,0.01875,0.0,0.0796875,-0.0020833333333333333,0.1046875,0.0020833333333333333,0.121875,0.00625,0.1765625,0.04375,0.18125,0.06041666666666667,0.190625,0.07916666666666666,0.20625,0.15208333333333332,0.2046875,0.18333333333333332,0.196875,0.2125,0.15,0.30625,0.1328125,0.32708333333333334,0.1171875,0.3416666666666667,0.03125,0.35208333333333336,0.0046875,0.36041666666666666
0,0.0,0.0,-0.071875,-0.06458333333333334,-0.075,-0.0875,-0.5046875,-0.6791666666666667,-0.0609375,-0.20416666666666666,-0.0546875,-0.22916666666666666,-0.0140625,-0.3,0.0,-0.3104166666666667,0.0515625,-0.3416666666666667,0.0640625,-0.34375,0.078125,-0.3458333333333333,0.146875,-0.32916666666666666,0.1625,-0.32083333333333336,0.2234375,-0.27291666666666664,0.2328125,-0.25625,0.2390625,-0.2375
0,0.0,0.0,0.06875,0.016666666666666666,0.084375,0.025,0.1453125,0.07291666666666667,0.1546875,0.08958333333333333,0.1609375,0.10833333333333334,0.1875,0.19791666666666666,0.1671875,0.3,0.15,0.33541666666666664,0.0375,0.39375,0.028125,0.4041666666666667,-0.5828125,-0.3333333333333333,-0.1125,0.42083333333333334,-0.5828125,-0.3333333333333333,-0.5828125,-0.3333333333333333,-0.5828125,-0.3333333333333333
0,0.0,0.0,-0.009375,0.010416666666666666,-0.6203125,-0.7270833333333333,-0.15,0.027083333333333334,-0.6203125,-0.7270833333333333,-0.6203125,-0.7270833333333333,-0.6203125,-0.7270833333333333,-0.6203125,-0.7270833333333333,-0.6203125,-0.7270833333333333,-0.6203125,-0.7270833333333333,-0.6203125,-0.7270833333333333,-0.6203125,-0.7270833333333333,-0.1265625,-0.36666666666666664,-0.0640625,-0.3958333333333333,-0.046875,-0.39791666666666664,-0.0359375,-0.4
0,0.0,0.0,0.0,0.0,0.0,0.0,0.0,0.0,0.0,0.0,0.49375,0.36041666666666666,0.55625,0.33125,0.5734375,0.32916666666666666,0.584375,0.32708333333333334,0.5953125,0.325,0.6625,0.35208333333333336,0.6703125,0.3625,0.6828125,0.375,0.7203125,0.4270833333333333,0.728125,0.4395833333333333,0.7375,0.45
0,0.0,0.0,0.0109375,-0.0020833333333333333,0.078125,0.025,0.0859375,0.035416666666666666,0.0984375,0.04791666666666667,0.1359375,0.1,0.14375,0.1125,0.153125,0.12291666666666666,0.1703125,0.18333333333333332,0.175,0.19791666666666666,0.178125,0.21875,0.1609375,0.2875,0.15625,0.3125,0.15,0.33125,0.103125,0.39375,0.0890625,0.4083333333333333
0,0.0,0.0,0.0046875,0.014583333333333334,0.0078125,0.035416666666666666,-0.009375,0.10416666666666667,-0.0140625,0.12916666666666668,-0.0203125,0.14791666666666667,-0.0671875,0.21041666666666667,-0.08125,0.225,-0.1,0.23541666666666666,-0.19375,0.24791666666666667,-0.2234375,0.24166666666666667,-0.2515625,0.2375,-0.3171875,0.21666666666666667,-0.3328125,0.20208333333333334,-0.35,0.18541666666666667,-0.3578125,0.11875
0,0.0,0.0,-0.0140625,0.014583333333333334,-0.0328125,0.025,-0.1265625,0.0375,-0.15625,0.03125,-0.184375,0.027083333333333334,-0.25,0.00625,-0.265625,-0.008333333333333333,-0.2828125,-0.025,-0.290625,-0.09166666666666666,-0.2953125,-0.13333333333333333,-0.29375,-0.15625,-0.2921875,-0.175,-0.2765625,-0.23333333333333334,-0.2765625,-0.2520833333333333,-0.25,-0.32083333333333336
0,0.0,0.0,-0.015625,-0.014583333333333334,-0.0328125,-0.03125,-0.040625,-0.09791666666666667,-0.0453125,-0.13958333333333334,-0.04375,-0.1625,-0.0421875,-0.18125,-0.0265625,-0.23958333333333334,-0.0265625,-0.25833333333333336,0.0,-0.32708333333333334,0.0078125,-0.3416666666666667,0.015625,-0.35625,0.0234375,-0.36875,0.0609375,-0.4,0.075,-0.40625,0.125,-0.42083333333333334
0,0.0,0.0,0.0,-0.01875,0.0265625,-0.0875,0.034375,-0.10208333333333333,0.0421875,-0.11666666666666667,0.05,-0.12916666666666668,0.0875,-0.16041666666666668,0.1015625,-0.16666666666666666,0.1515625,-0.18125,0.1625,-0.18333333333333332,0.1703125,-0.18125,0.1796875,-0.18125,0.2375,-0.175,0.2484375,-0.17291666666666666,0.2609375,-0.17291666666666666,0.3,-0.13958333333333334
0,0.0,0.0,0.0375,-0.03125,0.0515625,-0.0375,0.1015625,-0.052083333333333336,0.1125,-0.05416666666666667,0.1203125,-0.052083333333333336,0.1296875,-0.052083333333333336,0.1875,-0.04583333333333333,0.1984375,-0.04375,0.2109375,-0.04375,0.25,-0.010416666666666666,0.2578125,0.0020833333333333333,0.2671875,0.010416666666666666,0.275,0.025,0.3015625,0.07291666666666667,0.30625,0.08333333333333333
0,0.0,0.0,0.009375,0.0,0.0671875,0.00625,0.078125,0.008333333333333333,0.090625,0.008333333333333333,0.1296875,0.041666666666666664,0.1375,0.05416666666666667,0.146875,0.0625,0.1546875,0.07708333333333334,0.18125,0.125,0.1859375,0.13541666666666666,0.2078125,0.20208333333333334,0.2109375,0.22291666666666668,0.215625,0.23958333333333334,0.19375,0.3125,0.1859375,0.3375
0,0.0,0.0,-0.03125,-0.04583333333333333,-0.0375,-0.07083333333333333,-0.0484375,-0.12708333333333333,-0.4734375,-0.75,-0.4734375,-0.75,-0.0328125,-0.19791666666666666,-0.0140625,-0.275,0.0078125,-0.3333333333333333,0.021875,-0.35625,0.0421875,-0.3770833333333333,0.059375,-0.3854166666666667,0.1109375,-0.40208333333333335,0.11875,-0.4041666666666667,0.178125,-0.39166666666666666,0.190625,-0.38958333333333334
0,0.0,0.0,-0.009375,0.03125,-0.05,0.1,-0.0703125,0.11458333333333333,-0.1171875,0.1375,-0.15,0.13333333333333333,-0.1625,0.125,-0.2328125,0.08333333333333333,-0.2015625,0.029166666666666667,-0.278125,-0.027083333333333334,-0.2734375,-0.07708333333333334,-0.2734375,-0.09791666666666667,-0.2546875,-0.15208333333333332,-0.209375,-0.21458333333333332,-0.1984375,-0.21458333333333332,-0.1875,-0.22291666666666668
0,0.0,0.0,-0.0859375,0.08541666666666667,-0.725,-0.7583333333333333,-0.725,-0.7583333333333333,-0.725,-0.7583333333333333,-0.15625,0.15416666666666667,-0.1625,0.01875,-0.725,-0.7583333333333333,-0.725,-0.7583333333333333,-0.725,-0.7583333333333333,-0.725,-0.7583333333333333,-0.134375,-0.09375,-0.1609375,-0.2604166666666667,-0.121875,-0.33958333333333335,-0.109375,-0.3416666666666667,-0.096875,-0.33958333333333335
0,0.0,0.0,0.0171875,0.0875,0.0203125,0.10833333333333334,0.01875,0.1375,-0.0234375,0.20416666666666666,-0.0390625,0.22083333333333333,-0.1390625,0.24166666666666667,-0.15625,0.23125,-0.2171875,0.17291666666666666,-0.2453125,0.14166666666666666,-0.775,-0.5208333333333334,-0.259375,0.022916666666666665,-0.2359375,-0.0625,-0.221875,-0.075,-0.2109375,-0.08958333333333333,-0.1578125,-0.1125
0,0.0,0.0,0.009375,0.010416666666666666,0.053125,0.08125,0.0640625,0.1125,0.075,0.13333333333333333,0.0828125,0.25,0.071875,0.2875,-0.003125,0.38333333333333336,-0.028125,0.39375,-0.7296875,-0.44166666666666665,-0.1671875,0.32083333333333336,-0.1609375,0.30833333333333335,-0.7296875,-0.44166666666666665,-0.146875,0.18541666666666667,-0.1296875,0.23333333333333334,-0.121875,0.041666666666666664
0,0.0,0.0,0.0015625,0.0,-0.0015625,-0.00625,-0.0015625,-0.00625,-0.0015625,-0.0020833333333333333,0.0,0.0,0.0,0.0020833333333333333,-0.00625,0.004166666666666667,-0.0078125,-0.0020833333333333333,-0.0078125,-0.004166666666666667,0.025,-0.025,0.0375,-0.03125,0.0546875,-0.035416666666666666,0.08125,-0.03333333333333333,0.1703125,-0.00625,0.18125,0.0020833333333333333
0,0.0,0.0,-0.0390625,0.022916666666666665,-0.0671875,0.0375,-0.09375,0.052083333333333336,-0.559375,-0.69375,-0.559375,-0.69375,-0.175,0.0875,-0.1640625,-0.0375,-0.559375,-0.69375,-0.559375,-0.69375,-0.559375,-0.69375,-0.0828125,-0.21041666666666667,-0.0765625,-0.27291666666666664,-0.028125,-0.3145833333333333,-0.021875,-0.3145833333333333,-0.0171875,-0.31666666666666665
0,0.0,0.0,0.0,0.0,0.0,0.0,0.0,0.0,0.0,0.0,0.0,0.0,0.3984375,0.44375,0.4109375,0.3958333333333333,0.4578125,0.3458333333333333,0.45625,0.32916666666666666,0.490625,0.31666666666666665,0.4984375,0.3145833333333333,0.50625,0.3145833333333333,0.5125,0.3125,0.5421875,0.3145833333333333,0.546875,0.31875
0,0.0,0.0,-0.025,-0.08125,-0.0265625,-0.11041666666666666,-0.028125,-0.12916666666666668,-0.0125,-0.19375,-0.003125,-0.21875,0.0,-0.23125,0.040625,-0.25625,0.046875,-0.25625,0.0609375,-0.25833333333333336,0.115625,-0.26458333333333334,0.1265625,-0.2604166666666667,0.1640625,-0.26458333333333334,0.1734375,-0.2625,0.18125,-0.2604166666666667,0.196875,-0.2604166666666667
0,0.0,0.0,-0.003125,-0.022916666666666665,0.0109375,-0.09375,0.01875,-0.1125,0.0609375,-0.1625,0.0671875,-0.17291666666666666,0.078125,-0.175,0.1296875,-0.19166666666666668,0.1421875,-0.19375,0.15625,-0.19375,0.2,-0.18958333333333333,0.209375,-0.18958333333333333,0.215625,-0.1875,0.24375,-0.17708333333333334,0.246875,-0.17291666666666666,0.2640625,-0.1625
0,0.0,0.0,-0.0140625,0.0,-0.0921875,0.0,-0.109375,-0.00625,-0.1765625,-0.05625,-0.1859375,-0.07291666666666667,-0.1921875,-0.09375,-0.2015625,-0.15833333333333333,-0.2,-0.18541666666666667,-0.196875,-0.20833333333333334,-0.1515625,-0.26666666666666666,-0.140625,-0.2875,-0.128125,-0.3,-0.05625,-0.31666666666666665,-0.0421875,-0.31666666666666665,-0.0453125,-0.31666666666666665
0,0.0,0.0,-0.0140625,0.052083333333333336,-0.0625,0.1125,-0.084375,0.12916666666666668,-0.1078125,0.13541666666666666,-0.19375,0.12291666666666666,-0.209375,0.11875,-0.240625,0.09166666666666666,-0.2578125,0.04583333333333333,-0.2609375,0.025,-0.2609375,0.008333333333333333,-0.24375,-0.05,-0.2390625,-0.06458333333333334,-0.2171875,-0.09166666666666666,-0.18125,-0.10625,-0.171875,-0.11041666666666666
0,0.0,0.0,-0.0296875,0.00625,-0.1296875,0.0,-0.140625,-0.004166666666666667,-0.1671875,-0.03333333333333333,-0.5984375,-0.6083333333333333,-0.5984375,-0.6083333333333333,-0.1578125,-0.20625,-0.1453125,-0.22291666666666668,-0.13125,-0.23541666666666666,-0.071875,-0.25833333333333336,-0.05625,-0.25625,-0.0078125,-0.25833333333333336,0.0,-0.25833333333333336,0.015625,-0.2520833333333333,0.05,-0.24166666666666667
0,0.0,0.0,0.41875,0.48333333333333334,0.4421875,0.4083333333333333,0.45,0.38333333333333336,0.4625,0.3645833333333333,0.5109375,0.32708333333333334,0.53125,0.33125,0.5921875,0.3229166666666667,0.61875,0.32708333333333334,0.6328125,0.3333333333333333,0.6578125,0.35625,0.6578125,0.36666666666666664,0.6578125,0.3729166666666667,0.653125,0.38125,0.6515625,0.38125,0.65,0.38125
0,0.0,0.0,-0.6,-0.6208333333333333,-0.13125,0.05625,-0.6,-0.6208333333333333,-0.6,-0.6208333333333333,-0.6,-0.6208333333333333,-0.6,-0.6208333333333333,-0.6,-0.6208333333333333,-0.0390625,-0.28541666666666665,-0.0421875,-0.3020833333333333,0.009375,-0.29583333333333334,0.01875,-0.28958333333333336,0.0390625,-0.2791666666666667,0.0421875,-0.27708333333333335,0.0421875,-0.27708333333333335,0.0421875,-0.27291666666666664
0,0.0,0.0,-0.021875,0.01875,-0.128125,0.0125,-0.165625,0.0125,-0.6140625,-0.65625,-0.6140625,-0.65625,-0.6140625,-0.65625,-0.6140625,-0.65625,-0.6140625,-0.65625,-0.1609375,-0.2708333333333333,-0.1421875,-0.27708333333333335,-0.1265625,-0.2875,-0.1125,-0.29375,-0.071875,-0.3,-0.0609375,-0.3,-0.0296875,-0.2875
0,0.0,0.0,-0.015625,0.020833333333333332,-0.115625,0.08541666666666667,-0.1578125,0.09791666666666667,-0.2390625,0.05625,-0.253125,0.00625,-0.6640625,-0.58125,-0.2484375,-0.0625,-0.2203125,-0.15416666666666667,-0.2109375,-0.17291666666666666,-0.1734375,-0.21041666666666667,-0.1609375,-0.21666666666666667,-0.146875,-0.22083333333333333,-0.1140625,-0.225,-0.103125,-0.225,-0.071875,-0.22291666666666668
0,0.0,0.0,-0.0109375,0.008333333333333333,-0.0953125,0.05625,-0.1171875,0.06666666666666667,-0.13125,0.06875,-0.203125,0.0625,-0.228125,0.04583333333333333,-0.240625,0.03125,-0.2578125,0.014583333333333334,-0.28125,-0.058333333333333334,-0.2796875,-0.0875,-0.2296875,-0.15208333333333332,-0.2171875,-0.18333333333333332,-0.1984375,-0.18958333333333333,-0.1890625,-0.21041666666666667,-0.1359375,-0.23333333333333334
0,0.0,0.0,-0.0015625,0.01875,-0.0234375,0.0875,-0.0390625,0.10625,-0.0546875,0.12708333333333333,-0.1515625,0.19166666666666668,-0.178125,0.2,-0.2,0.18958333333333333,-0.26875,0.1375,-0.2890625,0.075,-0.3015625,0.008333333333333333,-0.3046875,-0.06041666666666667,-0.296875,-0.08958333333333333,-0.2578125,-0.15416666666666667,-0.2390625,-0.16458333333333333,-0.225,-0.16875
0,0.0,0.0,-0.0328125,0.01875,-0.046875,0.029166666666666667,-0.0625,0.03958333333333333,-0.1234375,0.05625,-0.1390625,0.07083333333333333,-0.1890625,0.027083333333333334,-0.20625,0.008333333333333333,-0.2171875,-0.0125,-0.2265625,-0.03958333333333333,-0.2390625,-0.10833333333333334,-0.234375,-0.14375,-0.228125,-0.16041666666666668,-0.2203125,-0.17708333333333334,-0.184375,-0.20833333333333334,-0.1671875,-0.20833333333333334
0,0.0,0.0,-0.0578125,0.058333333333333334,-0.0953125,0.04791666666666667,-0.1421875,0.03333333333333333,-0.1609375,0.022916666666666665,-0.175,0.0125,-0.2375,-0.058333333333333334,-0.2421875,-0.09583333333333334,-0.234375,-0.14791666666666667,-0.228125,-0.16875,-0.21875,-0.18333333333333332,-0.1640625,-0.22916666666666666,-0.153125,-0.23333333333333334,-0.10625,-0.23541666666666666,-0.0984375,-0.23333333333333334,-0.0859375,-0.23541666666666666
0,0.0,0.0,-0.0625,0.010416666666666666,-0.0859375,0.0125,-0.1046875,0.004166666666666667,-0.1375,0.027083333333333334,-0.2171875,-0.05625,-0.2359375,-0.0625,-0.278125,-0.13333333333333333,-0.278125,-0.17916666666666667,-0.275,-0.20208333333333334,-0.2671875,-0.22708333333333333,-0.225,-0.29375,-0.20625,-0.30416666666666664,-0.1484375,-0.31875,-0.1359375,-0.3229166666666667,-0.1265625,-0.3229166666666667
0,0.0,0.0,0.0046875,0.014583333333333334,0.0296875,0.10208333333333333,0.0265625,0.13333333333333333,0.025,0.15625,-0.0171875,0.20625,-0.03125,0.2125,-0.05,0.22291666666666668,-0.10625,0.17708333333333334,-0.1265625,0.16041666666666668,-0.1671875,0.075,-0.16875,0.04791666666666667,-0.1671875,0.03125,-0.146875,-0.0125,-0.1359375,-0.025,-0.128125,-0.03125
0,0.0,0.0,0.015625,0.022916666666666665,0.04375,0.10416666666666667,0.0421875,0.13125,0.0375,0.15625,0.00625,0.22916666666666666,-0.00625,0.25416666666666665,-0.096875,0.2791666666666667,-0.121875,0.2833333333333333,-0.1375,0.27291666666666664,-0.2203125,0.2125,-0.23125,0.18958333333333333,-0.2546875,0.11458333333333333,-0.25625,0.05416666666666667,-0.253125,0.029166666666666667,-0.209375,-0.01875
0,0.0,0.0,0.0234375,0.10625,0.01875,0.13958333333333334,0.0078125,0.17083333333333334,-0.0703125,0.26666666666666666,-0.10625,0.26875,-0.203125,0.2520833333333333,-0.228125,0.23333333333333334,-0.246875,0.20416666666666666,-0.2953125,0.12708333333333333,-0.30625,0.05416666666666667,-0.309375,0.004166666666666667,-0.61875,-0.37083333333333335,-0.61875,-0.37083333333333335,-0.61875,-0.37083333333333335,-0.1625,-0.06458333333333334
0,0.0,0.0,0.0046875,0.11041666666666666,-0.003125,0.1375,-0.0203125,0.1625,-0.1046875,0.17708333333333334,-0.134375,0.17083333333333334,-0.215625,0.10416666666666667,-0.2375,0.0875,-0.253125,0.06666666666666667,-0.2703125,0.00625,-0.25625,-0.027083333333333334,-0.240625,-0.03958333333333333,-0.1625,-0.07291666666666667,-0.1453125,-0.07916666666666666,-0.09375,-0.09166666666666666,-0.0828125,-0.09375
0,0.0,0.0,-0.0765625,0.03958333333333333,-0.0953125,0.041666666666666664,-0.159375,-0.0020833333333333333,-0.1765625,-0.022916666666666665,-0.19375,-0.05416666666666667,-0.2171875,-0.1,-0.2390625,-0.16041666666666668,-0.246875,-0.2375,-0.19375,-0.18541666666666667,-0.2,-0.28541666666666665,-0.18125,-0.3125,-0.0953125,-0.3541666666666667,-0.0765625,-0.36041666666666666,-0.040625,-0.35208333333333336,-0.0359375,-0.35208333333333336
0,0.0,0.0,0.0078125,0.016666666666666666,0.0140625,0.09166666666666666,0.0078125,0.11875,-0.06875,0.19375,-0.0890625,0.21041666666666667,-0.1078125,0.21875,-0.1890625,0.20416666666666666,-0.20625,0.2,-0.221875,0.18541666666666667,-0.1890625,0.12708333333333333,-0.23125,0.08958333333333333,-0.2265625,0.06458333333333334,-0.190625,-0.01875,-0.18125,-0.025,-0.1734375,-0.03125
0,0.0,0.0,0.034375,0.06041666666666667,0.0375,0.08125,-0.003125,0.15,-0.01875,0.16875,-0.1125,0.21041666666666667,-0.1484375,0.21666666666666667,-0.234375,0.19791666666666666,-0.2421875,0.18125,-0.75625,-0.34375,-0.259375,0.09166666666666666,-0.2546875,0.06458333333333334,-0.196875,-0.0125,-0.1859375,-0.020833333333333332,-0.121875,-0.041666666666666664,-0.109375,-0.04583333333333333
0,0.0,0.0,0.0015625,0.0020833333333333333,0.00625,0.00625,0.00625,0.008333333333333333,0.03125,0.025,0.0421875,0.0375,0.0546875,0.04583333333333333,0.090625,0.11458333333333333,0.1015625,0.13958333333333334,0.0953125,0.2375,0.0734375,0.2708333333333333,-0.0359375,0.3333333333333333,-0.11875,0.28958333333333336,-0.1546875,0.27291666666666664,-0.16875,0.24583333333333332,-0.6953125,-0.3020833333333333
0,0.0,0.0,0.0125,0.08958333333333333,0.0,0.12708333333333333,-0.0796875,0.17708333333333334,-0.1140625,0.18541666666666667,-0.14375,0.17708333333333334,-0.20625,0.14583333333333334,-0.2546875,0.0875,-0.2625,0.025,-0.284375,-0.016666666666666666,-0.284375,-0.041666666666666664,-0.240625,-0.10208333333333333,-0.228125,-0.11041666666666666,-0.178125,-0.12083333333333333,-0.1640625,-0.125,-0.1203125,-0.125
0,0.0,0.0,-0.003125,0.025,-0.0453125,0.08541666666666667,-0.0609375,0.11041666666666666,-0.15,0.1375,-0.1984375,0.12916666666666668,-0.209375,0.13125,-0.2625,0.08958333333333333,-0.271875,0.06458333333333334,-0.278125,0.04583333333333333,-0.24375,-0.03333333333333333,-0.2390625,-0.06041666666666667,-0.225,-0.07291666666666667,-0.1796875,-0.10416666666666667,-0.16875,-0.11041666666666666,-0.159375,-0.1125
0,0.0,0.0,-0.103125,0.0625,-0.125,0.0625,-0.15,0.06875,-0.21875,0.05625,-0.23125,0.03958333333333333,-0.2453125,0.025,-0.709375,-0.48125,-0.709375,-0.48125,-0.225,-0.13333333333333333,-0.2140625,-0.14166666666666666,-0.2109375,-0.15,-0.190625,-0.16458333333333333,-0.1265625,-0.18333333333333332,-0.1046875,-0.18125,-0.0625,-0.17708333333333334
0,0.0,0.0,-0.0359375,0.05625,-0.1140625,0.0875,-0.1328125,0.0875,-0.1734375,0.08125,-0.2046875,0.05,-0.209375,0.020833333333333332,-0.215625,-0.004166666666666667,-0.1953125,-0.06458333333333334,-0.1859375,-0.09791666666666667,-0.16875,-0.12708333333333333,-0.1359375,-0.14583333333333334,-0.125,-0.14166666666666666,-0.109375,-0.14791666666666667,-0.0546875,-0.13958333333333334,-0.0453125,-0.1375
0,0.0,0.0,-0.0046875,0.0375,-0.0671875,0.11041666666666666,-0.0828125,0.12291666666666666,-0.159375,0.1125,-0.1703125,0.09791666666666667,-0.1875,0.08333333333333333,-0.215625,0.01875,-0.215625,-0.004166666666666667,-0.2203125,-0.03333333333333333,-0.1984375,-0.09166666666666666,-0.18125,-0.11666666666666667,-0.1359375,-0.15625,-0.1265625,-0.15625,-0.078125,-0.1625,-0.06875,-0.16458333333333333
0,0.0,0.0,-0.046875,0.1,-0.071875,0.11875,-0.103125,0.14166666666666666,-0.18125,0.13125,-0.196875,0.12083333333333333,-0.215625,0.10416666666666667,-0.265625,0.020833333333333332,-0.2703125,-0.004166666666666667,-0.2640625,-0.03125,-0.23125,-0.09166666666666666,-0.2109375,-0.12083333333333333,-0.1984375,-0.13541666666666666,-0.184375,-0.14791666666666667,-0.1359375,-0.16875,-0.1265625,-0.17291666666666666
0,0.0,0.0,-0.015625,0.025,-0.11875,0.06458333333333334,-0.1359375,0.07916666666666666,-0.2109375,0.03125,-0.234375,0.0125,-0.246875,-0.00625,-0.2640625,-0.06666666666666667,-0.2171875,-0.13333333333333333,-0.20625,-0.18333333333333332,-0.19375,-0.2,-0.1453125,-0.22916666666666666,-0.1046875,-0.23958333333333334,-0.09375,-0.24791666666666667,-0.078125,-0.24583333333333332,-0.0328125,-0.24583333333333332
0,0.0,0.0,-0.0765625,0.03333333333333333,-0.0984375,0.06041666666666667,-0.1140625,0.041666666666666664,-0.2171875,-0.04375,-0.2328125,-0.06666666666666667,-0.2484375,-0.12708333333333333,-0.246875,-0.16041666666666668,-0.2375,-0.18125,-0.2328125,-0.20625,-0.175,-0.27291666666666664,-0.1421875,-0.29583333333333334,-0.08125,-0.30625,-0.0671875,-0.30833333333333335,-0.0484375,-0.30416666666666664,0.0171875,-0.2791666666666667
0,0.0,0.0,-0.0375,0.03125,-0.5921875,-0.6520833333333333,-0.5921875,-0.6520833333333333,-0.2078125,-0.01875,-0.2265625,-0.07708333333333334,-0.228125,-0.1125,-0.1703125,-0.175,-0.165625,-0.24791666666666667,-0.15625,-0.30625,-0.1390625,-0.32708333333333334,-0.0796875,-0.38125,-0.059375,-0.39375,-0.0078125,-0.40625,0.0,-0.4083333333333333,0.0109375,-0.4041666666666667
0,0.0,0.0,-0.01875,0.0875,-0.03125,0.11041666666666666,-0.0859375,0.14791666666666667,-0.121875,0.19583333333333333,-0.209375,0.1875,-0.225,0.18541666666666667,-0.2890625,0.11041666666666666,-0.3015625,0.09375,-0.3046875,0.0625,-0.2921875,0.004166666666666667,-0.2671875,-0.075,-0.2546875,-0.12916666666666668,-0.2328125,-0.14375,-0.178125,-0.16875,-0.165625,-0.16875
0,0.0,0.0,-0.00625,0.025,-0.0515625,0.11041666666666666,-0.075,0.1375,-0.1671875,0.16875,-0.190625,0.17291666666666666,-0.2546875,0.09791666666666667,-0.271875,0.07083333333333333,-0.2890625,0.04583333333333333,-0.309375,-0.022916666666666665,-0.3171875,-0.09166666666666666,-0.290625,-0.15,-0.2765625,-0.20208333333333334,-0.2640625,-0.22083333333333333,-0.2046875,-0.25416666666666665,-0.1875,-0.25416666666666665
0,0.0,0.0,-0.0484375,0.07291666666666667,-0.0671875,0.0875,-0.0875,0.1,-0.171875,0.14583333333333334,-0.1890625,0.12708333333333333,-0.2609375,0.06666666666666667,-0.2765625,0.058333333333333334,-0.3078125,-0.010416666666666666,-0.3140625,-0.06666666666666667,-0.2859375,-0.12083333333333333,-0.271875,-0.175,-0.2578125,-0.19166666666666668,-0.1953125,-0.23541666666666666,-0.18125,-0.24166666666666667,-0.1640625,-0.24583333333333332
0,0.0,0.0,0.0,0.014583333333333334,0.00625,0.09166666666666666,0.0078125,0.12708333333333333,-0.0015625,0.2375,-0.00625,0.2791666666666667,-0.0109375,0.30416666666666664,-0.0578125,0.35833333333333334,-0.078125,0.36875,-0.09375,0.375,-0.175,0.3375,-0.1921875,0.325,-0.20625,0.30416666666666664,-0.2640625,0.22291666666666668,-0.278125,0.16458333333333333,-0.2734375,0.10625
0,0.0,0.0,-0.0015625,0.029166666666666667,-0.0140625,0.1125,-0.028125,0.1375,-0.0390625,0.1625,-0.121875,0.22083333333333333,-0.14375,0.225,-0.16875,0.22916666666666666,-0.2734375,0.18541666666666667,-0.2921875,0.16458333333333333,-0.3125,0.14166666666666666,-0.321875,0.07083333333333333,-0.321875,-0.0020833333333333333,-0.31875,-0.01875,-0.30625,-0.05416666666666667,-0.2078125,-0.08125
0,0.0,0.0,-0.040625,-0.04375,-0.05,-0.06666666666666667,-0.059375,-0.13333333333333333,-0.0515625,-0.17083333333333334,-0.0453125,-0.18333333333333332,-0.0390625,-0.19583333333333333,-0.00625,-0.225,0.00625,-0.22708333333333333,0.0234375,-0.22708333333333333,0.0375,-0.225,0.0875,-0.21666666666666667,0.1109375,-0.20833333333333334,0.1203125,-0.20625,0.128125,-0.20416666666666666,0.1625,-0.17708333333333334
0,0.0,0.0,-0.034375,0.05,-0.053125,0.06875,-0.071875,0.07291666666666667,-0.1609375,0.07083333333333333,-0.18125,0.06875,-0.196875,0.06458333333333334,-0.2515625,0.010416666666666666,-0.25625,-0.0125,-0.2578125,-0.0375,-0.24375,-0.11666666666666667,-0.228125,-0.14583333333333334,-0.2171875,-0.17083333333333334,-0.159375,-0.21458333333333332,-0.146875,-0.21666666666666667,-0.1328125,-0.22083333333333333
0,0.0,0.0,-0.00625,0.027083333333333334,-0.0078125,0.05,-0.0265625,0.11666666666666667,-0.0328125,0.13958333333333334,-0.0484375,0.15,-0.1078125,0.16875,-0.134375,0.16458333333333333,-0.15625,0.18541666666666667,-0.2078125,0.08958333333333333,-0.2109375,0.035416666666666666,-0.2328125,-0.03333333333333333,-0.2390625,-0.10416666666666667,-0.2359375,-0.14166666666666666,-0.228125,-0.16666666666666666,-0.184375,-0.22083333333333333
0,0.0,0.0,0.0171875,0.0125,0.03125,0.03333333333333333,0.059375,0.10625,0.0578125,0.13333333333333333,-0.0078125,0.20208333333333334,-0.0375,0.22708333333333333,-0.0609375,0.24166666666666667,-0.159375,0.2520833333333333,-0.1765625,0.25,-0.2046875,0.25,-0.2515625,0.22083333333333333,-0.25625,0.19791666666666666,-0.2546875,0.17291666666666666,-0.196875,0.18541666666666667,-0.2046875,0.07916666666666666
0,0.0,0.0,-0.0359375,0.09375,-0.0578125,0.125,-0.05625,0.125,-0.175,0.1625,-0.21875,0.14583333333333334,-0.240625,0.14375,-0.3,0.09583333333333334,-0.296875,0.09375,-0.2765625,0.01875,-0.2921875,-0.027083333333333334,-0.28125,-0.04791666666666667,-0.24375,-0.10416666666666667,-0.2421875,-0.10833333333333334,-0.234375,-0.11458333333333333,-0.190625,-0.15208333333333332
0,0.0,0.0,0.0015625,0.004166666666666667,-0.075,0.052083333333333336,-0.0953125,0.06666666666666667,-0.1421875,0.07291666666666667,-0.165625,0.06875,-0.221875,0.03333333333333333,-0.2296875,0.025,-0.246875,-0.0375,-0.25,-0.06875,-0.2421875,-0.10833333333333334,-0.2390625,-0.12708333333333333,-0.215625,-0.17916666666666667,-0.1796875,-0.21666666666666667,-0.1640625,-0.22708333333333333,-0.1484375,-0.23333333333333334
0,0.0,0.0,-0.0171875,0.03125,-0.0375,0.04791666666666667,-0.134375,0.08333333333333333,-0.1578125,0.08125,-0.1828125,0.08125,-0.271875,0.04583333333333333,-0.278125,0.03125,-0.7890625,-0.5375,-0.290625,-0.07708333333333334,-0.2890625,-0.1,-0.2484375,-0.16666666666666666,-0.2359375,-0.18333333333333332,-0.221875,-0.1875,-0.1671875,-0.21458333333333332,-0.1515625,-0.21666666666666667
0,0.0,0.0,-0.0265625,0.025,-0.0515625,0.035416666666666666,-0.134375,0.004166666666666667,-0.153125,0.0020833333333333333,-0.1671875,-0.022916666666666665,-0.146875,-0.09583333333333334,-0.1984375,-0.12916666666666668,-0.1890625,-0.21041666666666667,-0.1875,-0.2375,-0.178125,-0.2520833333333333,-0.171875,-0.26875,-0.1265625,-0.30416666666666664,-0.1203125,-0.3145833333333333,-0.1109375,-0.31875,-0.0578125,-0.325
0,0.0,0.0,-0.0046875,0.029166666666666667,-0.0890625,0.1,-0.1140625,0.10833333333333334,-0.1390625,0.10833333333333334,-0.21875,0.058333333333333334,-0.246875,0.06458333333333334,-0.7859375,-0.4666666666666667,-0.296875,-0.03333333333333333,-0.271875,-0.10833333333333334,-0.259375,-0.12916666666666668,-0.2109375,-0.18333333333333332,-0.2,-0.1875,-0.184375,-0.19583333333333333,-0.134375,-0.20625,-0.1265625,-0.20833333333333334
0,0.0,0.0,-0.0109375,0.025,-0.0640625,0.0625,-0.078125,0.0625,-0.09375,0.058333333333333334,-0.1578125,0.020833333333333332,-0.171875,0.010416666666666666,-0.2109375,-0.04583333333333333,-0.209375,-0.075,-0.20625,-0.12708333333333333,-0.209375,-0.14791666666666667,-0.20625,-0.1625,-0.1828125,-0.21666666666666667,-0.1734375,-0.23125,-0.1609375,-0.2375,-0.121875,-0.25833333333333336
0,0.0,0.0,0.015625,0.06875,-0.0171875,0.15625,-0.0375,0.18333333333333332,-0.0578125,0.20416666666666666,-0.1515625,0.2375,-0.23125,0.20416666666666666,-0.24375,0.19791666666666666,-0.2546875,0.17916666666666667,-0.2421875,0.11041666666666666,-0.2765625,0.08333333333333333,-0.2703125,0.0625,-0.2328125,0.0,-0.2265625,-0.01875,-0.1859375,-0.04791666666666667,-0.1640625,-0.05625
0,0.0,0.0,0.0078125,0.010416666666666666,0.0265625,0.05416666666666667,0.034375,0.07291666666666667,0.0359375,0.11666666666666667,-0.0140625,0.19791666666666666,-0.084375,0.25,-0.1125,0.2625,-0.1359375,0.26875,-0.196875,0.21458333333333332,-0.2203125,0.1875,-0.234375,0.13541666666666666,-0.2296875,0.05625,-0.2125,0.029166666666666667,-0.20625,0.014583333333333334,-0.2015625,0.004166666666666667
0,0.0,0.0,-0.015625,0.016666666666666666,-0.05,0.029166666666666667,-0.1078125,0.0125,-0.128125,0.00625,-0.178125,-0.05,-0.190625,-0.075,-0.19375,-0.08958333333333333,-0.209375,-0.15416666666666667,-0.20625,-0.175,-0.2015625,-0.18958333333333333,-0.1734375,-0.24166666666666667,-0.1640625,-0.25416666666666665,-0.153125,-0.2604166666666667,-0.1125,-0.2791666666666667,-0.1046875,-0.28125
0,0.0,0.0,-0.003125,0.025,-0.00625,0.052083333333333336,-0.0125,0.07708333333333334,-0.040625,0.18333333333333332,-0.065625,0.2125,-0.153125,0.23541666666666666,-0.16875,0.20416666666666666,-0.1828125,0.19375,-0.1984375,0.17916666666666667,-0.2359375,0.10625,-0.2359375,0.06875,-0.21875,-0.0020833333333333333,-0.2046875,-0.035416666666666666,-0.1859375,-0.04583333333333333,-0.115625,-0.075
0,0.0,0.0,-0.0109375,0.016666666666666666,-0.090625,0.04791666666666667,-0.115625,0.09375,-0.1828125,0.05,-0.190625,0.03958333333333333,-0.2359375,-0.020833333333333332,-0.240625,-0.04791666666666667,-0.24375,-0.06875,-0.23125,-0.14166666666666666,-0.228125,-0.16875,-0.2203125,-0.19166666666666668,-0.178125,-0.22916666666666666,-0.165625,-0.23333333333333334,-0.16875,-0.22916666666666666,-0.1515625,-0.23333333333333334
0,0.0,0.0,-0.009375,0.010416666666666666,-0.053125,0.0375,-0.0734375,0.041666666666666664,-0.159375,0.04791666666666667,-0.1765625,0.03958333333333333,-0.203125,0.025,-0.2421875,-0.014583333333333334,-0.2453125,-0.027083333333333334,-0.2515625,-0.05416666666666667,-0.2203125,-0.11041666666666666,-0.2140625,-0.175,-0.2046875,-0.2,-0.1625,-0.225,-0.15,-0.23333333333333334,-0.1375,-0.23333333333333334
0,0.0,0.0,-0.003125,0.01875,-0.0046875,0.04375,-0.046875,0.11875,-0.0703125,0.1375,-0.1234375,0.15,-0.1375,0.15,-0.146875,0.1375,-0.16875,0.10833333333333334,-0.2171875,0.016666666666666666,-0.2234375,-0.020833333333333332,-0.225,-0.09583333333333334,-0.2171875,-0.12708333333333333,-0.2109375,-0.14375,-0.19375,-0.15208333333333332,-0.1171875,-0.19166666666666668
0,0.0,0.0,-0.0109375,0.0625,-0.028125,0.1,-0.03125,0.1,-0.071875,0.1625,-0.096875,0.19375,-0.1828125,0.21041666666666667,-0.2015625,0.21041666666666667,-0.23125,0.16875,-0.2734375,0.09791666666666667,-0.278125,0.06041666666666667,-0.284375,0.035416666666666666,-0.28125,-0.03125,-0.2734375,-0.10208333333333333,-0.2640625,-0.1125,-0.246875,-0.13541666666666666
0,0.0,0.0,-0.0046875,0.10416666666666667,-0.00625,0.13333333333333333,-0.0140625,0.15625,-0.0609375,0.21458333333333332,-0.0828125,0.22708333333333333,-0.103125,0.23333333333333334,-0.2140625,0.20625,-0.2359375,0.1875,-0.2671875,0.16666666666666666,-0.3203125,0.08125,-0.325,0.03958333333333333,-0.328125,0.00625,-0.296875,-0.0625,-0.2875,-0.10625,-0.275,-0.11875
0,0.0,0.0,-0.05625,0.08333333333333333,-0.0921875,0.11458333333333333,-0.1078125,0.11875,-0.1875,0.0875,-0.20625,0.07916666666666666,-0.2234375,0.058333333333333334,-0.253125,-0.0020833333333333333,-0.2625,-0.05625,-0.2609375,-0.075,-0.2421875,-0.13541666666666666,-0.2375,-0.20208333333333334,-0.228125,-0.22916666666666666,-0.18125,-0.27291666666666664,-0.1671875,-0.2833333333333333,-0.153125,-0.28958333333333336
0,0.0,0.0,-0.0078125,0.014583333333333334,-0.059375,0.05,-0.084375,0.07291666666666667,-0.1171875,0.07916666666666666,-0.1984375,0.07291666666666667,-0.21875,0.06666666666666667,-0.234375,0.05625,-0.309375,0.0020833333333333333,-0.321875,-0.014583333333333334,-0.3265625,-0.0375,-0.31875,-0.10625,-0.3078125,-0.15833333333333333,-0.290625,-0.1875,-0.2375,-0.23958333333333334,-0.2015625,-0.25625
0,0.0,0.0,0.0,0.020833333333333332,-0.0046875,0.10416666666666667,-0.015625,0.125,-0.0234375,0.14166666666666666,-0.08125,0.1875,-0.0953125,0.20208333333333334,-0.11875,0.2125,-0.190625,0.20833333333333334,-0.2046875,0.19166666666666668,-0.221875,0.17083333333333334,-0.2609375,0.1125,-0.2796875,0.0625,-0.2859375,0.0375,-0.2828125,-0.03125,-0.275,-0.07916666666666666
0,0.0,0.0,0.003125,0.03125,0.00625,0.0625,-0.003125,0.18333333333333332,-0.0203125,0.20625,-0.0640625,0.2375,-0.0859375,0.25416666666666665,-0.1015625,0.26458333333333334,-0.1265625,0.27291666666666664,-0.225,0.2375,-0.24375,0.20208333333333334,-0.2703125,0.1375,-0.275,0.07916666666666666,-0.2765625,0.052083333333333336,-0.271875,0.020833333333333332,-0.66875,-0.42083333333333334
0,0.0,0.0,-0.00625,0.08125,-0.0171875,0.11458333333333333,-0.034375,0.13333333333333333,-0.05625,0.14166666666666666,-0.1890625,0.10416666666666667,-0.20625,0.0875,-0.2640625,0.03125,-0.2796875,0.008333333333333333,-0.2890625,-0.020833333333333332,-0.2953125,-0.04583333333333333,-0.278125,-0.11666666666666667,-0.265625,-0.16666666666666666,-0.2234375,-0.20625,-0.2078125,-0.20833333333333334,-0.1875,-0.21666666666666667
0,0.0,0.0,0.01875,0.05,0.0265625,0.075,0.021875,0.17291666666666666,0.0140625,0.20833333333333334,0.0015625,0.2375,-0.11875,0.2791666666666667,-0.121875,0.29375,-0.1828125,0.21875,-0.203125,0.1875,-0.215625,0.16875,-0.2203125,0.13958333333333334,-0.20625,0.075,-0.1921875,0.04375,-0.15,-0.00625,-0.13125,-0.016666666666666666
0,0.0,0.0,-0.003125,-0.0020833333333333333,0.003125,-0.029166666666666667,0.0078125,-0.029166666666666667,0.0421875,-0.05,0.05625,-0.04791666666666667,0.0703125,-0.05625,0.1265625,-0.05,0.140625,-0.04375,0.175,0.004166666666666667,0.1796875,0.01875,0.18125,0.03333333333333333,0.1515625,0.10208333333333333,0.1359375,0.12708333333333333,0.115625,0.14583333333333334,0.03125,0.18333333333333332
0,0.0,0.0,0.015625,0.0,0.0734375,0.0020833333333333333,0.0859375,0.0125,0.1,0.01875,0.128125,0.06041666666666667,0.13125,0.07708333333333334,0.1328125,0.09375,0.13125,0.10833333333333334,0.090625,0.17708333333333334,0.078125,0.20208333333333334,0.0625,0.21458333333333332,-0.003125,0.20625,-0.01875,0.20208333333333334,-0.0390625,0.19791666666666666,-0.0671875,0.14583333333333334
0,0.0,0.0,-0.48125,-0.6520833333333333,-0.48125,-0.6520833333333333,-0.48125,-0.6520833333333333,-0.48125,-0.6520833333333333,-0.48125,-0.6520833333333333,-0.48125,-0.6520833333333333,-0.48125,-0.6520833333333333,-0.48125,-0.6520833333333333,-0.48125,-0.6520833333333333,0.0421875,-0.42083333333333334,0.065625,-0.4166666666666667,0.0828125,-0.425,0.1375,-0.41041666666666665,0.146875,-0.4041666666666667,0.15625,-0.39791666666666664
0,0.0,0.0,0.0,0.0,0.0,0.0,0.0,0.0,0.0,0.0,0.0,0.0,0.0,0.0,0.0,0.0,0.50625,0.20208333333333334,0.521875,0.2,0.5515625,0.19166666666666668,0.56875,0.19583333333333333,0.58125,0.19375,0.621875,0.19791666666666666,0.6328125,0.2,0.6578125,0.21875
0,0.0,0.0,-0.0328125,-0.010416666666666666,-0.0390625,-0.01875,-0.503125,-0.6791666666666667,-0.503125,-0.6791666666666667,-0.503125,-0.6791666666666667,-0.0734375,-0.29583333333333334,-0.059375,-0.32083333333333336,-0.503125,-0.6791666666666667,0.003125,-0.4083333333333333,0.0609375,-0.4395833333333333,0.078125,-0.44166666666666665,0.09375,-0.4375,0.1125,-0.43333333333333335,0.1671875,-0.42083333333333334,0.175,-0.41875
0,0.0,0.0,-0.4265625,-0.7520833333333333,-0.4265625,-0.7520833333333333,-0.0859375,-0.00625,-0.4265625,-0.7520833333333333,-0.4265625,-0.7520833333333333,-0.4265625,-0.7520833333333333,-0.4265625,-0.7520833333333333,-0.4265625,-0.7520833333333333,-0.4265625,-0.7520833333333333,0.0203125,-0.4979166666666667,0.0734375,-0.5458333333333333,0.084375,-0.55,0.115625,-0.5520833333333334,0.11875,-0.5520833333333334,0.125,-0.5520833333333334
0,0.0,0.0,-0.0140625,-0.014583333333333334,-0.0515625,-0.075,-0.0578125,-0.09375,-0.0640625,-0.11041666666666666,-0.06875,-0.17291666666666666,-0.0640625,-0.19791666666666666,-0.059375,-0.21458333333333332,-0.021875,-0.26666666666666666,-0.009375,-0.28541666666666665,0.0,-0.29791666666666666,0.040625,-0.3333333333333333,0.053125,-0.34375,0.0671875,-0.34791666666666665,0.1203125,-0.3729166666666667,0.1375,-0.375
0,0.0,0.0,-0.0953125,0.029166666666666667,-0.1359375,0.07708333333333334,-0.1578125,0.052083333333333336,-0.1765625,0.04583333333333333,-0.275,0.004166666666666667,-0.296875,-0.016666666666666666,-0.3125,-0.03125,-0.353125,-0.10416666666666667,-0.353125,-0.15,-0.3515625,-0.17708333333333334,-0.3140625,-0.23958333333333334,-0.296875,-0.27708333333333335,-0.25,-0.31666666666666665,-0.2234375,-0.325,-0.203125,-0.33125
0,0.0,0.0,-0.0171875,0.01875,-0.1,0.04583333333333333,-0.1609375,0.041666666666666664,-0.1828125,0.04791666666666667,-0.2640625,0.0,-0.2875,-0.01875,-0.3109375,-0.052083333333333336,-0.3390625,-0.11458333333333333,-0.3296875,-0.18541666666666667,-0.334375,-0.23125,-0.690625,-0.6291666666666667,-0.690625,-0.6291666666666667,-0.690625,-0.6291666666666667,-0.690625,-0.6291666666666667,-0.1265625,-0.35
0,0.0,0.0,-0.015625,0.0375,-0.0328125,0.05625,-0.115625,0.06875,-0.13125,0.06041666666666667,-0.1484375,0.04583333333333333,-0.2171875,-0.020833333333333332,-0.23125,-0.05,-0.2390625,-0.07083333333333333,-0.246875,-0.09375,-0.253125,-0.1625,-0.2375,-0.21041666666666667,-0.1859375,-0.27708333333333335,-0.165625,-0.28541666666666665,-0.1453125,-0.29583333333333334,-0.0828125,-0.3104166666666667
0,0.0,0.0,-0.0140625,0.014583333333333334,-0.084375,0.0625,-0.1140625,0.08125,-0.1328125,0.0875,-0.2046875,0.04583333333333333,-0.2203125,0.029166666666666667,-0.2671875,-0.04375,-0.271875,-0.07916666666666666,-0.278125,-0.10208333333333333,-0.2640625,-0.18125,-0.259375,-0.22916666666666666,-0.246875,-0.25,-0.1765625,-0.29791666666666666,-0.15625,-0.3,-0.140625,-0.30833333333333335
0,0.0,0.0,0.0140625,0.06875,0.0125,0.09166666666666666,-0.0234375,0.17708333333333334,-0.0375,0.21041666666666667,-0.0515625,0.22916666666666666,-0.1125,0.26666666666666666,-0.159375,0.25833333333333336,-0.2203125,0.22291666666666668,-0.225,0.20625,-0.234375,0.175,-0.20625,0.11041666666666666,-0.215625,0.09375,-0.203125,0.052083333333333336,-0.159375,-0.008333333333333333,-0.15,-0.016666666666666666
0,0.0,0.0,-0.084375,0.09166666666666666,-0.1140625,0.11458333333333333,-0.1390625,0.11666666666666667,-0.1984375,0.1,-0.2109375,0.08333333333333333,-0.2171875,0.07291666666666667,-0.6703125,-0.5895833333333333,-0.246875,-0.01875,-0.225,-0.025,-0.2171875,-0.10208333333333333,-0.20625,-0.11666666666666667,-0.1984375,-0.13125,-0.128125,-0.17291666666666666,-0.1125,-0.18125,-0.096875,-0.17708333333333334
0,0.0,0.0,-0.015625,0.022916666666666665,-0.1078125,0.06666666666666667,-0.15625,0.08333333333333333,-0.1875,0.07083333333333333,-0.2375,0.03125,-0.253125,0.0125,-0.2640625,-0.0125,-0.7,-0.6625,-0.7,-0.6625,-0.2609375,-0.14166666666666666,-0.234375,-0.20416666666666666,-0.221875,-0.22291666666666668,-0.209375,-0.23333333333333334,-0.1984375,-0.23958333333333334,-0.15625,-0.25833333333333336
0,0.0,0.0,-0.6015625,-0.6520833333333333,-0.1046875,0.1875,-0.6015625,-0.6520833333333333,-0.215625,0.010416666666666666,-0.6015625,-0.6520833333333333,-0.6015625,-0.6520833333333333,-0.6015625,-0.6520833333333333,-0.1359375,-0.1375,-0.1359375,-0.225,-0.0875,-0.2604166666666667,-0.075,-0.2625,-0.028125,-0.2604166666666667,-0.0203125,-0.2625,-0.0140625,-0.26458333333333334,-0.00625,-0.2604166666666667
1,0.0,0.0,-0.0140625,0.020833333333333332,-0.021875,0.05,-0.459375,-0.36875,0.0296875,0.18125,0.0984375,0.20416666666666666,0.125,0.21875,0.1328125,0.19166666666666668,0.2171875,0.125,0.2265625,0.1,0.2359375,0.041666666666666664,0.234375,0.014583333333333334,0.228125,-0.00625,0.221875,-0.01875,0.175,-0.06666666666666667,0.1609375,-0.075
1,0.0,0.0,0.009375,0.0375,-0.009375,0.07708333333333334,-0.4875,-0.4041666666666667,-0.4875,-0.4041666666666667,0.1140625,0.25,0.140625,0.25416666666666665,0.2453125,0.17708333333333334,0.2640625,0.15208333333333332,0.2765625,0.08958333333333333,0.2734375,0.04375,0.265625,0.016666666666666666,0.253125,-0.010416666666666666,0.2390625,-0.03125,0.175,-0.08541666666666667,0.159375,-0.09583333333333334
1,0.0,0.0,-0.4859375,-0.4041666666666667,-0.025,0.18125,-0.4859375,-0.4041666666666667,0.03125,0.3145833333333333,0.128125,0.325,0.1515625,0.32083333333333336,0.165625,0.30416666666666664,0.2265625,0.23125,0.234375,0.18541666666666667,0.2546875,0.11875,0.2484375,0.05416666666666667,0.240625,0.01875,0.1953125,-0.04583333333333333,0.18125,-0.06875,0.1671875,-0.07916666666666666
1,0.0,0.0,0.128125,0.027083333333333334,0.0515625,0.11875,0.0921875,0.11666666666666667,0.10625,0.14791666666666667,0.2078125,0.15625,0.2375,0.14375,0.303125,0.0625,0.3109375,0.027083333333333334,0.315625,-0.004166666666666667,0.296875,-0.06875,0.2859375,-0.13125,0.2734375,-0.15416666666666667,0.20625,-0.20208333333333334,0.1890625,-0.21041666666666667,0.1671875,-0.21666666666666667
1,0.0,0.0,0.0015625,0.020833333333333332,0.0,0.15,0.021875,0.18125,0.0328125,0.2,0.11875,0.27708333333333335,0.1578125,0.27708333333333335,0.1796875,0.2791666666666667,0.2578125,0.21875,0.2796875,0.19166666666666668,0.2953125,0.15416666666666667,-0.4296875,-0.5,-0.4296875,-0.5,-0.4296875,-0.5,-0.4296875,-0.5,0.234375,-0.16875
1,0.0,0.0,0.0,0.0,0.4125,0.6916666666666667,0.0,0.0,0.0,0.0,0.478125,0.73125,0.590625,0.7375,0.61875,0.7333333333333333,0.6390625,0.725,0.6953125,0.6625,0.696875,0.6125,0.6703125,0.55625,0.6625,0.5,0.6453125,0.46041666666666664,0.6328125,0.4375,0.5765625,0.38125
1,0.0,0.0,-0.003125,0.0375,0.01875,0.07291666666666667,0.0484375,0.11666666666666667,0.065625,0.12291666666666666,0.1421875,0.10416666666666667,0.190625,0.06875,0.209375,0.05,0.259375,-0.025,0.25625,-0.08333333333333333,0.2515625,-0.11875,0.246875,-0.17916666666666667,0.2203125,-0.22083333333333333,0.2015625,-0.23958333333333334,0.1421875,-0.275,0.13125,-0.275
1,0.0,0.0,0.0203125,-0.01875,0.0578125,-0.06458333333333334,0.0609375,-0.125,0.04375,-0.19375,0.040625,-0.22291666666666668,0.025,-0.2625,-0.0171875,-0.3145833333333333,-0.0296875,-0.32916666666666666,-0.04375,-0.3458333333333333,-0.0875,-0.3729166666666667,-0.103125,-0.38333333333333336,-0.140625,-0.39791666666666664,-0.2046875,-0.39375,-0.225,-0.3854166666666667,-0.2234375,-0.38958333333333334
1,0.0,0.0,-0.6875,-0.7270833333333333,-0.6875,-0.7270833333333333,0.0328125,-0.17291666666666666,-0.6875,-0.7270833333333333,-0.6875,-0.7270833333333333,-0.009375,-0.375,-0.0515625,-0.41041666666666665,-0.0640625,-0.42916666666666664,-0.0890625,-0.44583333333333336,-0.125,-0.4583333333333333,-0.1359375,-0.46458333333333335,-0.1484375,-0.4708333333333333,-0.1953125,-0.475,-0.2109375,-0.47291666666666665,-0.2359375,-0.46875
1,0.0,0.0,0.0,0.0,0.5671875,0.6541666666666667,0.6484375,0.6125,0.68125,0.59375,0.7,0.5770833333333333,0.753125,0.5166666666666667,0.753125,0.4625,0.7546875,0.4270833333333333,0.721875,0.35833333333333334,0.703125,0.3229166666666667,0.6859375,0.30833333333333335,0.615625,0.2791666666666667,0.59375,0.2625,0.58125,0.2604166666666667,0.5125,0.26666666666666666
1,0.0,0.0,0.0,0.0,0.6125,0.6541666666666667,0.6296875,0.64375,0.70625,0.5729166666666666,0.7203125,0.53125,0.7546875,0.4583333333333333,0.7484375,0.40625,0.7453125,0.375,0.715625,0.3104166666666667,0.7015625,0.28541666666666665,0.6875,0.26666666666666666,0.6171875,0.2375,0.5984375,0.23125,0.5828125,0.225,0.51875,0.22291666666666668
1,0.0,0.0,-0.35625,-0.7125,-0.35625,-0.7125,-0.35625,-0.7125,-0.35625,-0.7125,-0.35625,-0.7125,-0.35625,-0.7125,0.3625,-0.016666666666666666,0.3765625,-0.05416666666666667,-0.35625,-0.7125,0.346875,-0.30625,0.29375,-0.3458333333333333,0.2671875,-0.3958333333333333,0.2484375,-0.4,0.178125,-0.42291666666666666,0.1578125,-0.4166666666666667
1,0.0,0.0,-0.4515625,-0.7375,0.090625,0.24166666666666667,-0.4515625,-0.7375,0.203125,-0.00625,-0.4515625,-0.7375,-0.4515625,-0.7375,-0.4515625,-0.7375,-0.4515625,-0.7375,-0.4515625,-0.7375,0.196875,-0.2791666666666667,0.1296875,-0.3729166666666667,0.121875,-0.4479166666666667,0.1046875,-0.48541666666666666,0.0578125,-0.5166666666666667,0.0421875,-0.525
1,0.0,0.0,0.0859375,0.30833333333333335,-0.4234375,-0.6416666666666667,0.1796875,0.07916666666666666,0.259375,0.11041666666666666,0.2890625,0.0020833333333333333,0.30625,-0.052083333333333336,0.31875,-0.11666666666666667,0.2953125,-0.21041666666666667,0.2828125,-0.23541666666666666,0.259375,-0.275,0.2046875,-0.31875,0.178125,-0.32916666666666666,0.09375,-0.36041666666666666,0.0703125,-0.3729166666666667,0.04375,-0.3729166666666667
1,0.0,0.0,0.034375,0.03333333333333333,0.0484375,0.008333333333333333,0.1390625,0.00625,0.153125,-0.0020833333333333333,0.1671875,-0.014583333333333334,0.1765625,-0.027083333333333334,0.190625,-0.1,0.1875,-0.1375,0.159375,-0.22291666666666668,0.1484375,-0.24375,0.134375,-0.2625,0.1234375,-0.27708333333333335,0.05625,-0.325,0.0359375,-0.3333333333333333,0.015625,-0.3416666666666667
1,0.0,0.0,0.0265625,-0.00625,0.121875,0.00625,0.1421875,-0.04583333333333333,0.165625,-0.05625,0.228125,-0.08333333333333333,0.2328125,-0.11666666666666667,0.234375,-0.13958333333333334,0.2171875,-0.23125,0.20625,-0.25833333333333336,0.1515625,-0.3375,0.1375,-0.34791666666666665,0.11875,-0.35625,0.103125,-0.36666666666666664,0.01875,-0.3854166666666667,0.0046875,-0.38958333333333334
1,0.0,0.0,0.0140625,0.0125,0.0421875,0.025,0.128125,0.029166666666666667,0.140625,0.010416666666666666,0.2140625,-0.0020833333333333333,0.228125,-0.041666666666666664,0.2375,-0.06458333333333334,0.240625,-0.08958333333333333,0.2328125,-0.17708333333333334,0.221875,-0.23333333333333334,0.1515625,-0.325,0.1296875,-0.325,0.115625,-0.35208333333333336,0.0359375,-0.38958333333333334,0.0234375,-0.39375
1,0.0,0.0,0.0,0.0,0.0,0.0,0.609375,0.4875,0.0,0.0,0.0,0.0,0.0,0.0,0.4765625,0.35833333333333334,0.4578125,0.2875,0.4109375,0.26875,0.3953125,0.2625,0.3765625,0.25625,0.35,0.25416666666666665,0.3140625,0.25,0.30625,0.24583333333333332,0.2921875,0.25416666666666665
1,0.0,0.0,0.0265625,0.03333333333333333,0.1078125,0.09583333333333334,0.15,0.11666666666666667,0.184375,0.125,0.31875,0.15833333333333333,0.340625,0.07916666666666666,0.3765625,0.041666666666666664,0.396875,-0.014583333333333334,0.39375,-0.04583333333333333,0.3875,-0.07083333333333333,0.3328125,-0.18958333333333333,0.315625,-0.21458333333333332,0.2734375,-0.25833333333333336,0.2515625,-0.27708333333333335,0.228125,-0.28958333333333336
1,0.0,0.0,-0.003125,0.022916666666666665,0.0,0.04583333333333333,0.009375,0.12291666666666666,0.015625,0.15208333333333332,0.0828125,0.26875,0.1390625,0.30833333333333335,0.1671875,0.33541666666666664,0.2609375,0.3541666666666667,0.2890625,0.3458333333333333,0.3171875,0.3375,0.3640625,0.3020833333333333,0.378125,0.22708333333333333,0.3796875,0.18958333333333333,0.35625,0.09791666666666667,0.340625,0.06458333333333334
1,0.0,0.0,-0.0234375,0.010416666666666666,-0.115625,0.07083333333333333,-0.1390625,0.09791666666666667,-0.1390625,0.10208333333333333,-0.1546875,0.225,-0.146875,0.26666666666666666,-0.13125,0.30833333333333335,-0.3453125,-0.2520833333333333,-0.3453125,-0.2520833333333333,-0.3453125,-0.2520833333333333,-0.3453125,-0.2520833333333333,-0.3453125,-0.2520833333333333,-0.3453125,-0.2520833333333333,0.3109375,0.41041666666666665,0.31875,0.375
1,0.0,0.0,-0.03125,-0.004166666666666667,-0.0578125,-0.004166666666666667,-0.1578125,0.004166666666666667,-0.178125,0.022916666666666665,-0.20625,0.035416666666666666,-0.2765625,0.14166666666666666,-0.28125,0.18125,-0.25625,0.3104166666666667,-0.4890625,-0.29375,-0.4890625,-0.29375,-0.4890625,-0.29375,-0.4890625,-0.29375,-0.4890625,-0.29375,-0.4890625,-0.29375,0.13125,0.3229166666666667
1,0.0,0.0,0.003125,0.029166666666666667,0.0078125,0.05416666666666667,0.0859375,0.17708333333333334,0.103125,0.26666666666666666,-0.2125,-0.45,-0.2125,-0.45,-0.2125,-0.45,-0.2125,-0.45,0.41875,0.15,0.4140625,0.10208333333333333,0.4265625,0.020833333333333332,0.4234375,-0.020833333333333332,0.3890625,-0.11666666666666667,0.375,-0.1375,0.3609375,-0.15625
1,0.0,0.0,0.003125,0.029166666666666667,0.0703125,0.10625,0.1078125,0.11666666666666667,0.1390625,0.13333333333333333,0.25625,0.13958333333333334,0.2703125,0.12291666666666666,0.284375,0.10833333333333334,0.3046875,0.04583333333333333,0.3,0.022916666666666665,0.2953125,0.00625,0.2578125,-0.052083333333333336,0.2453125,-0.06458333333333334,0.1828125,-0.09375,0.16875,-0.09583333333333334,0.1484375,-0.09375
1,0.0,0.0,0.0625,0.09583333333333334,0.096875,0.12916666666666668,0.125,0.13125,0.24375,0.19166666666666668,0.2578125,0.17916666666666667,0.278125,0.17291666666666666,0.321875,0.12916666666666668,0.3234375,0.10416666666666667,0.321875,0.08125,0.303125,0.0125,0.2890625,-0.004166666666666667,0.2734375,-0.022916666666666665,0.2078125,-0.058333333333333334,0.1875,-0.06458333333333334,0.171875,-0.05625
1,0.0,0.0,0.0078125,0.016666666666666666,0.015625,0.04791666666666667,0.0625,0.10208333333333333,0.1046875,0.1625,0.1296875,0.17708333333333334,0.225,0.16875,0.2484375,0.1625,0.3171875,0.15208333333333332,0.334375,0.1375,0.3484375,0.1,0.3546875,0.07083333333333333,0.3390625,-0.016666666666666666,0.3296875,-0.04375,0.28125,-0.11458333333333333,0.2578125,-0.13125
1,0.0,0.0,-0.075,0.03125,-0.084375,0.05,-0.121875,0.1,-0.1359375,0.11041666666666666,-0.140625,0.14583333333333334,-0.1171875,0.21666666666666667,-0.10625,0.2375,-0.090625,0.25416666666666665,-0.0296875,0.3,-0.0078125,0.3770833333333333,0.046875,0.29375,0.1078125,0.25833333333333336,0.1234375,0.24583333333333332,0.1359375,0.1875,0.134375,0.1625
1,0.0,0.0,-0.0046875,0.035416666666666666,0.01875,0.10625,0.0296875,0.12708333333333333,0.0453125,0.14375,0.10625,0.18958333333333333,0.128125,0.26666666666666666,0.1828125,0.18333333333333332,0.24375,0.14791666666666667,0.259375,0.13541666666666666,0.271875,0.07708333333333334,0.2703125,0.052083333333333336,0.2640625,0.027083333333333334,0.19375,-0.04791666666666667,0.178125,-0.058333333333333334,0.0953125,-0.07083333333333333
1,0.0,0.0,-0.028125,0.0020833333333333333,-0.0578125,0.0020833333333333333,-0.140625,0.041666666666666664,-0.15,0.058333333333333334,-0.1609375,0.07708333333333334,-0.1703125,0.12291666666666666,-0.171875,0.13958333333333334,-0.165625,0.15833333333333333,-0.08125,0.26458333333333334,-0.034375,0.26666666666666666,0.04375,0.34375,0.0890625,0.28958333333333336,0.10625,0.275,0.14375,0.23541666666666666,0.1484375,0.19583333333333333
1,0.0,0.0,-0.00625,0.03125,-0.0125,0.05,-0.021875,0.07708333333333334,-0.025,0.08333333333333333,-0.021875,0.09166666666666666,-0.446875,-0.45208333333333334,-0.446875,-0.45208333333333334,-0.446875,-0.45208333333333334,-0.446875,-0.45208333333333334,-0.446875,-0.45208333333333334,0.215625,0.19166666666666668,0.2625,0.12916666666666668,0.2390625,0.08541666666666667,0.2203125,0.014583333333333334,0.203125,-0.03333333333333333
1,0.0,0.0,-0.0140625,-0.00625,-0.06875,0.008333333333333333,-0.0796875,0.0125,-0.0875,0.01875,-0.1015625,0.029166666666666667,-0.140625,0.08541666666666667,-0.1296875,0.11458333333333333,-0.1625,0.17083333333333334,-0.1625,0.19375,-0.159375,0.21875,-0.1125,0.28125,-0.0953125,0.29583333333333334,-0.0203125,0.32708333333333334,0.0046875,0.3229166666666667,0.021875,0.3229166666666667
1,0.0,0.0,0.0140625,-0.025,0.028125,-0.08541666666666667,0.0109375,-0.14583333333333334,-0.0125,-0.20625,-0.028125,-0.23958333333333334,-0.040625,-0.2604166666666667,-0.1078125,-0.28958333333333336,-0.1234375,-0.29375,-0.1796875,-0.26875,-0.2171875,-0.2520833333333333,-0.2359375,-0.23125,-0.2875,-0.15833333333333333,-0.2984375,-0.11875,-0.3015625,-0.022916666666666665,-0.2890625,0.004166666666666667
1,0.0,0.0,0.0,0.0,0.0,0.0,0.60625,0.7,0.671875,0.6354166666666666,0.6921875,0.6083333333333333,0.7109375,0.5583333333333333,0.715625,0.5291666666666667,0.7078125,0.46458333333333335,0.696875,0.42083333333333334,0.6546875,0.3729166666666667,0.6421875,0.35833333333333334,0.6015625,0.3416666666666667,0.5859375,0.33541666666666664,0.5203125,0.3541666666666667,0.49375,0.35625
1,0.0,0.0,0.0,0.035416666666666666,-0.0015625,0.06458333333333334,0.015625,0.15208333333333332,0.090625,0.21875,0.1203125,0.23125,0.1828125,0.23958333333333334,0.2078125,0.23958333333333334,0.2828125,0.18958333333333333,0.3046875,0.16041666666666668,0.3375,0.09375,0.328125,0.027083333333333334,0.3109375,-0.035416666666666666,0.2984375,-0.06458333333333334,0.246875,-0.10416666666666667,0.2296875,-0.11458333333333333
1,0.0,0.0,-0.0421875,0.03333333333333333,-0.05625,0.05,-0.08125,0.12291666666666666,-0.0828125,0.14791666666666667,-0.0953125,0.16875,-0.0765625,0.2708333333333333,-0.0390625,0.33125,-0.009375,0.3645833333333333,0.015625,0.37916666666666665,-0.5640625,-0.34375,0.1046875,0.34791666666666665,0.1765625,0.2791666666666667,0.18125,0.21458333333333332,0.1671875,0.14375,0.15625,0.07708333333333334
1,0.0,0.0,-0.0109375,-0.06666666666666667,-0.025,-0.1,-0.04375,-0.11666666666666667,-0.1140625,-0.16041666666666668,-0.146875,-0.16666666666666666,-0.1578125,-0.16875,-0.2015625,-0.13958333333333334,-0.2296875,-0.13333333333333333,-0.2578125,-0.029166666666666667,-0.3109375,-0.04583333333333333,-0.334375,-0.004166666666666667,-0.346875,0.06875,-0.3359375,0.09791666666666667,-0.73125,-0.4875,-0.26875,0.15833333333333333
1,0.0,0.0,0.4625,0.6458333333333334,0.5046875,0.6479166666666667,0.534375,0.64375,0.55625,0.63125,0.6328125,0.5583333333333333,0.646875,0.53125,0.6578125,0.4583333333333333,0.64375,0.4,0.634375,0.37083333333333335,0.58125,0.3125,0.5671875,0.3,0.553125,0.28958333333333336,0.4890625,0.2833333333333333,0.475,0.2875,0.421875,0.3229166666666667
1,0.0,0.0,0.021875,0.08541666666666667,0.0375,0.10416666666666667,0.1125,0.16458333333333333,0.134375,0.14791666666666667,0.16875,0.14791666666666667,0.2515625,0.07291666666666667,0.259375,0.05,0.2734375,0.022916666666666665,0.284375,-0.05,0.2765625,-0.1,0.2671875,-0.12291666666666666,0.2234375,-0.16666666666666666,0.209375,-0.175,0.196875,-0.17916666666666667,0.13125,-0.17916666666666667
1,0.0,0.0,-0.0390625,0.1,-0.04375,0.125,-0.025,0.23958333333333334,-0.3421875,-0.36875,-0.3421875,-0.36875,-0.3421875,-0.36875,-0.3421875,-0.36875,0.3,0.3104166666666667,0.3125,0.26875,0.3703125,0.21041666666666667,0.3578125,0.14166666666666666,-0.3421875,-0.36875,0.2828125,0.035416666666666666,0.253125,-0.025,-0.3421875,-0.36875
1,0.0,0.0,-0.0109375,0.014583333333333334,-0.01875,0.03125,-0.046875,0.12083333333333333,-0.040625,0.14375,-0.0203125,0.22083333333333333,0.0,0.24583333333333332,-0.3734375,-0.39166666666666666,0.0984375,0.28541666666666665,0.134375,0.2916666666666667,0.153125,0.28541666666666665,0.2328125,0.20833333333333334,0.25,0.19583333333333333,0.2625,0.16458333333333333,0.28125,0.09791666666666667,0.2703125,0.035416666666666666
1,0.0,0.0,-0.01875,-0.008333333333333333,-0.103125,0.01875,-0.121875,0.01875,-0.5484375,-0.3125,-0.20625,0.09166666666666666,-0.5484375,-0.3125,-0.24375,0.18958333333333333,-0.2390625,0.21041666666666667,-0.23125,0.22916666666666666,-0.178125,0.30625,-0.5484375,-0.3125,-0.14375,0.3375,-0.05,0.32916666666666666,-0.025,0.3229166666666667,-0.0078125,0.31666666666666665
1,0.0,0.0,-0.00625,-0.058333333333333334,-0.0125,-0.08541666666666667,-0.075,-0.15416666666666667,-0.0890625,-0.16666666666666666,-0.109375,-0.17708333333333334,-0.1828125,-0.17916666666666667,-0.2046875,-0.17083333333333334,-0.2203125,-0.16041666666666668,-0.2890625,-0.10833333333333334,-0.290625,-0.10833333333333334,-0.3203125,-0.06875,-0.346875,0.03125,-0.665625,-0.43333333333333335,-0.3390625,0.07708333333333334,-0.665625,-0.43333333333333335
1,0.0,0.0,-0.0578125,-0.020833333333333332,-0.0796875,-0.027083333333333334,-0.1,-0.022916666666666665,-0.1859375,0.0125,-0.2078125,0.025,-0.25,0.08541666666666667,-0.25625,0.09791666666666667,-0.259375,0.11875,-0.2609375,0.13958333333333334,-0.2453125,0.23541666666666666,-0.2234375,0.25833333333333336,-0.1609375,0.29375,-0.1421875,0.3145833333333333,-0.10625,0.33541666666666664,-0.003125,0.23541666666666666
1,0.0,0.0,0.025,-0.016666666666666666,0.0578125,-0.075,0.0609375,-0.10208333333333333,0.0625,-0.125,0.028125,-0.19791666666666666,0.0078125,-0.25833333333333336,-0.0421875,-0.2875,-0.059375,-0.29583333333333334,-0.0765625,-0.29791666666666666,-0.171875,-0.26666666666666666,-0.1890625,-0.25416666666666665,-0.2515625,-0.18958333333333333,-0.2671875,-0.16041666666666668,-0.2734375,-0.1375,-0.28125,-0.10625
1,0.0,0.0,0.0390625,-0.0020833333333333333,0.0625,-0.00625,0.171875,-0.03958333333333333,0.1890625,-0.058333333333333334,0.190625,-0.05625,0.23125,-0.12291666666666666,0.234375,-0.16041666666666668,0.2359375,-0.1875,0.23125,-0.21875,0.1796875,-0.2916666666666667,0.18125,-0.32083333333333336,0.10625,-0.36666666666666664,0.0875,-0.3729166666666667,0.0703125,-0.375,0.05,-0.375
1,0.0,0.0,0.059375,0.05,0.08125,0.075,0.1078125,0.08541666666666667,0.2,0.08125,0.2203125,0.0875,0.309375,0.01875,0.328125,-0.010416666666666666,0.34375,-0.035416666666666666,0.3515625,-0.06458333333333334,0.35,-0.12291666666666666,0.3390625,-0.18125,0.2828125,-0.24375,0.26875,-0.24583333333333332,0.253125,-0.2520833333333333,0.2359375,-0.25416666666666665
1,0.0,0.0,-0.009375,0.016666666666666666,-0.0265625,0.11041666666666666,-0.01875,0.13541666666666666,0.0140625,0.2125,0.0328125,0.2375,0.053125,0.25833333333333336,0.1453125,0.28125,0.1796875,0.29375,0.2640625,0.26458333333333334,0.284375,0.23958333333333334,0.2953125,0.21875,0.3078125,0.19583333333333333,0.328125,0.1375,0.3203125,0.07291666666666667,0.2859375,0.0125
1,0.0,0.0,-0.034375,-0.06041666666666667,-0.053125,-0.12708333333333333,-0.0765625,-0.15,-0.0953125,-0.15833333333333333,-0.1828125,-0.17291666666666666,-0.203125,-0.16666666666666666,-0.2828125,-0.10208333333333333,-0.3015625,-0.07291666666666667,-0.3140625,-0.04791666666666667,-0.3515625,0.07708333333333334,-0.6890625,-0.4479166666666667,-0.3453125,0.15208333333333332,-0.2984375,0.23541666666666666,-0.2625,0.25625,-0.240625,0.2604166666666667
1,0.0,0.0,0.025,-0.016666666666666666,0.0765625,-0.09166666666666666,0.090625,-0.14166666666666666,0.1,-0.175,0.0984375,-0.23333333333333334,0.084375,-0.3,0.0265625,-0.3625,0.0109375,-0.3875,-0.0125,-0.39791666666666664,-0.1046875,-0.37916666666666665,-0.1296875,-0.36666666666666664,-0.1578125,-0.3645833333333333,-0.18125,-0.3541666666666667,-0.240625,-0.2875,-0.58125,-0.6916666666666667
1,0.0,0.0,-0.3453125,-0.5645833333333333,-0.3453125,-0.5645833333333333,0.2328125,0.09791666666666667,0.2671875,0.08958333333333333,0.2875,0.08125,0.30625,0.05416666666666667,0.35,-0.004166666666666667,0.3484375,-0.058333333333333334,0.3328125,-0.11875,0.3171875,-0.17916666666666667,0.3015625,-0.21041666666666667,0.2296875,-0.24375,0.2078125,-0.25416666666666665,0.1859375,-0.2625,0.1046875,-0.23333333333333334
1,0.0,0.0,0.0109375,-0.029166666666666667,0.0078125,-0.041666666666666664,0.0015625,-0.058333333333333334,-0.003125,-0.07708333333333334,-0.05,-0.175,-0.0703125,-0.19791666666666666,-0.1703125,-0.25416666666666665,-0.1953125,-0.25625,-0.2203125,-0.25,-0.2390625,-0.24166666666666667,-0.290625,-0.16875,-0.29375,-0.14166666666666666,-0.3078125,-0.041666666666666664,-0.290625,0.0,-0.2890625,0.03958333333333333
1,0.0,0.0,0.0015625,0.03958333333333333,0.040625,0.16041666666666668,0.08125,0.2,0.096875,0.22708333333333333,0.2140625,0.26666666666666666,0.234375,0.25,0.2484375,0.23333333333333334,0.2640625,0.18333333333333332,0.28125,0.125,0.28125,0.09375,0.259375,0.0020833333333333333,0.2484375,-0.035416666666666666,0.234375,-0.06458333333333334,0.153125,-0.14791666666666667,0.128125,-0.16458333333333333
1,0.0,0.0,-0.0140625,0.0125,-0.0546875,0.08541666666666667,-0.059375,0.125,-0.0578125,0.15208333333333332,-0.0328125,0.25625,0.025,0.3020833333333333,0.05625,0.33541666666666664,0.184375,0.3458333333333333,0.2109375,0.3333333333333333,0.2328125,0.31666666666666665,0.240625,0.25625,0.2515625,0.18958333333333333,0.2375,0.15625,0.1671875,0.0375,0.140625,0.016666666666666666
1,0.0,0.0,-0.028125,-0.020833333333333332,-0.053125,-0.035416666666666666,-0.1609375,-0.04375,-0.184375,-0.0375,-0.2078125,-0.020833333333333332,-0.25,0.04583333333333333,-0.246875,0.07291666666666667,-0.246875,0.10625,-0.2421875,0.13958333333333334,-0.19375,0.24583333333333332,-0.1625,0.30416666666666664,-0.053125,0.34791666666666665,-0.0234375,0.35625,-0.0046875,0.35208333333333336,0.0140625,0.33541666666666664
1,0.0,0.0,0.03125,0.058333333333333334,0.140625,0.10208333333333333,0.1703125,0.11041666666666666,0.1890625,0.10625,0.2078125,0.08958333333333333,0.2203125,0.06875,0.2234375,0.004166666666666667,0.23125,-0.07291666666666667,0.1546875,-0.1625,0.125,-0.17291666666666666,0.09375,-0.1625,0.065625,-0.1625,-0.01875,-0.10625,-0.0265625,-0.06875,-0.034375,-0.03958333333333333
1,0.0,0.0,-0.03125,0.010416666666666666,-0.059375,0.010416666666666666,-0.14375,0.06666666666666667,-0.1515625,0.10416666666666667,-0.159375,0.13333333333333333,-0.1609375,0.15833333333333333,-0.1078125,0.28541666666666665,-0.065625,0.30833333333333335,-0.0359375,0.3145833333333333,0.071875,0.36041666666666666,0.1,0.3625,0.11875,0.35625,0.1453125,0.3145833333333333,0.1625,0.25,0.1625,0.21666666666666667
1,0.0,0.0,0.0421875,0.022916666666666665,0.071875,0.029166666666666667,0.1796875,0.075,0.2078125,0.07708333333333334,0.2265625,0.07083333333333333,0.253125,0.029166666666666667,0.2703125,-0.035416666666666666,0.2703125,-0.06875,0.265625,-0.10416666666666667,0.21875,-0.22291666666666668,0.2,-0.2625,0.1796875,-0.2875,0.0796875,-0.32916666666666666,0.05625,-0.32083333333333336,-0.4609375,-0.6416666666666667
1,0.0,0.0,-0.046875,-0.11875,-0.065625,-0.15833333333333333,-0.0859375,-0.18333333333333332,-0.1859375,-0.225,-0.209375,-0.21666666666666667,-0.7265625,-0.5375,-0.7265625,-0.5375,-0.7265625,-0.5375,-0.34375,0.07083333333333333,-0.3453125,0.26875,-0.7265625,-0.5375,-0.7265625,-0.5375,-0.7265625,-0.5375,-0.7265625,-0.5375,-0.7265625,-0.5375
1,0.0,0.0,0.0,0.0,0.3828125,0.6083333333333333,0.38125,0.80625,0.0,0.0,0.0,0.0,0.0,0.0,0.0,0.0,0.0,0.0,0.6734375,0.675,0.6890625,0.6520833333333333,0.703125,0.5875,0.703125,0.5458333333333333,0.678125,0.4583333333333333,0.66875,0.43333333333333335,0.6609375,0.41458333333333336
1,0.0,0.0,0.6734375,0.675,0.6890625,0.6520833333333333,0.703125,0.5875,0.703125,0.5458333333333333,0.678125,0.4583333333333333,0.66875,0.43333333333333335,0.6609375,0.41458333333333336,0.615625,0.35625,0.5984375,0.3375,0.5734375,0.31666666666666665,0.478125,0.29375,0.4484375,0.2875,0.371875,0.3125,0.3578125,0.3333333333333333,0.346875,0.35
1,0.0,0.0,0.028125,0.05,0.05625,0.04583333333333333,0.0828125,0.041666666666666664,0.1625,0.0375,0.184375,0.008333333333333333,0.190625,-0.014583333333333334,0.2078125,-0.07291666666666667,0.2015625,-0.11875,0.19375,-0.14375,0.1515625,-0.20625,0.1296875,-0.22708333333333333,0.1078125,-0.23333333333333334,0.0140625,-0.21666666666666667,-0.0390625,-0.24583333333333332,-0.0625,-0.23541666666666666
1,0.0,0.0,-0.021875,-0.020833333333333332,-0.04375,-0.027083333333333334,-0.1375,-0.010416666666666666,-0.190625,-0.03958333333333333,-0.2140625,-0.029166666666666667,-0.253125,0.05,-0.2546875,0.08333333333333333,-0.240625,0.15625,-0.2328125,0.18333333333333332,-0.2015625,0.22916666666666666,-0.184375,0.24791666666666667,-0.0765625,0.275,-0.0515625,0.2708333333333333,-0.0109375,0.2520833333333333,0.00625,0.22291666666666668
1,0.0,0.0,0.03125,0.04583333333333333,0.0484375,0.06458333333333334,0.15625,0.09166666666666666,0.18125,0.0875,0.221875,0.06875,0.2390625,0.03958333333333333,0.2640625,0.0,0.2734375,-0.027083333333333334,0.2703125,-0.09375,0.271875,-0.15208333333333332,0.228125,-0.23125,0.2078125,-0.25416666666666665,0.178125,-0.2791666666666667,0.159375,-0.29375,0.0640625,-0.3104166666666667
1,0.0,0.0,0.009375,-0.027083333333333334,0.00625,-0.09375,0.0078125,-0.15208333333333332,-0.0359375,-0.23125,-0.05625,-0.25416666666666665,-0.0859375,-0.2791666666666667,-0.1046875,-0.29375,-0.2,-0.3104166666666667,-0.221875,-0.29583333333333334,-0.24375,-0.29375,-0.3015625,-0.2604166666666667,-0.3296875,-0.22291666666666668,-0.3359375,-0.20416666666666666,-0.340625,-0.10208333333333333,-0.325,-0.06875
1,0.0,0.0,-0.0953125,-0.016666666666666666,-0.1171875,-0.0020833333333333333,-0.1390625,0.0,-0.196875,0.03333333333333333,-0.225,0.07083333333333333,-0.23125,0.08958333333333333,-0.2359375,0.19166666666666668,-0.2203125,0.225,-0.2203125,0.22708333333333333,-0.1203125,0.34375,-0.0578125,0.41041666666666665,-0.0390625,0.42916666666666664,0.0078125,0.41041666666666665,0.0859375,0.43333333333333335,0.1328125,0.3875
1,0.0,0.0,-0.0046875,0.10208333333333333,0.0109375,0.13541666666666666,0.0109375,0.1375,0.1109375,0.25416666666666665,0.1734375,0.32083333333333336,0.1921875,0.33958333333333335,0.2390625,0.32083333333333336,0.3171875,0.34375,0.3640625,0.29791666666666666,0.3828125,0.22083333333333333,0.3890625,0.17291666666666666,0.3859375,0.14166666666666666,0.36875,0.06666666666666667,0.35625,0.03958333333333333,0.2875,-0.022916666666666665
1,0.0,0.0,0.078125,0.022916666666666665,0.125,-0.022916666666666665,0.14375,-0.1,0.15,-0.14791666666666667,0.146875,-0.17916666666666667,0.1296875,-0.25416666666666665,0.1171875,-0.28125,0.0484375,-0.34375,0.025,-0.3541666666666667,-0.015625,-0.33541666666666664,-0.0453125,-0.31666666666666665,-0.125,-0.35625,-0.1453125,-0.34375,-0.1953125,-0.28125,-0.2015625,-0.25625
1,0.0,0.0,-0.06875,-0.0625,-0.0921875,-0.07291666666666667,-0.1328125,-0.05416666666666667,-0.1625,-0.035416666666666666,-0.2421875,-0.075,-0.2625,-0.0625,-0.3125,0.0,-0.31875,0.025,-0.3109375,0.07291666666666667,-0.3015625,0.10416666666666667,-0.240625,0.19375,-0.2140625,0.23125,-0.1828125,0.22916666666666666,-0.090625,0.23958333333333334,-0.0515625,0.24166666666666667
1,0.0,0.0,0.009375,0.03125,0.0703125,0.12083333333333333,0.096875,0.15833333333333333,0.128125,0.15625,0.2203125,0.16666666666666666,0.259375,0.16875,0.271875,0.16666666666666666,0.3109375,0.15833333333333333,0.3171875,0.14166666666666666,0.3234375,0.12708333333333333,0.325,0.05,0.3171875,-0.016666666666666666,0.3109375,-0.04583333333333333,0.2828125,-0.11666666666666667,0.2703125,-0.14375
1,0.0,0.0,0.0015625,-0.07708333333333334,-0.00625,-0.14375,-0.0125,-0.17291666666666666,-0.040625,-0.24375,-0.053125,-0.2708333333333333,-0.0671875,-0.2916666666666667,-0.140625,-0.3416666666666667,-0.190625,-0.36041666666666666,-0.215625,-0.36041666666666666,-0.2859375,-0.3458333333333333,-0.3046875,-0.3333333333333333,-0.3265625,-0.32083333333333336,-0.3890625,-0.2708333333333333,-0.403125,-0.22083333333333333,-0.4015625,-0.22291666666666668
1,0.0,0.0,-0.0703125,0.014583333333333334,-0.0890625,0.027083333333333334,-0.1109375,0.03958333333333333,-0.1734375,0.08958333333333333,-0.1875,0.13958333333333334,-0.1859375,0.1375,-0.1921875,0.24375,-0.1765625,0.2791666666666667,-0.15625,0.3125,-0.04375,0.40208333333333335,-0.0046875,0.44375,0.0375,0.43125,0.125,0.44375,0.15625,0.3854166666666667,0.16875,0.3541666666666667
1,0.0,0.0,-0.00625,-0.07291666666666667,-0.003125,-0.12708333333333333,-0.040625,-0.21875,-0.05625,-0.24791666666666667,-0.0703125,-0.26666666666666666,-0.0875,-0.2791666666666667,-0.18125,-0.3125,-0.20625,-0.3,-0.3015625,-0.25625,-0.3171875,-0.23333333333333334,-0.3296875,-0.20625,-0.3359375,-0.16666666666666666,-0.31875,0.008333333333333333,-0.296875,0.05,-0.25625,0.10208333333333333
1,0.0,0.0,0.021875,0.041666666666666664,0.0625,0.09375,0.1671875,0.29791666666666666,-0.284375,-0.59375,-0.284375,-0.59375,-0.284375,-0.59375,0.3046875,-0.041666666666666664,-0.284375,-0.59375,-0.284375,-0.59375,-0.284375,-0.59375,-0.284375,-0.59375,0.1265625,-0.28958333333333336,0.10625,-0.33958333333333335,0.0515625,-0.3458333333333333,0.0375,-0.3375
1,0.0,0.0,0.0,0.0,0.0,0.0,0.4109375,0.30416666666666664,0.390625,0.25416666666666665,0.3359375,0.24791666666666667,0.321875,0.25625,0.3109375,0.2708333333333333,0.2625,0.3333333333333333,0.2515625,0.35833333333333334,0.2453125,0.3854166666666667,0.25625,0.5145833333333333,0.2734375,0.5479166666666667,0.2890625,0.58125,0.3125,0.6125,0.40625,0.7020833333333333
1,0.0,0.0,-0.00625,0.027083333333333334,0.0046875,0.15625,0.021875,0.18958333333333333,0.0375,0.22291666666666668,0.0609375,0.25416666666666665,0.1546875,0.34375,0.184375,0.3333333333333333,0.2140625,0.32916666666666666,0.2359375,0.325,0.290625,0.3,0.3140625,0.25,0.3140625,0.18958333333333333,0.31875,0.13958333333333334,0.3125,0.11458333333333333,0.30625,0.09583333333333334
1,0.0,0.0,0.0234375,-0.05,0.0234375,-0.11041666666666666,0.028125,-0.16041666666666668,0.021875,-0.18541666666666667,0.015625,-0.20416666666666666,-0.0265625,-0.28541666666666665,-0.040625,-0.30416666666666664,-0.059375,-0.31666666666666665,-0.1421875,-0.3458333333333333,-0.16875,-0.3416666666666667,-0.1875,-0.33541666666666664,-0.259375,-0.29791666666666666,-0.275,-0.28541666666666665,-0.284375,-0.26666666666666666,-0.2828125,-0.1875
1,0.0,0.0,-0.071875,0.0375,-0.0875,0.05,-0.096875,0.06875,-0.0953125,0.14791666666666667,-0.0859375,0.17291666666666666,-0.071875,0.19583333333333333,-0.0515625,0.2125,0.0203125,0.27291666666666664,0.0390625,0.3,0.0671875,0.3020833333333333,0.128125,0.28125,0.1453125,0.24583333333333332,0.1546875,0.22708333333333333,0.165625,0.16875,0.165625,0.12083333333333333
1,0.0,0.0,0.028125,0.0020833333333333333,0.0890625,-0.01875,0.10625,-0.05416666666666667,0.115625,-0.07291666666666667,0.1265625,-0.13125,0.1265625,-0.17916666666666667,0.1203125,-0.20416666666666666,0.1125,-0.22291666666666668,0.0765625,-0.28958333333333336,0.0625,-0.3,0.0453125,-0.3104166666666667,-0.0265625,-0.32083333333333336,-0.046875,-0.3145833333333333,-0.06875,-0.30416666666666664,-0.146875,-0.25833333333333336
1,0.0,0.0,-0.0359375,-0.06666666666666667,-0.05,-0.07708333333333334,-0.0671875,-0.0875,-0.1390625,-0.09791666666666667,-0.159375,-0.09166666666666666,-0.18125,-0.08125,-0.259375,-0.035416666666666666,-0.2703125,-0.01875,-0.2828125,0.014583333333333334,-0.28125,0.12083333333333333,-0.2625,0.15208333333333332,-0.253125,0.175,-0.1796875,0.2625,-0.15,0.28958333333333336,-0.1234375,0.3020833333333333
1,0.0,0.0,0.0,0.00625,0.0015625,0.01875,0.0015625,0.020833333333333332,0.0046875,0.03125,0.0203125,0.06041666666666667,0.0328125,0.07291666666666667,0.040625,0.08125,0.09375,0.15,0.1078125,0.15208333333333332,0.1171875,0.1375,0.115625,0.07916666666666666,0.1078125,0.05625,0.0984375,0.035416666666666666,0.0296875,-0.03958333333333333,0.0,-0.05625
1,0.0,0.0,0.009375,-0.014583333333333334,0.0078125,-0.07291666666666667,0.0,-0.09583333333333334,-0.009375,-0.11666666666666667,-0.078125,-0.19166666666666668,-0.1078125,-0.20833333333333334,-0.15625,-0.22291666666666668,-0.2609375,-0.21458333333333332,-0.284375,-0.17708333333333334,-0.359375,-0.08125,-0.36875,-0.035416666666666666,-0.371875,0.004166666666666667,-0.365625,0.07083333333333333,-0.3328125,0.14583333333333334,-0.31875,0.17083333333333334
1,0.0,0.0,-0.0171875,0.09166666666666666,-0.003125,0.13541666666666666,0.00625,0.16875,0.0703125,0.36041666666666666,0.115625,0.3125,-0.321875,-0.41875,-0.321875,-0.41875,0.2984375,0.27708333333333335,0.3,0.2604166666666667,0.271875,0.175,0.284375,0.11041666666666666,0.234375,0.014583333333333334,0.2171875,-0.010416666666666666,0.203125,-0.027083333333333334,0.13125,-0.07291666666666667
1,0.0,0.0,0.0015625,0.029166666666666667,0.0453125,0.18125,0.06875,0.2125,0.1484375,0.4125,-0.30625,-0.4895833333333333,-0.30625,-0.4895833333333333,0.2890625,0.24375,0.2890625,0.1875,0.296875,0.13541666666666666,0.2953125,0.10208333333333333,0.265625,-0.0020833333333333333,0.25625,-0.035416666666666666,0.2484375,-0.052083333333333336,0.1984375,-0.10833333333333334,0.1796875,-0.12291666666666666
1,0.0,0.0,0.015625,0.03958333333333333,0.0265625,0.06666666666666667,0.1125,0.15416666666666667,0.1296875,0.16458333333333333,-0.278125,-0.5895833333333333,0.234375,0.20625,0.265625,0.16041666666666668,0.28125,0.13541666666666666,0.2875,0.06041666666666667,0.29375,-0.004166666666666667,0.265625,-0.08333333333333333,0.2578125,-0.13958333333333334,0.2421875,-0.16041666666666668,0.18125,-0.22083333333333333,0.1671875,-0.23958333333333334
1,0.0,0.0,-0.0359375,0.06666666666666667,-0.0359375,0.08125,-0.034375,0.1,-0.0203125,0.17708333333333334,-0.00625,0.20416666666666666,0.028125,0.2520833333333333,0.1328125,0.30416666666666664,0.1640625,0.3020833333333333,0.184375,0.2875,0.21875,0.22291666666666668,0.2234375,0.19166666666666668,0.21875,0.14375,0.178125,0.07916666666666666,0.165625,0.04375,0.15,0.029166666666666667
1,0.0,0.0,-0.0046875,0.020833333333333332,-0.0203125,0.0625,-0.5015625,-0.45,-0.5015625,-0.45,-0.5015625,-0.45,-0.5015625,-0.45,-0.5015625,-0.45,0.2265625,0.12708333333333333,0.225,0.06875,0.2171875,0.020833333333333332,0.20625,-0.004166666666666667,0.146875,-0.04791666666666667,0.1234375,-0.08333333333333333,0.10625,-0.09166666666666666,0.06875,-0.10208333333333333
1,0.0,0.0,0.0234375,0.016666666666666666,0.109375,0.027083333333333334,0.146875,0.016666666666666666,0.1625,0.016666666666666666,0.1828125,0.016666666666666666,0.225,-0.008333333333333333,0.234375,-0.020833333333333332,0.24375,-0.03333333333333333,0.246875,-0.04791666666666667,0.2375,-0.1125,0.2078125,-0.16458333333333333,0.19375,-0.1875,0.1796875,-0.2,0.125,-0.23125,0.1015625,-0.24166666666666667
1,0.0,0.0,0.51875,0.675,0.621875,0.65,0.6453125,0.6416666666666667,0.659375,0.6208333333333333,0.703125,0.5354166666666667,0.7078125,0.5083333333333333,0.7109375,0.48333333333333334,0.7078125,0.42291666666666666,0.7,0.38958333333333334,0.690625,0.3770833333333333,0.6359375,0.32916666666666666,0.615625,0.31666666666666665,0.540625,0.3104166666666667,0.5109375,0.3104166666666667,0.4859375,0.3229166666666667
1,0.0,0.0,-0.396875,-0.5395833333333333,0.1078125,0.09375,0.209375,0.05625,0.234375,0.04583333333333333,0.303125,-0.04791666666666667,0.309375,-0.07708333333333334,0.3125,-0.1,0.3015625,-0.16875,0.2890625,-0.18541666666666667,0.278125,-0.20208333333333334,0.2125,-0.24166666666666667,0.196875,-0.24791666666666667,0.1796875,-0.2520833333333333,0.1171875,-0.2520833333333333,0.103125,-0.25
1,0.0,0.0,0.0703125,-0.04583333333333333,0.084375,-0.0625,0.13125,-0.15208333333333332,0.1328125,-0.17708333333333334,0.1375,-0.2,0.1328125,-0.27291666666666664,0.1265625,-0.3,0.11875,-0.31875,0.1109375,-0.33541666666666664,0.0703125,-0.3770833333333333,0.05625,-0.39375,0.003125,-0.40625,-0.0125,-0.4125,-0.025,-0.4125,-0.0703125,-0.40625
1,0.0,0.0,0.0,0.0,0.0,0.0,0.0,0.0,0.565625,0.6354166666666666,0.5828125,0.6229166666666667,0.6453125,0.58125,0.65625,0.5645833333333333,0.6703125,0.55,0.7109375,0.48125,0.7109375,0.4625,0.7109375,0.44583333333333336,0.6953125,0.38333333333333336,0.6875,0.3645833333333333,0.6328125,0.31875,0.621875,0.30625
1,0.0,0.0,0.0484375,0.075,0.065625,0.12291666666666666,0.084375,0.13541666666666666,0.1703125,0.14375,0.19375,0.13958333333333334,0.234375,0.10416666666666667,0.2515625,0.06875,0.25625,0.052083333333333336,0.25625,0.03333333333333333,0.246875,-0.04583333333333333,0.2390625,-0.06666666666666667,0.2,-0.12708333333333333,0.184375,-0.1375,0.1765625,-0.14791666666666667,0.1234375,-0.18541666666666667
1,0.0,0.0,0.0453125,0.07291666666666667,0.059375,0.09583333333333334,0.0828125,0.12916666666666668,0.1625,0.1375,0.184375,0.13333333333333333,0.2328125,0.09375,0.2453125,0.06666666666666667,0.2390625,-0.022916666666666665,0.240625,-0.07083333333333333,0.19375,-0.17291666666666666,0.175,-0.19791666666666666,0.1625,-0.21041666666666667,0.09375,-0.26666666666666666,0.0765625,-0.2708333333333333,0.0171875,-0.275
1,0.0,0.0,-0.0640625,0.052083333333333336,-0.075,0.07291666666666667,-0.0828125,0.1,-0.090625,0.20833333333333334,-0.08125,0.24166666666666667,-0.034375,0.35,-0.009375,0.36875,0.0953125,0.4,0.1078125,0.38125,0.196875,0.37916666666666665,0.21875,0.32708333333333334,0.225,0.30833333333333335,0.2359375,0.28958333333333336,0.234375,0.22083333333333333,0.2328125,0.17708333333333334
1,0.0,0.0,-0.03125,0.03333333333333333,-0.0375,0.04375,-0.04375,0.05416666666666667,-0.0625,0.1125,-0.0625,0.13333333333333333,-0.0625,0.15625,-0.0484375,0.24375,-0.03125,0.2708333333333333,-0.0140625,0.2875,0.0609375,0.3104166666666667,0.0921875,0.31666666666666665,0.10625,0.31666666666666665,0.20625,0.29583333333333334,0.228125,0.28541666666666665,0.24375,0.27708333333333335
1,0.0,0.0,-0.0109375,0.0020833333333333333,-0.0375,0.008333333333333333,-0.0546875,0.01875,-0.0953125,0.06041666666666667,-0.1,0.08125,-0.0953125,0.10416666666666667,-0.0921875,0.16458333333333333,-0.096875,0.18333333333333332,-0.1078125,0.22291666666666668,-0.1125,0.30416666666666664,-0.1078125,0.32708333333333334,-0.1046875,0.34375,-0.0671875,0.3875,-0.046875,0.4041666666666667,-0.0125,0.4166666666666667
1,0.0,0.0,-0.0078125,-0.06875,-0.00625,-0.1125,-0.034375,-0.17291666666666666,-0.04375,-0.18958333333333333,-0.0546875,-0.19583333333333333,-0.1359375,-0.25416666666666665,-0.15,-0.25833333333333336,-0.1890625,-0.26666666666666666,-0.20625,-0.26875,-0.21875,-0.26875,-0.2703125,-0.24791666666666667,-0.278125,-0.24375,-0.2828125,-0.23333333333333334,-0.290625,-0.20416666666666666,-0.2921875,-0.19166666666666668
1,0.0,0.0,-0.00625,-0.020833333333333332,-0.04375,-0.10416666666666667,-0.0515625,-0.11875,-0.1046875,-0.13333333333333333,-0.115625,-0.14375,-0.1375,-0.14583333333333334,-0.15625,-0.14583333333333334,-0.1734375,-0.13958333333333334,-0.2296875,-0.12916666666666668,-0.2390625,-0.13333333333333333,-0.271875,-0.09791666666666667,-0.278125,-0.09166666666666666,-0.284375,-0.08333333333333333,-0.2875,-0.07083333333333333,-0.28125,-0.016666666666666666
1,0.0,0.0,0.01875,-0.010416666666666666,0.0296875,-0.014583333333333334,0.0453125,-0.0875,0.05,-0.11666666666666667,0.0328125,-0.19583333333333333,0.0203125,-0.2125,-0.01875,-0.2625,-0.034375,-0.2833333333333333,-0.0515625,-0.2875,-0.1046875,-0.3145833333333333,-0.1203125,-0.325,-0.15625,-0.3145833333333333,-0.1671875,-0.31666666666666665,-0.1703125,-0.3125,-0.196875,-0.29583333333333334
1,0.0,0.0,0.028125,0.058333333333333334,0.046875,0.06458333333333334,0.06875,0.075,0.1359375,0.10208333333333333,0.15625,0.1,0.16875,0.09375,0.21875,0.08333333333333333,0.2328125,0.07083333333333333,0.2390625,0.05625,0.25,0.004166666666666667,0.253125,-0.0125,0.246875,-0.03333333333333333,0.2234375,-0.09583333333333334,0.215625,-0.1125,0.1984375,-0.13125
2,0.0,0.0,0.0,0.0,-0.00625,0.0020833333333333333,-0.0078125,0.004166666666666667,-0.0015625,0.004166666666666667,0.03125,0.0020833333333333333,0.040625,0.0,0.065625,-0.008333333333333333,0.1265625,-0.010416666666666666,0.1390625,-0.0125,0.1671875,-0.010416666666666666,0.171875,-0.0125,0.178125,-0.0125,0.203125,-0.0125,0.209375,-0.0125,0.228125,-0.010416666666666666
2,0.0,0.0,0.0109375,0.0,0.0234375,0.0020833333333333333,0.0875,-0.008333333333333333,0.1125,-0.014583333333333334,0.1359375,-0.0125,0.209375,-0.016666666666666666,0.2203125,-0.022916666666666665,0.2265625,-0.022916666666666665,0.2390625,-0.022916666666666665,0.24375,-0.025,0.2453125,-0.025,0.2625,-0.025,0.2640625,-0.025,0.265625,-0.022916666666666665,0.26875,-0.022916666666666665
2,0.0,0.0,0.0140625,-0.0020833333333333333,0.0375,-0.004166666666666667,0.05625,-0.00625,0.1234375,-0.00625,0.1390625,-0.00625,0.1890625,-0.004166666666666667,0.196875,-0.004166666666666667,0.2171875,0.0,0.2234375,0.004166666666666667,0.225,0.004166666666666667,0.228125,0.004166666666666667,0.234375,0.004166666666666667,0.2359375,0.004166666666666667,0.2359375,0.008333333333333333,0.2390625,0.008333333333333333
2,0.0,0.0,0.021875,0.00625,0.0625,0.004166666666666667,0.1171875,0.004166666666666667,0.1328125,0.00625,0.15,0.00625,0.1890625,0.010416666666666666,0.19375,0.014583333333333334,0.2046875,0.0125,0.2125,0.020833333333333332,0.215625,0.022916666666666665,0.221875,0.025,0.2234375,0.022916666666666665,0.2265625,0.022916666666666665,0.2296875,0.020833333333333332,0.2296875,0.022916666666666665
2,0.0,0.0,0.0265625,0.00625,0.0484375,0.0020833333333333333,0.121875,0.004166666666666667,0.1421875,0.0020833333333333333,0.1640625,0.0020833333333333333,0.215625,0.004166666666666667,0.2203125,0.00625,0.228125,0.008333333333333333,0.246875,0.014583333333333334,0.253125,0.016666666666666666,0.2703125,0.027083333333333334,0.275,0.025,0.278125,0.025,0.2796875,0.029166666666666667,0.2828125,0.029166666666666667
2,0.0,0.0,0.0078125,0.0,0.09375,-0.008333333333333333,0.11875,-0.0125,0.153125,-0.014583333333333334,0.2296875,-0.01875,0.253125,-0.020833333333333332,0.2734375,-0.01875,0.3234375,-0.014583333333333334,0.3265625,-0.010416666666666666,0.33125,-0.0125,0.3421875,-0.008333333333333333,0.3453125,-0.00625,0.346875,-0.004166666666666667,0.3578125,0.0,0.3578125,0.0
2,0.0,0.0,0.0109375,-0.0020833333333333333,0.025,-0.004166666666666667,0.0796875,-0.00625,0.0921875,-0.010416666666666666,0.1109375,-0.00625,0.13125,-0.008333333333333333,0.1890625,-0.008333333333333333,0.2046875,-0.008333333333333333,0.2515625,-0.00625,0.2640625,-0.010416666666666666,0.271875,-0.008333333333333333,0.2828125,-0.008333333333333333,0.3171875,-0.00625,0.325,-0.004166666666666667,0.35,0.0
2,0.0,0.0,0.00625,0.004166666666666667,0.015625,0.004166666666666667,0.028125,0.0020833333333333333,0.078125,0.0020833333333333333,0.0859375,0.0020833333333333333,0.109375,0.008333333333333333,0.128125,0.008333333333333333,0.1890625,0.0020833333333333333,0.203125,0.004166666666666667,0.23125,0.010416666666666666,0.234375,0.0125,0.2375,0.0125,0.2359375,0.010416666666666666,0.2515625,0.0125,0.259375,0.010416666666666666
2,0.0,0.0,0.0015625,0.0020833333333333333,0.0015625,0.0020833333333333333,0.0015625,0.0020833333333333333,0.003125,0.0020833333333333333,0.0078125,0.0,0.015625,0.00625,0.06875,0.0375,0.096875,0.04375,0.115625,0.08333333333333333,0.15625,0.025,0.26875,0.01875,0.29375,0.020833333333333332,0.3625,0.029166666666666667,0.3703125,0.029166666666666667,0.3765625,0.029166666666666667
2,0.0,0.0,0.0265625,0.008333333333333333,0.115625,-0.0125,0.14375,-0.008333333333333333,0.1625,-0.010416666666666666,0.2515625,0.010416666666666666,0.2640625,0.01875,0.2734375,0.022916666666666665,0.2875,0.03125,0.290625,0.035416666666666666,0.290625,0.035416666666666666,0.2953125,0.0375,0.2953125,0.03958333333333333,0.296875,0.03958333333333333,0.296875,0.041666666666666664,0.2953125,0.041666666666666664
2,0.0,0.0,0.0765625,0.008333333333333333,0.103125,0.022916666666666665,0.1875,0.010416666666666666,0.2203125,-0.0020833333333333333,0.3046875,0.027083333333333334,0.3359375,0.029166666666666667,0.415625,0.035416666666666666,0.421875,0.0375,0.4421875,0.041666666666666664,0.4421875,0.04375,0.4484375,0.04583333333333333,0.45625,0.04375,0.4578125,0.04583333333333333,0.4671875,0.052083333333333336,0.4703125,0.058333333333333334
2,0.0,0.0,0.0609375,0.008333333333333333,0.0671875,0.0125,0.0765625,0.016666666666666666,0.08125,0.020833333333333332,0.0828125,0.020833333333333332,0.0875,0.022916666666666665,0.0890625,0.025,0.090625,0.029166666666666667,0.0890625,0.03125,0.0953125,0.035416666666666666,0.090625,0.12708333333333333,0.078125,0.18333333333333332,0.08125,0.22916666666666666,-0.7015625,-0.3645833333333333,-0.7015625,-0.3645833333333333
2,0.0,0.0,-0.0015625,0.0,-0.0015625,0.0,0.0046875,0.0,0.009375,0.0,0.0734375,0.0625,0.1171875,0.0625,0.209375,0.01875,0.259375,0.027083333333333334,0.278125,0.029166666666666667,0.2921875,0.029166666666666667,0.334375,0.035416666666666666,0.346875,0.04375,0.35,0.04791666666666667,0.3578125,0.052083333333333336,0.359375,0.05416666666666667
2,0.0,0.0,0.00625,0.0020833333333333333,0.0125,0.004166666666666667,0.0625,0.020833333333333332,0.115625,0.025,0.140625,0.04375,0.1671875,0.03958333333333333,0.2578125,0.008333333333333333,0.2875,0.0125,0.346875,0.016666666666666666,0.3640625,0.020833333333333332,0.3703125,0.025,0.384375,0.029166666666666667,0.384375,0.03125,0.3875,0.03125,0.39375,0.03333333333333333
2,0.0,0.0,0.028125,-0.008333333333333333,0.1515625,-0.025,0.190625,-0.03333333333333333,0.2234375,-0.025,0.2859375,-0.01875,0.2953125,-0.014583333333333334,0.3,-0.0125,0.31875,-0.010416666666666666,0.31875,-0.008333333333333333,0.3203125,-0.008333333333333333,0.328125,-0.0020833333333333333,0.3296875,0.0,0.334375,0.008333333333333333,0.346875,0.03125,0.3078125,0.2625
2,0.0,0.0,-0.0015625,0.0,-0.003125,0.0,-0.003125,0.0,-0.003125,-0.0020833333333333333,-0.0015625,0.0,0.05,0.0,0.0765625,-0.004166666666666667,0.075,-0.004166666666666667,0.1578125,-0.008333333333333333,0.1796875,-0.00625,0.1984375,-0.004166666666666667,0.2109375,-0.0020833333333333333,0.2359375,0.0,0.2375,0.0,0.2390625,0.0
2,0.0,0.0,0.0015625,0.0020833333333333333,0.003125,0.0020833333333333333,0.003125,0.0020833333333333333,0.003125,0.004166666666666667,0.003125,0.004166666666666667,0.0171875,0.008333333333333333,0.025,0.00625,0.096875,0.00625,0.1125,0.0,0.1296875,0.0,0.2046875,0.010416666666666666,0.221875,0.010416666666666666,0.2703125,0.0125,0.278125,0.014583333333333334,0.2859375,0.0125
2,0.0,0.0,0.0015625,0.0,0.0078125,0.0,0.0109375,0.0,0.034375,0.0020833333333333333,0.04375,0.0,0.05625,0.0020833333333333333,0.115625,0.0,0.1359375,0.0020833333333333333,0.1578125,0.0,0.2484375,0.0020833333333333333,0.26875,-0.0020833333333333333,0.325,0.008333333333333333,0.334375,0.008333333333333333,0.340625,0.010416666666666666,0.34375,0.010416666666666666
2,0.0,0.0,0.0015625,0.0,0.003125,0.0,0.0078125,0.0,0.04375,-0.0020833333333333333,0.0546875,-0.004166666666666667,0.0671875,-0.008333333333333333,0.1046875,-0.0020833333333333333,0.115625,-0.00625,0.15,-0.00625,0.2109375,-0.008333333333333333,0.221875,-0.008333333333333333,0.2390625,-0.008333333333333333,0.2828125,-0.00625,0.2921875,-0.00625,0.3125,-0.00625
2,0.0,0.0,0.0109375,0.0020833333333333333,-0.390625,-0.38958333333333334,-0.390625,-0.38958333333333334,0.165625,0.06875,0.2796875,0.04583333333333333,0.315625,0.010416666666666666,0.325,0.010416666666666666,0.340625,0.008333333333333333,0.3453125,0.008333333333333333,0.35,0.010416666666666666,0.3625,0.014583333333333334,0.359375,0.016666666666666666,0.3609375,0.014583333333333334,0.359375,0.016666666666666666,0.359375,0.016666666666666666
2,0.0,0.0,0.0,0.0,0.0,0.0,0.0015625,0.0,0.0,0.0,0.0,0.0,0.0140625,0.008333333333333333,0.0453125,0.03958333333333333,0.0703125,0.03125,-0.3703125,-0.34791666666666665,0.240625,0.08541666666666667,0.3453125,0.07291666666666667,0.3953125,0.05,0.415625,0.0625,0.4171875,0.06458333333333334,0.4171875,0.06458333333333334
2,0.0,0.0,0.0,-0.0020833333333333333,0.0046875,-0.0020833333333333333,0.0234375,0.0020833333333333333,0.0328125,0.004166666666666667,0.0515625,0.010416666666666666,0.1453125,0.0125,0.165625,0.01875,0.18125,0.01875,0.2390625,0.01875,0.259375,0.025,0.2765625,0.029166666666666667,0.3265625,0.041666666666666664,0.3328125,0.04583333333333333,0.3453125,0.05416666666666667,0.3453125,0.05416666666666667
2,0.0,0.0,0.0109375,0.004166666666666667,0.0375,0.014583333333333334,0.0421875,0.016666666666666666,0.0421875,0.014583333333333334,0.046875,0.014583333333333334,0.0484375,0.014583333333333334,0.05,0.014583333333333334,0.0515625,0.014583333333333334,0.0515625,0.014583333333333334,0.0515625,0.0125,0.0453125,0.00625,0.0453125,0.00625,0.046875,0.00625,0.046875,0.008333333333333333,0.0484375,0.008333333333333333
2,0.0,0.0,0.0125,0.0020833333333333333,0.1125,0.008333333333333333,-0.2890625,-0.38958333333333334,-0.2890625,-0.38958333333333334,0.290625,0.06041666666666667,0.3359375,0.010416666666666666,0.4,0.008333333333333333,0.4078125,0.008333333333333333,0.415625,0.00625,0.4203125,0.004166666666666667,0.4390625,0.0020833333333333333,0.4421875,0.0020833333333333333,0.446875,0.0020833333333333333,0.45625,0.0125,0.4609375,0.0125
2,0.0,0.0,0.0015625,0.0020833333333333333,0.0015625,0.0,0.028125,0.0020833333333333333,0.0375,0.0,0.0578125,0.0,0.0984375,0.0,0.1625,0.0020833333333333333,0.1875,0.016666666666666666,0.284375,0.022916666666666665,0.309375,0.025,0.3234375,0.029166666666666667,0.3984375,0.03958333333333333,0.4140625,0.04375,0.428125,0.05,0.471875,0.058333333333333334
2,0.0,0.0,0.0796875,0.03958333333333333,0.1109375,0.035416666666666666,0.1296875,0.008333333333333333,0.228125,0.0020833333333333333,0.253125,0.004166666666666667,0.275,0.00625,0.36875,0.01875,0.3859375,0.01875,0.403125,0.025,0.4421875,0.03125,0.44375,0.03333333333333333,0.45,0.035416666666666666,0.465625,0.035416666666666666,0.465625,0.035416666666666666,0.4671875,0.035416666666666666
2,0.0,0.0,0.00625,0.0,0.0625,0.01875,0.0890625,0.020833333333333332,0.109375,0.01875,0.1953125,0.016666666666666666,0.221875,0.016666666666666666,0.240625,0.016666666666666666,0.33125,-0.00625,0.3578125,0.0020833333333333333,0.3828125,0.00625,0.459375,0.027083333333333334,0.475,0.03333333333333333,0.4890625,0.03958333333333333,0.5265625,0.04791666666666667,0.525,0.05
2,0.0,0.0,0.0921875,0.027083333333333334,0.1375,0.052083333333333336,0.159375,0.0375,0.2953125,-0.0020833333333333333,0.315625,-0.004166666666666667,0.365625,0.004166666666666667,0.38125,0.0125,0.39375,0.016666666666666666,0.4359375,0.022916666666666665,0.4375,0.020833333333333332,0.4421875,0.020833333333333332,0.45625,0.022916666666666665,0.459375,0.025,0.465625,0.03125,0.4671875,0.03333333333333333
2,0.0,0.0,0.009375,-0.0020833333333333333,0.009375,-0.0020833333333333333,0.009375,0.0,0.0234375,0.004166666666666667,0.0359375,0.0020833333333333333,0.0515625,0.010416666666666666,0.078125,0.008333333333333333,0.2078125,0.025,0.2328125,0.025,0.3609375,0.0125,0.3859375,0.014583333333333334,0.403125,0.014583333333333334,0.4640625,0.029166666666666667,0.4734375,0.035416666666666666,0.48125,0.035416666666666666
2,0.0,0.0,0.0,0.0020833333333333333,0.0015625,0.004166666666666667,0.0265625,0.008333333333333333,-0.415625,-0.43125,-0.415625,-0.43125,0.1578125,0.17708333333333334,0.175,0.058333333333333334,0.184375,-0.01875,0.2625,-0.025,0.28125,-0.022916666666666665,0.2984375,-0.022916666666666665,0.340625,-0.016666666666666666,0.35,-0.0125,0.3578125,-0.010416666666666666,0.3828125,-0.008333333333333333
2,0.0,0.0,0.0015625,0.0,0.0046875,0.0,0.0125,-0.004166666666666667,0.028125,-0.00625,0.0390625,-0.00625,0.1015625,-0.0020833333333333333,0.121875,-0.00625,0.159375,-0.014583333333333334,0.1765625,-0.016666666666666666,0.21875,-0.010416666666666666,0.2796875,-0.010416666666666666,0.29375,-0.010416666666666666,0.3046875,-0.0125,0.328125,-0.00625,0.334375,-0.010416666666666666
2,0.0,0.0,0.0,0.0020833333333333333,0.0015625,0.0,0.003125,0.0020833333333333333,0.00625,0.0020833333333333333,0.0578125,0.010416666666666666,0.075,0.00625,0.0953125,0.0,0.2,-0.016666666666666666,0.2265625,-0.0125,0.253125,-0.016666666666666666,0.3296875,-0.022916666666666665,0.3484375,-0.01875,0.359375,-0.020833333333333332,0.4015625,-0.01875,0.40625,-0.01875
2,0.0,0.0,-0.0015625,0.0020833333333333333,0.0,0.004166666666666667,0.003125,0.004166666666666667,0.0046875,0.004166666666666667,0.0140625,0.00625,0.021875,0.004166666666666667,0.065625,0.010416666666666666,0.084375,0.010416666666666666,0.096875,0.010416666666666666,0.109375,0.004166666666666667,0.1875,0.008333333333333333,0.209375,0.004166666666666667,0.2640625,0.010416666666666666,0.2734375,0.010416666666666666,0.28125,0.0125
2,0.0,0.0,0.0,0.0020833333333333333,-0.0015625,0.0,-0.0015625,0.0020833333333333333,-0.003125,0.004166666666666667,-0.003125,0.00625,0.0015625,0.00625,0.03125,0.016666666666666666,0.0453125,0.020833333333333332,0.065625,0.014583333333333334,0.121875,0.010416666666666666,0.1515625,0.014583333333333334,0.2203125,0.0125,0.2375,0.014583333333333334,0.2546875,0.0125,0.3015625,0.0125
2,0.0,0.0,-0.0015625,0.0,-0.0015625,0.0020833333333333333,0.0,0.0020833333333333333,0.0203125,0.0,0.03125,0.0020833333333333333,0.1,0.00625,0.1109375,0.0020833333333333333,0.14375,-0.00625,0.1671875,-0.0020833333333333333,0.225,-0.00625,0.290625,-0.0020833333333333333,0.3046875,-0.00625,0.31875,-0.004166666666666667,0.3359375,-0.004166666666666667,0.359375,-0.0020833333333333333
2,0.0,0.0,0.0015625,-0.0020833333333333333,0.0015625,-0.0020833333333333333,0.0015625,0.0,0.0015625,0.0,0.0046875,0.0,0.03125,0.004166666666666667,0.040625,0.004166666666666667,0.0515625,0.004166666666666667,0.1109375,0.00625,0.125,0.0020833333333333333,0.1953125,0.004166666666666667,0.2109375,0.0020833333333333333,0.228125,0.0020833333333333333,0.29375,0.0020833333333333333,0.3109375,0.0
2,0.0,0.0,-0.0015625,0.0,0.0,0.0,-0.0015625,0.0,0.0,0.0020833333333333333,0.0203125,-0.004166666666666667,0.0296875,-0.008333333333333333,0.04375,-0.014583333333333334,-0.328125,-0.46875,0.14375,-0.020833333333333332,0.16875,-0.03333333333333333,0.265625,-0.04375,0.2859375,-0.04583333333333333,0.3,-0.04791666666666667,0.365625,-0.03958333333333333,0.38125,-0.041666666666666664
2,0.0,0.0,0.0015625,0.0020833333333333333,0.003125,0.0,0.0125,-0.0020833333333333333,0.0125,-0.0020833333333333333,0.01875,-0.0020833333333333333,0.0578125,-0.010416666666666666,0.0703125,-0.0125,0.0921875,-0.010416666666666666,0.1671875,-0.01875,0.19375,-0.035416666666666666,0.228125,-0.027083333333333334,0.3109375,-0.03958333333333333,0.3359375,-0.0375,0.3375,-0.0375,0.409375,-0.029166666666666667
2,0.0,0.0,-0.0046875,0.0020833333333333333,-0.00625,0.0020833333333333333,-0.0046875,0.0020833333333333333,0.0203125,0.0,0.03125,0.0,0.04375,0.0,0.059375,0.0,0.140625,0.004166666666666667,0.153125,0.020833333333333332,0.2671875,-0.0125,0.2984375,0.0,0.3171875,-0.004166666666666667,0.4375,0.004166666666666667,0.4421875,0.00625,0.509375,0.014583333333333334
2,0.0,0.0,-0.003125,0.0020833333333333333,-0.00625,0.004166666666666667,-0.0046875,0.004166666666666667,-0.003125,0.004166666666666667,-0.0015625,0.004166666666666667,0.0203125,0.00625,0.0328125,0.004166666666666667,-0.30625,-0.40208333333333335,0.165625,-0.00625,-0.30625,-0.40208333333333335,-0.30625,-0.40208333333333335,-0.30625,-0.40208333333333335,0.4421875,0.014583333333333334,0.4578125,0.0,0.49375,0.0
2,0.0,0.0,0.2578125,0.4708333333333333,0.259375,0.46875,0.2609375,0.4666666666666667,0.2703125,0.475,0.271875,0.4708333333333333,0.28125,0.4583333333333333,0.284375,0.45416666666666666,0.2859375,0.45208333333333334,0.290625,0.44375,0.290625,0.4479166666666667,0.29375,0.45,0.3453125,0.4270833333333333,0.365625,0.41875,0.3921875,0.42083333333333334,0.5296875,0.6291666666666667
2,0.0,0.0,0.0,0.004166666666666667,0.00625,-0.00625,0.0171875,-0.0020833333333333333,0.015625,0.0,0.0171875,0.0020833333333333333,0.0203125,0.004166666666666667,0.021875,0.004166666666666667,0.025,0.008333333333333333,0.0640625,0.00625,0.0796875,0.0020833333333333333,0.1015625,0.008333333333333333,0.1875,0.11458333333333333,-0.246875,-0.38958333333333334,0.271875,0.0625,0.36875,0.01875
2,0.0,0.0,0.003125,0.0020833333333333333,0.0078125,0.0,0.009375,0.004166666666666667,0.01875,-0.004166666666666667,0.0203125,-0.0020833333333333333,0.03125,-0.0020833333333333333,0.0390625,-0.004166666666666667,0.0875,0.014583333333333334,0.1140625,0.020833333333333332,0.221875,0.035416666666666666,0.26875,0.035416666666666666,0.321875,0.0125,0.396875,0.022916666666666665,0.4140625,0.027083333333333334,0.46875,0.022916666666666665
2,0.0,0.0,0.0015625,0.0020833333333333333,0.003125,0.0020833333333333333,0.0046875,0.0,0.0078125,0.0,0.009375,0.0020833333333333333,0.0140625,-0.004166666666666667,0.015625,0.0,0.0203125,-0.004166666666666667,0.0828125,-0.0020833333333333333,0.1140625,0.008333333333333333,-0.278125,-0.38958333333333334,-0.278125,-0.38958333333333334,-0.278125,-0.38958333333333334,0.3078125,0.016666666666666666,0.375,0.00625
2,0.0,0.0,0.0015625,0.0,0.003125,0.0,0.003125,0.0020833333333333333,0.0359375,0.0020833333333333333,0.05625,0.014583333333333334,0.0796875,0.016666666666666666,-0.271875,-0.3854166666666667,-0.271875,-0.3854166666666667,-0.271875,-0.3854166666666667,0.334375,0.01875,0.3609375,0.004166666666666667,0.384375,0.004166666666666667,0.453125,0.010416666666666666,0.4640625,0.0125,0.484375,0.0125
2,0.0,0.0,0.0421875,-0.0020833333333333333,0.059375,-0.0020833333333333333,0.0796875,0.0020833333333333333,0.096875,0.025,0.2,-0.010416666666666666,0.225,-0.00625,0.2859375,-0.0125,0.303125,-0.0125,0.321875,-0.008333333333333333,0.34375,-0.004166666666666667,0.35625,0.0,0.403125,0.0020833333333333333,0.4046875,0.00625,0.4078125,0.020833333333333332,0.4125,0.035416666666666666
2,0.0,0.0,-0.0015625,0.0020833333333333333,-0.0015625,0.0020833333333333333,-0.0015625,0.00625,0.0015625,0.00625,0.0390625,0.004166666666666667,0.071875,0.0125,0.096875,0.010416666666666666,0.1234375,0.014583333333333334,0.1890625,-0.010416666666666666,0.2125,-0.0125,0.240625,-0.0125,0.3359375,-0.014583333333333334,0.359375,-0.0125,0.3765625,-0.010416666666666666,0.409375,-0.00625
2,0.0,0.0,0.0109375,0.0,0.0234375,-0.00625,0.1046875,0.00625,0.1171875,0.0125,0.1484375,0.16875,0.2328125,0.010416666666666666,0.2515625,-0.022916666666666665,0.2625,-0.022916666666666665,0.340625,-0.01875,0.3578125,-0.016666666666666666,0.3734375,-0.016666666666666666,0.415625,-0.01875,0.4203125,-0.016666666666666666,0.4265625,-0.014583333333333334,0.4296875,-0.016666666666666666
2,0.0,0.0,0.0125,0.004166666666666667,0.0828125,0.14375,0.0984375,0.19375,0.1,0.17708333333333334,0.15,0.016666666666666666,0.1703125,-0.00625,0.190625,-0.0125,0.25,-0.03333333333333333,0.2625,-0.035416666666666666,0.3203125,-0.04583333333333333,0.3328125,-0.04375,0.34375,-0.03958333333333333,0.35625,-0.0375,0.3953125,-0.0375,0.4,-0.035416666666666666
2,0.0,0.0,0.00625,0.0020833333333333333,0.00625,0.0020833333333333333,0.0109375,0.0020833333333333333,0.11875,-0.025,0.1515625,-0.027083333333333334,0.1765625,-0.029166666666666667,0.25,-0.03125,0.271875,-0.035416666666666666,0.2984375,-0.025,0.371875,-0.022916666666666665,0.3875,-0.020833333333333332,0.39375,-0.01875,0.409375,-0.016666666666666666,0.4125,-0.01875,0.4140625,-0.01875
2,0.0,0.0,0.034375,-0.010416666666666666,0.1234375,-0.01875,0.146875,-0.025,0.1640625,-0.020833333333333332,0.1890625,-0.020833333333333332,0.24375,-0.014583333333333334,0.2546875,-0.016666666666666666,0.2859375,-0.0125,0.290625,-0.010416666666666666,0.2984375,-0.010416666666666666,0.30625,-0.008333333333333333,0.334375,0.0,0.3375,0.0020833333333333333,0.353125,0.0020833333333333333,0.35625,0.0020833333333333333
2,0.0,0.0,0.0640625,0.008333333333333333,0.0828125,-0.12708333333333333,0.1515625,-0.029166666666666667,0.1609375,-0.04583333333333333,0.15625,-0.03958333333333333,0.228125,-0.16666666666666666,0.246875,-0.19583333333333333,0.259375,-0.20833333333333334,0.290625,-0.2125,0.29375,-0.2125,0.3140625,-0.21458333333333332,0.3203125,-0.21458333333333332,0.321875,-0.21458333333333332,0.3296875,-0.21458333333333332,0.3328125,-0.2125
2,0.0,0.0,0.0,0.0,0.484375,0.6895833333333333,0.509375,0.7104166666666667,0.528125,0.5770833333333333,0.609375,0.65,0.628125,0.525,0.646875,0.525,0.6859375,0.5291666666666667,0.696875,0.5270833333333333,0.7046875,0.5270833333333333,0.753125,0.5354166666666667,0.7609375,0.5354166666666667,0.7875,0.5416666666666666,0.7921875,0.54375,0.796875,0.5458333333333333
2,0.0,0.0,-0.3546875,-0.5833333333333334,-0.3546875,-0.5833333333333334,0.0765625,0.04375,0.1609375,-0.010416666666666666,0.1796875,-0.0020833333333333333,0.2078125,0.11458333333333333,0.2875,-0.020833333333333332,0.3109375,-0.01875,0.3265625,-0.016666666666666666,0.36875,-0.014583333333333334,0.371875,-0.0125,0.378125,-0.0125,0.403125,-0.010416666666666666,0.40625,-0.008333333333333333,0.409375,-0.00625
2,0.0,0.0,0.003125,0.0,0.003125,-0.0020833333333333333,0.003125,-0.0020833333333333333,0.078125,-0.014583333333333334,0.1078125,-0.010416666666666666,0.1375,-0.016666666666666666,0.253125,-0.01875,0.2515625,-0.020833333333333332,0.2828125,-0.022916666666666665,0.4234375,-0.008333333333333333,0.4421875,-0.004166666666666667,0.453125,-0.004166666666666667,0.4765625,0.004166666666666667,0.4828125,0.008333333333333333,0.484375,0.008333333333333333
2,0.0,0.0,0.0015625,0.0,0.0015625,0.0,0.009375,0.0020833333333333333,0.0109375,0.00625,0.0203125,0.004166666666666667,0.028125,0.004166666666666667,0.0375,0.0020833333333333333,0.05,0.0020833333333333333,0.14375,0.016666666666666666,0.1734375,0.0125,0.25625,0.008333333333333333,0.2859375,0.00625,0.3109375,0.0125,0.3359375,0.016666666666666666,0.43125,0.027083333333333334
2,0.0,0.0,0.0078125,0.0020833333333333333,0.015625,0.0020833333333333333,0.0265625,-0.0020833333333333333,0.1078125,-0.00625,0.1421875,0.0020833333333333333,0.1734375,0.00625,0.3046875,-0.008333333333333333,0.34375,-0.0125,0.3765625,-0.008333333333333333,0.4734375,0.00625,0.4875,0.010416666666666666,0.4984375,0.0125,0.5109375,0.010416666666666666,0.5140625,0.0125,0.515625,0.010416666666666666
2,0.0,0.0,0.0015625,0.0,0.0015625,0.0,0.00625,0.0020833333333333333,0.009375,0.0,0.0140625,0.0020833333333333333,0.0515625,0.00625,0.0703125,0.004166666666666667,0.0890625,0.0020833333333333333,0.1828125,-0.0020833333333333333,0.2140625,-0.00625,0.2390625,-0.004166666666666667,0.2640625,0.0,0.38125,0.022916666666666665,0.4078125,0.03125,0.4828125,0.06666666666666667
2,0.0,0.0,-0.0015625,0.0020833333333333333,-0.0015625,0.0020833333333333333,-0.003125,0.0,0.0109375,0.004166666666666667,0.021875,0.0020833333333333333,0.04375,-0.0020833333333333333,0.109375,-0.0125,0.23125,-0.03125,0.290625,-0.020833333333333332,0.31875,-0.016666666666666666,0.34375,-0.014583333333333334,0.409375,-0.00625,0.425,-0.00625,0.440625,-0.0020833333333333333,0.4515625,0.0
2,0.0,0.0,0.0,0.0,0.0,0.0,0.0015625,0.0,0.0015625,0.0020833333333333333,0.028125,0.010416666666666666,0.0421875,0.008333333333333333,0.1265625,0.01875,0.15625,0.010416666666666666,0.178125,0.020833333333333332,0.2734375,0.0020833333333333333,0.2953125,0.0125,0.3140625,0.008333333333333333,0.3953125,0.022916666666666665,0.4046875,0.022916666666666665,0.41875,0.027083333333333334
2,0.0,0.0,0.0015625,0.0,0.0015625,0.0,0.0046875,0.0,0.0265625,0.0,0.040625,0.0020833333333333333,0.05625,0.00625,0.13125,0.0125,0.159375,0.008333333333333333,0.1796875,0.004166666666666667,0.2671875,0.0125,0.290625,0.014583333333333334,0.3109375,0.0125,0.3875,0.022916666666666665,0.4015625,0.025,0.4453125,0.03125
2,0.0,0.0,0.0015625,0.0,0.003125,0.0,0.0078125,0.004166666666666667,0.10625,0.010416666666666666,0.1375,0.052083333333333336,0.1828125,0.03333333333333333,0.26875,-0.00625,0.3,-0.004166666666666667,0.31875,-0.0125,0.4046875,0.0,0.4140625,0.0020833333333333333,0.4234375,0.00625,0.440625,0.014583333333333334,0.44375,0.016666666666666666,0.4484375,0.020833333333333332
2,0.0,0.0,0.0015625,0.0,0.0015625,0.0,0.00625,0.0,0.0078125,0.0,0.0125,-0.0020833333333333333,0.04375,0.0,0.0796875,0.00625,0.1015625,0.00625,0.165625,0.008333333333333333,0.1890625,0.0125,0.215625,0.0125,0.29375,0.016666666666666666,0.3296875,0.010416666666666666,0.3296875,0.016666666666666666,0.39375,0.01875
2,0.0,0.0,-0.003125,0.0,-0.0046875,0.0,-0.00625,0.0020833333333333333,-0.0109375,0.0,-0.0125,0.0,-0.0140625,0.0,0.003125,0.0020833333333333333,0.0109375,0.0020833333333333333,0.03125,0.0020833333333333333,0.0953125,-0.004166666666666667,0.1171875,-0.00625,0.1390625,-0.004166666666666667,0.1890625,0.0,0.1953125,-0.0020833333333333333,0.2015625,0.0
2,0.0,0.0,0.003125,0.0,0.00625,-0.0020833333333333333,0.0109375,-0.0020833333333333333,0.059375,-0.00625,0.071875,-0.016666666666666666,0.0890625,-0.016666666666666666,0.140625,-0.016666666666666666,0.1578125,-0.014583333333333334,0.1828125,-0.022916666666666665,0.2734375,-0.041666666666666664,0.2875,-0.0375,0.2984375,-0.041666666666666664,0.321875,-0.03958333333333333,0.328125,-0.041666666666666664,0.33125,-0.03958333333333333
2,0.0,0.0,0.0046875,0.00625,0.0109375,0.004166666666666667,0.0671875,0.0020833333333333333,-0.3328125,-0.38333333333333336,0.1375,0.07083333333333333,0.1546875,0.03125,0.2578125,-0.0125,0.2921875,-0.00625,0.365625,0.0,0.375,0.0,0.38125,0.004166666666666667,0.3859375,0.004166666666666667,0.39375,0.004166666666666667,0.3953125,0.00625,0.3953125,0.004166666666666667
2,0.0,0.0,0.0078125,0.0020833333333333333,0.0125,0.0,0.021875,0.0,0.096875,0.12708333333333333,-0.3484375,-0.4270833333333333,0.1484375,0.16666666666666666,0.228125,0.19791666666666666,0.25625,-0.014583333333333334,0.2765625,-0.010416666666666666,0.34375,-0.004166666666666667,0.3578125,-0.0020833333333333333,0.36875,0.0,0.4015625,0.0020833333333333333,0.40625,0.004166666666666667,0.4078125,0.0020833333333333333
2,0.0,0.0,0.0,0.0,0.0,0.0,0.0015625,0.0,0.003125,0.0,0.0359375,0.010416666666666666,-0.5109375,-0.3229166666666667,0.065625,0.008333333333333333,0.1234375,0.008333333333333333,0.1609375,0.008333333333333333,0.175,0.0125,0.228125,0.020833333333333332,0.240625,0.020833333333333332,0.25,0.022916666666666665,0.2671875,0.025,0.2703125,0.025
2,0.0,0.0,0.0,0.0,-0.0015625,0.0,-0.0046875,0.0,-0.00625,0.0,-0.00625,0.0,-0.00625,-0.0020833333333333333,-0.0046875,0.0,-0.00625,0.0,-0.00625,0.0,0.034375,0.004166666666666667,0.0484375,-0.004166666666666667,0.1015625,0.0020833333333333333,0.1203125,0.004166666666666667,0.1859375,0.008333333333333333,0.2078125,0.010416666666666666
2,0.0,0.0,0.0015625,0.0,0.0046875,0.0,0.0078125,0.0,0.0125,0.0,0.0515625,0.004166666666666667,0.0640625,-0.004166666666666667,0.0734375,-0.008333333333333333,0.11875,-0.016666666666666666,0.1265625,-0.01875,0.134375,-0.01875,0.1578125,-0.01875,0.1640625,-0.020833333333333332,0.2,-0.020833333333333332,0.20625,-0.01875,0.2140625,-0.01875
2,0.0,0.0,0.0015625,0.0020833333333333333,0.003125,0.00625,0.0078125,0.008333333333333333,0.009375,0.008333333333333333,0.053125,-0.0020833333333333333,0.065625,0.0,0.0796875,-0.004166666666666667,0.096875,-0.00625,0.1546875,-0.0125,0.171875,-0.014583333333333334,0.2390625,-0.014583333333333334,0.253125,-0.0125,0.2625,-0.0125,0.271875,-0.008333333333333333,0.303125,-0.0020833333333333333
2,0.0,0.0,0.0015625,0.0020833333333333333,0.00625,0.0,0.0296875,0.004166666666666667,-0.3859375,-0.44375,0.0734375,0.07708333333333334,0.1125,-0.01875,0.1234375,-0.022916666666666665,0.1671875,-0.022916666666666665,0.1828125,-0.020833333333333332,0.2171875,-0.01875,0.225,-0.022916666666666665,0.275,-0.016666666666666666,0.284375,-0.01875,0.3046875,-0.014583333333333334,0.3109375,-0.014583333333333334
2,0.0,0.0,0.0,0.0,0.0046875,-0.0020833333333333333,0.0046875,-0.0020833333333333333,0.009375,-0.0020833333333333333,0.0109375,-0.0020833333333333333,0.0109375,0.0,0.015625,0.0,0.0609375,0.03333333333333333,0.0640625,0.06041666666666667,-0.396875,-0.55,0.2,0.17291666666666666,0.21875,0.16875,0.2328125,0.0020833333333333333,0.296875,-0.0125,0.3125,-0.014583333333333334
2,0.0,0.0,-0.0015625,-0.0020833333333333333,0.0015625,0.0,0.003125,-0.004166666666666667,0.009375,0.0,0.0203125,0.004166666666666667,0.059375,0.0,0.0765625,0.0020833333333333333,0.115625,0.016666666666666666,0.1375,-0.022916666666666665,0.1578125,-0.022916666666666665,0.2375,-0.022916666666666665,0.2578125,-0.025,0.2859375,-0.01875,0.3046875,-0.022916666666666665,0.3609375,-0.01875
2,0.0,0.0,0.0015625,0.004166666666666667,0.00625,0.008333333333333333,0.0078125,0.008333333333333333,0.0109375,0.010416666666666666,0.015625,0.00625,0.065625,0.0125,0.0703125,0.016666666666666666,0.134375,-0.016666666666666666,0.1515625,-0.025,0.171875,-0.01875,0.1921875,-0.020833333333333332,0.2625,-0.025,0.28125,-0.022916666666666665,0.296875,-0.027083333333333334,0.3375,-0.01875
2,0.0,0.0,0.00625,0.0020833333333333333,0.009375,0.0020833333333333333,0.0109375,0.0,0.0328125,-0.00625,0.0453125,-0.00625,0.05625,-0.008333333333333333,0.09375,0.004166666666666667,0.103125,0.0020833333333333333,0.1171875,0.004166666666666667,0.1578125,-0.0020833333333333333,0.1765625,-0.016666666666666666,0.1921875,-0.020833333333333332,0.2109375,-0.027083333333333334,0.2671875,-0.027083333333333334,0.2796875,-0.029166666666666667
2,0.0,0.0,0.0015625,0.0,0.0046875,-0.0020833333333333333,0.0046875,-0.0020833333333333333,0.0140625,-0.0020833333333333333,0.0171875,-0.0020833333333333333,0.0421875,-0.008333333333333333,0.0578125,-0.00625,0.0578125,-0.004166666666666667,0.071875,0.016666666666666666,0.1375,0.0020833333333333333,0.15625,-0.00625,0.1875,-0.027083333333333334,0.24375,-0.022916666666666665,0.2640625,-0.03333333333333333,0.278125,-0.027083333333333334
2,0.0,0.0,0.0,-0.0020833333333333333,0.0015625,0.0,0.0,-0.0020833333333333333,0.00625,0.0020833333333333333,0.0125,0.0,0.028125,0.00625,0.040625,0.010416666666666666,0.05625,0.0125,0.140625,-0.014583333333333334,0.165625,-0.014583333333333334,0.209375,-0.016666666666666666,0.2703125,-0.016666666666666666,0.2921875,-0.016666666666666666,0.3484375,-0.014583333333333334,0.35625,-0.014583333333333334
2,0.0,0.0,0.0140625,0.0020833333333333333,-0.2984375,-0.4,-0.2984375,-0.4,0.2296875,0.1125,0.315625,0.022916666666666665,0.3546875,-0.014583333333333334,0.3703125,-0.016666666666666666,0.409375,-0.020833333333333332,0.4109375,-0.022916666666666665,0.4109375,-0.022916666666666665,0.4109375,-0.020833333333333332,0.4125,-0.01875,0.4109375,-0.01875,0.4109375,-0.008333333333333333,0.4109375,-0.004166666666666667
2,0.0,0.0,0.0,0.0,0.0,0.0,0.0,-0.0020833333333333333,0.003125,-0.004166666666666667,0.090625,0.029166666666666667,0.1203125,0.035416666666666666,0.234375,0.06041666666666667,0.26875,-0.016666666666666666,0.2953125,-0.01875,0.359375,-0.004166666666666667,0.3703125,0.0020833333333333333,0.3796875,0.008333333333333333,0.4,0.014583333333333334,0.4015625,0.014583333333333334,0.4015625,0.016666666666666666
2,0.0,0.0,0.0109375,-0.010416666666666666,0.0125,-0.010416666666666666,0.01875,-0.0125,0.021875,-0.0125,0.028125,-0.0125,0.0296875,-0.0125,0.028125,-0.0125,0.028125,-0.0125,0.03125,-0.010416666666666666,0.0359375,-0.0125,0.0625,-0.0125,-0.2875,-0.30833333333333335,-0.2875,-0.30833333333333335,-0.2875,-0.30833333333333335,0.340625,0.075
2,0.0,0.0,0.003125,0.0,0.003125,0.0020833333333333333,0.003125,0.0020833333333333333,0.0046875,0.0020833333333333333,0.0046875,0.0020833333333333333,0.0078125,0.0020833333333333333,0.03125,0.0020833333333333333,0.0703125,0.0,0.096875,-0.008333333333333333,0.1625,-0.01875,0.18125,-0.0125,0.278125,-0.014583333333333334,0.3046875,-0.016666666666666666,0.35,-0.0125,0.4046875,-0.004166666666666667
2,0.0,0.0,0.0015625,0.0,0.0078125,-0.0020833333333333333,0.0125,0.0,0.01875,-0.0020833333333333333,0.0265625,0.00625,0.03125,0.0020833333333333333,0.0390625,0.0020833333333333333,0.1125,0.0020833333333333333,0.1421875,0.014583333333333334,0.1734375,-0.0020833333333333333,-0.259375,-0.33541666666666664,0.3078125,0.035416666666666666,0.3375,-0.00625,0.396875,-0.00625,0.4046875,-0.004166666666666667
2,0.0,0.0,0.0015625,0.0,0.0046875,0.0,0.00625,-0.0020833333333333333,0.0265625,-0.0020833333333333333,0.034375,-0.004166666666666667,0.0875,0.0,0.1046875,0.0020833333333333333,0.1328125,0.0,0.15,0.004166666666666667,0.240625,-0.00625,0.2703125,-0.004166666666666667,0.34375,-0.0125,0.3671875,-0.0125,0.3828125,-0.0125,0.40625,-0.00625
2,0.0,0.0,0.0,0.0,0.0015625,0.0,0.009375,0.0,0.0109375,-0.0020833333333333333,0.009375,0.0,0.0171875,-0.004166666666666667,0.021875,-0.0020833333333333333,0.053125,-0.004166666666666667,0.0796875,-0.010416666666666666,0.0984375,-0.0125,0.1234375,-0.01875,0.2296875,-0.029166666666666667,0.25625,-0.03958333333333333,0.3328125,-0.0375,0.3765625,-0.0375
2,0.0,0.0,0.0,0.0,0.003125,0.0,0.009375,0.0,0.0140625,0.0020833333333333333,0.0421875,0.0020833333333333333,0.05625,-0.00625,0.0703125,-0.0125,0.121875,0.0125,0.165625,0.06458333333333334,0.259375,0.16041666666666668,0.303125,0.1125,0.3890625,0.0,0.4125,0.0020833333333333333,0.446875,0.010416666666666666,0.4578125,0.014583333333333334
2,0.0,0.0,0.00625,0.0,0.0078125,0.0020833333333333333,0.009375,0.004166666666666667,0.0265625,0.004166666666666667,0.034375,0.00625,0.1140625,0.022916666666666665,0.1453125,0.05,-0.234375,-0.36875,0.2609375,0.052083333333333336,0.30625,-0.010416666666666666,0.3203125,-0.014583333333333334,0.4,-0.0125,0.4140625,-0.014583333333333334,0.4296875,-0.014583333333333334,0.4828125,-0.016666666666666666
2,0.0,0.0,0.003125,0.0020833333333333333,0.0046875,0.0020833333333333333,0.009375,0.0020833333333333333,0.0375,0.0,0.046875,-0.004166666666666667,0.10625,-0.00625,0.1265625,0.025,0.1515625,0.014583333333333334,0.175,-0.008333333333333333,0.2515625,-0.029166666666666667,0.2734375,-0.025,0.2953125,-0.025,0.3515625,-0.004166666666666667,0.3671875,0.00625,0.38125,0.014583333333333334
2,0.0,0.0,0.0,0.0020833333333333333,0.0015625,0.0,0.0109375,0.0,0.015625,0.0020833333333333333,0.0390625,0.0020833333333333333,0.0515625,-0.0020833333333333333,0.0625,-0.004166666666666667,0.0765625,-0.004166666666666667,0.146875,0.00625,0.171875,-0.016666666666666666,0.2453125,-0.0375,0.271875,-0.04375,0.284375,-0.04791666666666667,0.36875,-0.027083333333333334,0.39375,-0.014583333333333334
2,0.0,0.0,-0.0015625,0.0,-0.0046875,0.0020833333333333333,-0.00625,0.0020833333333333333,-0.0078125,0.0020833333333333333,-0.0046875,-0.0020833333333333333,-0.0046875,0.0,0.0359375,-0.008333333333333333,0.0515625,-0.008333333333333333,0.071875,-0.010416666666666666,0.103125,-0.014583333333333334,0.19375,-0.008333333333333333,0.278125,-0.004166666666666667,0.2953125,0.0020833333333333333,0.309375,0.00625,0.321875,0.0125
2,0.0,0.0,0.0015625,0.00625,0.0015625,0.008333333333333333,0.003125,0.008333333333333333,0.00625,0.008333333333333333,0.0125,0.010416666666666666,0.0140625,0.0125,0.015625,0.0125,0.015625,0.008333333333333333,0.0203125,0.010416666666666666,0.0484375,0.008333333333333333,0.0625,0.008333333333333333,0.078125,0.01875,-0.3046875,-0.3145833333333333,-0.3046875,-0.3145833333333333,-0.3046875,-0.3145833333333333
2,0.0,0.0,0.0015625,0.0020833333333333333,0.0046875,0.004166666666666667,0.009375,0.004166666666666667,0.0140625,0.0020833333333333333,0.0390625,0.0020833333333333333,0.0484375,0.00625,0.0578125,0.0020833333333333333,0.0671875,0.004166666666666667,0.1203125,-0.004166666666666667,0.1296875,-0.004166666666666667,0.2109375,-0.027083333333333334,0.2234375,-0.03125,0.25,-0.025,0.2640625,-0.035416666666666666,0.35625,-0.041666666666666664
2,0.0,0.0,0.0015625,0.0020833333333333333,0.0015625,0.0,0.0015625,0.0020833333333333333,0.00625,0.0,0.0078125,0.0,0.0109375,0.004166666666666667,0.0421875,0.0020833333333333333,0.0625,0.0,0.0875,-0.00625,0.1859375,-0.020833333333333332,0.2078125,-0.025,0.2265625,-0.01875,0.3,0.0020833333333333333,0.3140625,0.004166666666666667,0.328125,0.00625
2,0.0,0.0,0.0015625,-0.0020833333333333333,0.003125,-0.0020833333333333333,0.009375,-0.0020833333333333333,0.0140625,-0.0020833333333333333,0.0296875,-0.004166666666666667,0.0390625,0.004166666666666667,0.0484375,0.0,0.0875,0.014583333333333334,0.2171875,0.19166666666666668,0.2328125,0.025,0.30625,-0.010416666666666666,0.3265625,-0.008333333333333333,0.34375,-0.0125,0.3890625,-0.008333333333333333,0.446875,0.004166666666666667
2,0.0,0.0,0.003125,0.0,0.00625,-0.0020833333333333333,0.0234375,-0.00625,0.025,-0.00625,0.0328125,-0.004166666666666667,0.0765625,-0.01875,0.084375,-0.027083333333333334,0.1609375,-0.0375,0.1796875,-0.035416666666666666,0.2,-0.035416666666666666,0.2203125,-0.035416666666666666,0.3171875,-0.035416666666666666,0.3421875,-0.03333333333333333,0.425,-0.03333333333333333,0.4390625,-0.03125
2,0.0,0.0,0.003125,0.0,0.0078125,0.0,0.0453125,-0.0020833333333333333,0.0546875,-0.00625,0.0671875,-0.008333333333333333,0.0828125,-0.0125,0.15,-0.016666666666666666,0.16875,-0.0125,0.2546875,-0.008333333333333333,0.2796875,-0.00625,0.3,-0.00625,0.3234375,-0.00625,0.396875,0.004166666666666667,0.4078125,0.010416666666666666,0.4234375,0.016666666666666666
2,0.0,0.0,0.003125,-0.0020833333333333333,0.028125,-0.0020833333333333333,0.0328125,0.0,0.0734375,-0.00625,0.084375,-0.010416666666666666,0.096875,-0.00625,0.1578125,-0.010416666666666666,0.1765625,-0.008333333333333333,0.190625,-0.0125,0.26875,0.0,0.290625,0.004166666666666667,0.309375,0.00625,0.3265625,0.010416666666666666,0.396875,0.029166666666666667,0.409375,0.035416666666666666
2,0.0,0.0,0.003125,0.0,0.009375,0.0,0.0109375,0.0020833333333333333,0.0125,0.0,0.0140625,0.0,0.05,0.004166666666666667,0.05625,-0.004166666666666667,0.096875,0.0,0.109375,-0.0020833333333333333,0.1203125,0.00625,0.175,-0.0020833333333333333,0.1921875,-0.0020833333333333333,0.2046875,-0.0020833333333333333,0.2734375,0.0,0.29375,0.008333333333333333
2,0.0,0.0,0.0015625,0.0,0.00625,0.0,0.009375,0.0,0.015625,0.004166666666666667,0.078125,-0.0020833333333333333,0.096875,-0.008333333333333333,0.121875,-0.008333333333333333,0.1890625,-0.0125,0.2125,-0.016666666666666666,0.23125,-0.014583333333333334,0.2515625,-0.0125,0.3390625,-0.00625,0.3578125,0.0020833333333333333,0.4078125,0.010416666666666666,0.4171875,0.01875
2,0.0,0.0,0.0046875,-0.004166666666666667,0.0046875,-0.0020833333333333333,0.009375,-0.004166666666666667,0.0125,-0.004166666666666667,0.021875,-0.004166666666666667,0.0234375,-0.0020833333333333333,0.059375,-0.008333333333333333,0.075,-0.0125,0.0921875,-0.010416666666666666,0.1125,-0.00625,0.1921875,-0.00625,0.2140625,-0.0020833333333333333,0.23125,-0.00625,0.296875,-0.00625,0.309375,-0.0020833333333333333
3,0.0,0.0,0.0015625,-0.0020833333333333333,0.003125,-0.0020833333333333333,0.003125,0.0,0.003125,0.0,-0.0078125,-0.0020833333333333333,-0.01875,-0.0020833333333333333,-0.03125,-0.008333333333333333,-0.115625,-0.01875,-0.1484375,-0.025,-0.165625,-0.01875,-0.2578125,-0.016666666666666666,-0.2875,-0.027083333333333334,-0.3078125,-0.025,-0.3640625,-0.016666666666666666,-0.3734375,-0.016666666666666666
3,0.0,0.0,-0.00625,-0.0020833333333333333,-0.009375,-0.0020833333333333333,-0.015625,-0.0020833333333333333,-0.0234375,-0.004166666666666667,-0.06875,-0.00625,-0.0828125,-0.00625,-0.1484375,-0.008333333333333333,-0.1625,-0.008333333333333333,-0.18125,-0.010416666666666666,-0.2,-0.010416666666666666,-0.2703125,-0.0125,-0.2890625,-0.0020833333333333333,-0.35,0.0,-0.365625,0.0,-0.378125,0.0020833333333333333
3,0.0,0.0,-0.00625,-0.004166666666666667,-0.0109375,-0.004166666666666667,-0.0640625,-0.0125,-0.0859375,-0.008333333333333333,-0.146875,-0.010416666666666666,-0.16875,-0.010416666666666666,-0.19375,-0.0125,-0.303125,0.010416666666666666,-0.328125,0.00625,-0.35625,0.010416666666666666,-0.41875,0.022916666666666665,-0.4390625,0.029166666666666667,-0.4515625,0.03333333333333333,-0.4609375,0.03333333333333333,-0.4890625,0.03333333333333333
3,0.0,0.0,0.0015625,0.0,0.0046875,0.004166666666666667,0.0046875,0.004166666666666667,0.0046875,0.004166666666666667,-0.0046875,0.0,-0.0125,0.0020833333333333333,-0.021875,0.0,-0.0765625,-0.0125,-0.0921875,-0.00625,-0.1515625,-0.01875,-0.2203125,-0.01875,-0.25,-0.014583333333333334,-0.2703125,-0.004166666666666667,-0.35625,0.004166666666666667,-0.371875,0.004166666666666667
3,0.0,0.0,-0.0015625,-0.0020833333333333333,-0.003125,-0.0020833333333333333,-0.0140625,-0.00625,-0.021875,-0.00625,-0.0296875,-0.00625,-0.0734375,-0.016666666666666666,-0.0890625,-0.016666666666666666,-0.1,-0.0125,-0.2046875,-0.010416666666666666,-0.225,0.00625,-0.25,-0.004166666666666667,-0.3390625,0.0125,-0.3671875,0.004166666666666667,-0.3828125,0.010416666666666666,-0.4390625,0.027083333333333334
3,0.0,0.0,-0.015625,-0.004166666666666667,-0.0234375,-0.00625,-0.03125,-0.004166666666666667,-0.075,-0.008333333333333333,-0.0875,-0.008333333333333333,-0.0984375,-0.00625,-0.19375,0.0020833333333333333,-0.2171875,0.008333333333333333,-0.2375,0.010416666666666666,-0.3109375,0.04791666666666667,-0.3375,0.01875,-0.35625,0.027083333333333334,-0.4265625,0.04375,-0.434375,0.04791666666666667,-0.4625,0.05
3,0.0,0.0,-0.0140625,-0.004166666666666667,-0.021875,-0.00625,-0.0828125,-0.01875,-0.1078125,-0.016666666666666666,-0.1234375,-0.00625,-0.1265625,-0.010416666666666666,-0.7015625,-0.55625,-0.7015625,-0.55625,-0.3046875,0.025,-0.375,0.035416666666666666,-0.3953125,0.01875,-0.4609375,0.029166666666666667,-0.46875,0.025,-0.471875,0.025,-0.4765625,0.025
3,0.0,0.0,0.0,0.0,-0.0015625,0.0020833333333333333,-0.003125,0.004166666666666667,-0.015625,0.00625,-0.0578125,0.020833333333333332,-0.075,0.022916666666666665,-0.0890625,0.022916666666666665,-0.1046875,0.029166666666666667,-0.1703125,0.052083333333333336,-0.2328125,0.07708333333333334,-0.2421875,0.08541666666666667,-0.2515625,0.08541666666666667,-0.25625,0.0875,-0.3078125,0.11875,-0.30625,0.11458333333333333
3,0.0,0.0,-0.0078125,-0.004166666666666667,-0.0125,-0.0125,-0.01875,-0.035416666666666666,-0.021875,-0.03958333333333333,-0.0265625,-0.041666666666666664,-0.0390625,-0.05,-0.04375,-0.05,-0.046875,-0.05,-0.090625,-0.05416666666666667,-0.1078125,-0.05625,-0.1265625,-0.06041666666666667,-0.21875,-0.05416666666666667,-0.24375,-0.05625,-0.2609375,-0.052083333333333336,-0.33125,-0.04583333333333333
3,0.0,0.0,-0.0015625,0.0,-0.0015625,0.0,-0.00625,-0.0020833333333333333,-0.009375,-0.0020833333333333333,-0.0109375,-0.0020833333333333333,-0.0125,-0.0020833333333333333,-0.0390625,-0.004166666666666667,-0.05,-0.00625,-0.1328125,-0.0020833333333333333,-0.14375,0.0020833333333333333,-0.165625,0.004166666666666667,-0.1953125,0.010416666666666666,-0.25,0.014583333333333334,-0.2625,0.020833333333333332,-0.3015625,0.025
3,0.0,0.0,-0.0015625,0.0,-0.0171875,-0.00625,-0.025,-0.0020833333333333333,-0.0703125,-0.010416666666666666,-0.0796875,-0.0125,-0.09375,-0.0125,-0.10625,-0.014583333333333334,-0.15625,-0.016666666666666666,-0.175,-0.014583333333333334,-0.2171875,-0.020833333333333332,-0.228125,-0.020833333333333332,-0.2375,-0.022916666666666665,-0.246875,-0.022916666666666665,-0.28125,-0.020833333333333332,-0.284375,-0.022916666666666665
3,0.0,0.0,-0.009375,0.0,-0.03125,-0.0020833333333333333,-0.08125,-0.014583333333333334,-0.09375,-0.010416666666666666,-0.1078125,-0.014583333333333334,-0.14375,-0.016666666666666666,-0.1578125,-0.014583333333333334,-0.1890625,-0.016666666666666666,-0.2328125,-0.020833333333333332,-0.2453125,-0.01875,-0.2609375,-0.01875,-0.2953125,-0.016666666666666666,-0.3078125,-0.0125,-0.33125,-0.010416666666666666,-0.3578125,-0.010416666666666666
3,0.0,0.0,-0.0140625,-0.004166666666666667,-0.0171875,-0.004166666666666667,-0.0203125,-0.004166666666666667,-0.0421875,-0.00625,-0.046875,-0.00625,-0.0796875,-0.010416666666666666,-0.0875,-0.014583333333333334,-0.0984375,-0.0125,-0.1515625,-0.00625,-0.1734375,-0.004166666666666667,-0.184375,-0.004166666666666667,-0.2390625,-0.00625,-0.2515625,-0.0020833333333333333,-0.2625,-0.004166666666666667,-0.3015625,0.0
3,0.0,0.0,-0.0015625,0.0,-0.0046875,0.0,-0.025,-0.004166666666666667,-0.028125,-0.00625,-0.0375,-0.008333333333333333,-0.0671875,-0.010416666666666666,-0.0734375,-0.0125,-0.08125,-0.010416666666666666,-0.090625,-0.0125,-0.128125,-0.014583333333333334,-0.1359375,-0.0125,-0.1421875,-0.0125,-0.178125,-0.014583333333333334,-0.1890625,-0.0125,-0.1953125,-0.014583333333333334
3,0.0,0.0,-0.0015625,-0.0020833333333333333,-0.003125,-0.0020833333333333333,-0.0171875,0.0,-0.0328125,0.0,-0.1328125,0.016666666666666666,-0.1484375,0.08958333333333333,-0.58125,-0.3458333333333333,-0.296875,0.04791666666666667,-0.321875,0.025,-0.3859375,0.022916666666666665,-0.396875,0.022916666666666665,-0.4,0.022916666666666665,-0.4046875,0.020833333333333332,-0.40625,0.016666666666666666,-0.4046875,0.016666666666666666
3,0.0,0.0,0.0,0.0,-0.0234375,0.0,-0.034375,0.0,-0.0328125,-0.0020833333333333333,-0.115625,0.00625,-0.15,0.010416666666666666,-0.1734375,0.014583333333333334,-0.1953125,0.03333333333333333,-0.2625,0.008333333333333333,-0.290625,0.010416666666666666,-0.3546875,0.00625,-0.3609375,0.008333333333333333,-0.3640625,0.008333333333333333,-0.3765625,0.0020833333333333333,-0.378125,0.004166666666666667
3,0.0,0.0,0.0,0.0,-0.00625,0.0,-0.0140625,0.0020833333333333333,-0.021875,0.0020833333333333333,-0.09375,0.020833333333333332,-0.121875,0.0125,-0.1453125,0.01875,-0.2171875,0.0020833333333333333,-0.2359375,0.004166666666666667,-0.253125,0.0020833333333333333,-0.3296875,0.004166666666666667,-0.340625,0.0,-0.3421875,0.0020833333333333333,-0.365625,0.008333333333333333,-0.371875,0.004166666666666667
3,0.0,0.0,0.0,0.0,0.0,0.0,-0.009375,0.0,-0.0171875,-0.0020833333333333333,-0.084375,0.0020833333333333333,-0.109375,0.004166666666666667,-0.1375,0.0125,-0.1578125,0.0125,-0.2453125,0.014583333333333334,-0.271875,0.0125,-0.3375,0.016666666666666666,-0.3515625,0.010416666666666666,-0.36875,0.03125,-0.4,0.025,-0.4109375,0.0125
3,0.0,0.0,-0.0046875,0.0,-0.00625,0.0,-0.0078125,0.0,-0.0140625,0.0,-0.0203125,0.0,-0.025,0.0020833333333333333,-0.06875,0.0020833333333333333,-0.090625,-0.0020833333333333333,-0.1109375,-0.010416666666666666,-0.1953125,-0.0125,-0.2203125,-0.014583333333333334,-0.2453125,-0.0125,-0.31875,-0.0125,-0.3390625,-0.014583333333333334,-0.35625,-0.01875
3,0.0,0.0,-0.003125,0.0,-0.0234375,0.0,-0.03125,-0.0020833333333333333,-0.0421875,0.004166666666666667,-0.1046875,0.0125,-0.134375,0.014583333333333334,-0.1609375,0.0125,-0.246875,0.010416666666666666,-0.271875,0.008333333333333333,-0.290625,0.0020833333333333333,-0.3515625,-0.008333333333333333,-0.3640625,-0.00625,-0.375,-0.00625,-0.409375,-0.010416666666666666,-0.4140625,-0.010416666666666666
3,0.0,0.0,0.0,0.0,-0.0109375,-0.0020833333333333333,-0.01875,0.0,-0.0390625,0.010416666666666666,-0.11875,0.022916666666666665,-0.1609375,0.016666666666666666,-0.159375,0.016666666666666666,-0.2703125,0.010416666666666666,-0.3015625,0.00625,-0.346875,0.0020833333333333333,-0.3765625,0.004166666666666667,-0.4171875,0.0,-0.45,0.0,-0.4515625,0.0,-0.4515625,0.0
3,0.0,0.0,-0.0046875,0.0,-0.034375,0.00625,-0.0421875,0.00625,-0.053125,0.014583333333333334,-0.0625,0.020833333333333332,-0.1484375,0.025,-0.1765625,0.027083333333333334,-0.2765625,0.03333333333333333,-0.3,0.022916666666666665,-0.3171875,0.027083333333333334,-0.334375,0.020833333333333332,-0.38125,0.03125,-0.3953125,0.022916666666666665,-0.4296875,0.025,-0.4359375,0.020833333333333332
3,0.0,0.0,-0.0328125,0.0020833333333333333,-0.0484375,0.0,-0.065625,0.0,-0.1578125,0.004166666666666667,-0.1921875,-0.0020833333333333333,-0.21875,0.00625,-0.3078125,0.00625,-0.3375,0.010416666666666666,-0.3484375,0.010416666666666666,-0.396875,0.01875,-0.4140625,0.020833333333333332,-0.4265625,0.01875,-0.4546875,0.016666666666666666,-0.45625,0.014583333333333334,-0.459375,0.014583333333333334
3,0.0,0.0,0.0078125,0.0020833333333333333,0.00625,0.0020833333333333333,0.0078125,0.0020833333333333333,0.0078125,0.004166666666666667,0.00625,0.004166666666666667,0.003125,0.00625,-0.015625,0.010416666666666666,-0.0203125,0.010416666666666666,-0.028125,0.0125,-0.0734375,0.020833333333333332,-0.09375,0.01875,-0.1140625,0.01875,-0.1921875,0.020833333333333332,-0.2125,0.01875,-0.2328125,0.014583333333333334
3,0.0,0.0,-0.0078125,0.0,-0.0109375,-0.0020833333333333333,-0.015625,0.0,-0.0578125,-0.00625,-0.0734375,-0.008333333333333333,-0.14375,-0.00625,-0.165625,0.0,-0.1859375,0.004166666666666667,-0.1859375,0.0,-0.24375,0.0,-0.2484375,0.0,-0.2578125,0.004166666666666667,-0.2578125,0.004166666666666667,-0.2578125,0.00625,-0.259375,0.00625
3,0.0,0.0,0.0,0.0,-0.003125,-0.0020833333333333333,-0.0078125,-0.004166666666666667,-0.0109375,-0.00625,-0.015625,-0.00625,-0.0359375,-0.004166666666666667,-0.1140625,0.0020833333333333333,-0.146875,0.004166666666666667,-0.203125,0.01875,-0.228125,0.025,-0.246875,0.01875,-0.2734375,0.014583333333333334,-0.28125,0.010416666666666666,-0.290625,0.014583333333333334,-0.29375,0.014583333333333334
3,0.0,0.0,-0.003125,0.0020833333333333333,-0.0015625,0.004166666666666667,-0.00625,0.004166666666666667,-0.0125,0.004166666666666667,-0.0171875,0.004166666666666667,-0.0859375,0.004166666666666667,-0.1140625,0.0,-0.1390625,0.00625,-0.2484375,0.0,-0.26875,-0.008333333333333333,-0.2921875,-0.010416666666666666,-0.30625,-0.016666666666666666,-0.3328125,-0.01875,-0.33125,-0.014583333333333334,-0.3328125,-0.0125
3,0.0,0.0,0.009375,0.004166666666666667,0.0140625,0.00625,0.0265625,0.016666666666666666,0.0265625,0.01875,0.025,0.01875,0.025,0.01875,0.021875,0.01875,0.0109375,0.016666666666666666,0.00625,0.016666666666666666,-0.0296875,0.016666666666666666,-0.04375,0.022916666666666665,-0.059375,0.01875,-0.121875,0.022916666666666665,-0.1359375,0.029166666666666667,-0.1515625,0.035416666666666666
3,0.0,0.0,0.0,0.0,-0.0015625,0.0,-0.015625,0.0,-0.0234375,-0.0020833333333333333,-0.034375,-0.004166666666666667,-0.08125,-0.010416666666666666,-0.096875,-0.00625,-0.1140625,-0.0125,-0.128125,-0.008333333333333333,-0.1984375,-0.016666666666666666,-0.215625,-0.008333333333333333,-0.2609375,-0.00625,-0.2734375,-0.00625,-0.28125,-0.004166666666666667,-0.2890625,-0.0020833333333333333
3,0.0,0.0,-0.0015625,-0.0020833333333333333,-0.034375,-0.004166666666666667,-0.0453125,-0.008333333333333333,-0.109375,-0.027083333333333334,-0.13125,-0.03125,-0.146875,-0.03125,-0.2140625,-0.035416666666666666,-0.2296875,-0.03958333333333333,-0.240625,-0.04375,-0.26875,-0.04375,-0.2734375,-0.04791666666666667,-0.275,-0.04375,-0.2875,-0.04583333333333333,-0.2875,-0.041666666666666664,-0.2890625,-0.03958333333333333
3,0.0,0.0,-0.0046875,-0.0020833333333333333,-0.009375,-0.004166666666666667,-0.0390625,-0.010416666666666666,-0.053125,-0.0125,-0.1171875,-0.01875,-0.1265625,-0.014583333333333334,-0.1375,-0.016666666666666666,-0.175,-0.014583333333333334,-0.184375,-0.0125,-0.19375,-0.014583333333333334,-0.203125,-0.014583333333333334,-0.2359375,-0.00625,-0.24375,-0.00625,-0.2609375,-0.0020833333333333333,-0.2640625,0.0020833333333333333
3,0.0,0.0,0.003125,0.0,0.003125,0.0,0.003125,0.0,-0.0171875,0.00625,-0.0265625,0.008333333333333333,-0.0640625,0.01875,-0.08125,0.022916666666666665,-0.0890625,0.027083333333333334,-0.146875,0.0375,-0.1546875,0.041666666666666664,-0.1640625,0.04375,-0.1703125,0.04375,-0.1859375,0.05,-0.190625,0.052083333333333336,-0.2015625,0.05416666666666667
3,0.0,0.0,0.00625,0.0,0.025,0.00625,0.0265625,0.008333333333333333,0.0265625,0.010416666666666666,0.0234375,0.010416666666666666,0.0203125,0.010416666666666666,-0.00625,0.0125,-0.01875,0.014583333333333334,-0.06875,0.010416666666666666,-0.0828125,0.014583333333333334,-0.0984375,0.0125,-0.1171875,0.010416666666666666,-0.190625,-0.004166666666666667,-0.2140625,-0.0020833333333333333,-0.2609375,-0.00625
3,0.0,0.0,-0.003125,0.0020833333333333333,-0.0609375,0.0125,-0.0890625,0.010416666666666666,-0.115625,0.0125,-0.146875,0.010416666666666666,-0.221875,0.010416666666666666,-0.2453125,0.0125,-0.278125,0.004166666666666667,-0.2875,0.004166666666666667,-0.2859375,0.008333333333333333,-0.30625,0.06875,-0.321875,0.008333333333333333,-0.3265625,0.08541666666666667,-0.3421875,0.03125,-0.3453125,0.010416666666666666
3,0.0,0.0,0.0109375,0.008333333333333333,0.05,0.027083333333333334,0.0578125,0.027083333333333334,0.0609375,0.027083333333333334,0.0625,0.029166666666666667,0.05625,0.03125,0.0484375,0.03125,0.00625,0.025,0.00625,0.020833333333333332,-0.0625,0.016666666666666666,-0.0796875,0.016666666666666666,-0.0921875,0.016666666666666666,-0.1109375,0.014583333333333334,-0.159375,0.008333333333333333,-0.178125,0.010416666666666666
3,0.0,0.0,0.025,0.0020833333333333333,0.025,0.004166666666666667,0.0078125,0.004166666666666667,0.0046875,0.0020833333333333333,-0.0015625,0.0020833333333333333,-0.046875,0.010416666666666666,-0.059375,0.008333333333333333,-0.0703125,0.008333333333333333,-0.1046875,0.010416666666666666,-0.115625,0.008333333333333333,-0.134375,0.008333333333333333,-0.1359375,0.00625,-0.1828125,0.00625,-0.1953125,0.008333333333333333,-0.225,0.014583333333333334
3,0.0,0.0,0.003125,0.0,-0.015625,-0.004166666666666667,-0.0421875,-0.00625,-0.05625,-0.008333333333333333,-0.0734375,-0.00625,-0.0859375,-0.0125,-0.1015625,-0.0125,-0.1828125,-0.01875,-0.19375,-0.025,-0.2671875,-0.014583333333333334,-0.284375,-0.010416666666666666,-0.30625,-0.010416666666666666,-0.3375,-0.010416666666666666,-0.3453125,-0.00625,-0.3484375,-0.00625
3,0.0,0.0,-0.003125,0.0020833333333333333,-0.00625,0.0020833333333333333,-0.0265625,0.0020833333333333333,-0.0359375,-0.0020833333333333333,-0.071875,-0.004166666666666667,-0.0859375,-0.004166666666666667,-0.0984375,-0.00625,-0.109375,-0.00625,-0.171875,-0.0125,-0.184375,-0.0125,-0.2453125,-0.0125,-0.25625,-0.0125,-0.2671875,-0.008333333333333333,-0.296875,-0.014583333333333334,-0.3078125,-0.0125
3,0.0,0.0,-0.0046875,-0.0020833333333333333,-0.021875,-0.004166666666666667,-0.0265625,-0.0020833333333333333,-0.03125,-0.0020833333333333333,-0.0546875,-0.0020833333333333333,-0.0625,-0.004166666666666667,-0.071875,-0.0020833333333333333,-0.109375,-0.00625,-0.11875,-0.004166666666666667,-0.1296875,-0.008333333333333333,-0.165625,-0.0125,-0.1765625,-0.00625,-0.190625,-0.004166666666666667,-0.2390625,-0.00625,-0.2484375,-0.00625
3,0.0,0.0,-0.0015625,0.0,-0.015625,-0.004166666666666667,-0.0203125,-0.004166666666666667,-0.025,-0.004166666666666667,-0.03125,-0.00625,-0.0796875,-0.00625,-0.096875,-0.004166666666666667,-0.1671875,-0.010416666666666666,-0.18125,-0.010416666666666666,-0.1953125,-0.008333333333333333,-0.2140625,-0.010416666666666666,-0.2640625,-0.00625,-0.2734375,-0.004166666666666667,-0.284375,-0.008333333333333333,-0.3078125,-0.008333333333333333
3,0.0,0.0,0.003125,-0.0020833333333333333,0.003125,-0.0020833333333333333,0.003125,-0.0020833333333333333,-0.021875,-0.008333333333333333,-0.0296875,-0.008333333333333333,-0.065625,-0.008333333333333333,-0.0796875,-0.010416666666666666,-0.0953125,-0.010416666666666666,-0.1125,-0.008333333333333333,-0.1828125,-0.0020833333333333333,-0.2,-0.004166666666666667,-0.234375,-0.0020833333333333333,-0.2421875,-0.0020833333333333333,-0.2515625,0.0020833333333333333,-0.2609375,0.0020833333333333333
3,0.0,0.0,0.0390625,0.0020833333333333333,0.0453125,0.004166666666666667,0.05,-0.0020833333333333333,0.059375,-0.004166666666666667,0.059375,-0.004166666666666667,0.059375,-0.004166666666666667,0.0515625,-0.004166666666666667,0.0484375,-0.004166666666666667,0.0421875,-0.0020833333333333333,-0.009375,-0.00625,-0.0296875,-0.004166666666666667,-0.0546875,0.0,-0.1625,-0.004166666666666667,-0.1953125,-0.016666666666666666,-0.2203125,-0.008333333333333333
3,0.0,0.0,-0.009375,-0.00625,-0.0171875,-0.010416666666666666,-0.0296875,-0.016666666666666666,-0.028125,-0.0125,-0.03125,-0.014583333333333334,-0.0328125,-0.016666666666666666,-0.059375,-0.014583333333333334,-0.0765625,-0.016666666666666666,-0.1265625,-0.0125,-0.1453125,-0.0020833333333333333,-0.1625,-0.010416666666666666,-0.1828125,-0.0020833333333333333,-0.2625,0.016666666666666666,-0.2875,0.014583333333333334,-0.3078125,0.014583333333333334
3,0.0,0.0,-0.0015625,0.0020833333333333333,0.0,0.0020833333333333333,-0.0015625,0.0020833333333333333,0.0,0.0020833333333333333,0.0,0.00625,-0.015625,0.010416666666666666,-0.0265625,0.008333333333333333,-0.04375,0.008333333333333333,-0.1140625,0.010416666666666666,-0.11875,0.004166666666666667,-0.1390625,0.0125,-0.2171875,-0.00625,-0.23125,0.0,-0.2421875,-0.004166666666666667,-0.2671875,-0.010416666666666666
3,0.0,0.0,0.0,-0.0020833333333333333,-0.0015625,0.0,-0.009375,0.0,-0.0140625,0.0,-0.021875,-0.0020833333333333333,-0.059375,-0.008333333333333333,-0.075,-0.004166666666666667,-0.0734375,-0.010416666666666666,-0.1390625,-0.014583333333333334,-0.146875,-0.010416666666666666,-0.165625,-0.014583333333333334,-0.184375,-0.01875,-0.2453125,-0.0125,-0.26875,-0.020833333333333332,-0.3125,-0.029166666666666667
3,0.0,0.0,-0.003125,0.0,-0.0078125,0.0020833333333333333,-0.0125,0.00625,-0.05625,0.0125,-0.071875,0.014583333333333334,-0.0859375,0.014583333333333334,-0.1453125,0.008333333333333333,-0.1625,0.004166666666666667,-0.178125,0.008333333333333333,-0.2265625,0.0,-0.2421875,0.004166666666666667,-0.253125,0.004166666666666667,-0.3,0.008333333333333333,-0.540625,-0.26875,-0.3421875,0.00625
3,0.0,0.0,0.003125,-0.0020833333333333333,0.0015625,-0.004166666666666667,0.0,-0.00625,-0.0203125,-0.00625,-0.0265625,-0.010416666666666666,-0.0359375,-0.00625,-0.08125,-0.0020833333333333333,-0.096875,0.0,-0.1140625,0.0,-0.1890625,0.004166666666666667,-0.2109375,0.004166666666666667,-0.2328125,0.00625,-0.2984375,0.010416666666666666,-0.3125,0.010416666666666666,-0.3265625,0.008333333333333333
3,0.0,0.0,0.00625,0.0020833333333333333,0.0109375,0.004166666666666667,0.009375,0.0,0.0046875,0.0,-0.015625,-0.008333333333333333,-0.021875,-0.00625,-0.0328125,-0.0020833333333333333,-0.096875,-0.010416666666666666,-0.1109375,-0.010416666666666666,-0.19375,0.0,-0.215625,-0.0020833333333333333,-0.2234375,0.008333333333333333,-0.284375,0.00625,-0.3,-0.0020833333333333333,-0.3109375,0.0020833333333333333
3,0.0,0.0,0.0046875,0.0020833333333333333,0.00625,0.004166666666666667,0.003125,0.008333333333333333,0.0015625,0.008333333333333333,-0.0203125,0.008333333333333333,-0.03125,0.00625,-0.0421875,0.008333333333333333,-0.1078125,0.01875,-0.128125,0.020833333333333332,-0.209375,0.01875,-0.2328125,0.020833333333333332,-0.25,0.020833333333333332,-0.26875,0.01875,-0.3234375,0.022916666666666665,-0.334375,0.022916666666666665
3,0.0,0.0,-0.003125,0.0020833333333333333,-0.003125,0.0,-0.0046875,0.0020833333333333333,-0.0296875,0.004166666666666667,-0.040625,0.008333333333333333,-0.040625,0.0020833333333333333,-0.0921875,0.00625,-0.125,0.010416666666666666,-0.1421875,0.0125,-0.159375,0.0125,-0.2078125,0.004166666666666667,-0.225,0.0020833333333333333,-0.2828125,-0.004166666666666667,-0.3078125,-0.008333333333333333,-0.3171875,-0.008333333333333333
3,0.0,0.0,0.015625,0.004166666666666667,0.0359375,0.0020833333333333333,0.053125,0.010416666666666666,0.0546875,0.010416666666666666,0.05625,0.0125,0.046875,0.020833333333333332,0.040625,0.022916666666666665,0.0234375,0.027083333333333334,-0.003125,0.03125,-0.015625,0.025,-0.0265625,0.025,-0.0921875,0.027083333333333334,-0.1078125,0.029166666666666667,-0.159375,0.025,-0.1703125,0.025
3,0.0,0.0,0.0203125,0.0020833333333333333,0.0453125,0.0020833333333333333,0.1015625,0.008333333333333333,0.115625,0.014583333333333334,0.15,0.03333333333333333,0.153125,0.035416666666666666,0.153125,0.035416666666666666,0.1421875,0.0375,0.1375,0.0375,0.1265625,0.0375,0.08125,0.03333333333333333,0.0609375,0.03125,0.046875,0.027083333333333334,-0.01875,0.0375,-0.0375,0.03333333333333333
3,0.0,0.0,-0.003125,0.0,0.0,0.0,-0.0109375,0.0,-0.0171875,-0.004166666666666667,-0.0265625,-0.00625,-0.075,-0.01875,-0.0953125,-0.01875,-0.115625,-0.014583333333333334,-0.1921875,-0.027083333333333334,-0.2140625,-0.03125,-0.228125,-0.029166666666666667,-0.284375,-0.05416666666666667,-0.2984375,-0.05416666666666667,-0.30625,-0.052083333333333336,-0.3453125,-0.0625
3,0.0,0.0,0.0015625,-0.0020833333333333333,-0.00625,0.0,-0.01875,0.0020833333333333333,-0.028125,0.00625,-0.09375,-0.0020833333333333333,-0.1078125,0.0,-0.128125,-0.008333333333333333,-0.153125,-0.004166666666666667,-0.2234375,-0.014583333333333334,-0.24375,-0.01875,-0.3015625,-0.022916666666666665,-0.31875,-0.027083333333333334,-0.3328125,-0.025,-0.375,-0.022916666666666665,-0.3890625,-0.022916666666666665
3,0.0,0.0,-0.003125,0.0020833333333333333,-0.0453125,0.008333333333333333,-0.053125,0.004166666666666667,-0.071875,0.0,-0.153125,-0.008333333333333333,-0.171875,-0.0020833333333333333,-0.2,-0.00625,-0.2921875,0.0020833333333333333,-0.31875,-0.0020833333333333333,-0.33125,0.0,-0.3859375,0.0020833333333333333,-0.4015625,-0.0020833333333333333,-0.409375,0.004166666666666667,-0.4421875,0.014583333333333334,-0.453125,0.014583333333333334
3,0.0,0.0,0.0,0.0,-0.0015625,0.0,-0.003125,0.0,-0.0015625,0.0020833333333333333,-0.003125,0.0020833333333333333,-0.0015625,0.004166666666666667,-0.003125,0.00625,-0.009375,0.004166666666666667,-0.078125,0.010416666666666666,-0.1078125,0.0125,-0.1390625,0.0125,-0.2421875,0.00625,-0.265625,0.004166666666666667,-0.3078125,-0.008333333333333333,-0.3140625,-0.00625
3,0.0,0.0,-0.0046875,-0.0020833333333333333,-0.0109375,0.0,-0.0171875,0.0,-0.05,0.00625,-0.0609375,0.010416666666666666,-0.0734375,0.014583333333333334,-0.128125,0.022916666666666665,-0.1453125,0.01875,-0.1640625,0.020833333333333332,-0.234375,0.016666666666666666,-0.2515625,0.01875,-0.265625,0.010416666666666666,-0.284375,0.008333333333333333,-0.2875,0.004166666666666667,-0.2890625,0.004166666666666667
3,0.0,0.0,-0.0078125,0.0020833333333333333,-0.0140625,0.0,-0.0234375,0.0,-0.0625,0.008333333333333333,-0.0734375,0.010416666666666666,-0.1234375,0.016666666666666666,-0.1390625,0.0125,-0.15,0.0125,-0.1671875,0.010416666666666666,-0.221875,0.0,-0.234375,0.0,-0.2640625,-0.008333333333333333,-0.271875,-0.010416666666666666,-0.275,-0.00625,-0.278125,-0.00625
3,0.0,0.0,-0.00625,0.0,-0.009375,0.004166666666666667,-0.0171875,0.00625,-0.028125,0.008333333333333333,-0.0921875,0.008333333333333333,-0.1140625,0.008333333333333333,-0.1921875,0.0020833333333333333,-0.2125,0.008333333333333333,-0.2328125,0.00625,-0.2890625,0.0020833333333333333,-0.3015625,0.00625,-0.309375,0.0020833333333333333,-0.328125,0.008333333333333333,-0.3328125,0.00625,-0.3390625,0.004166666666666667
3,0.0,0.0,-0.0015625,0.0,-0.003125,0.0,-0.0078125,0.0020833333333333333,-0.0390625,0.0020833333333333333,-0.040625,0.0020833333333333333,-0.11875,0.0020833333333333333,-0.16875,-0.010416666666666666,-0.190625,-0.00625,-0.209375,-0.010416666666666666,-0.25625,-0.004166666666666667,-0.2703125,0.0,-0.3046875,0.004166666666666667,-0.328125,0.004166666666666667,-0.3390625,0.004166666666666667,-0.3625,0.008333333333333333
3,0.0,0.0,-0.0109375,-0.0020833333333333333,-0.0578125,-0.008333333333333333,-0.06875,-0.00625,-0.0828125,-0.00625,-0.1078125,-0.008333333333333333,-0.1515625,-0.008333333333333333,-0.1671875,-0.004166666666666667,-0.2296875,0.00625,-0.2453125,0.004166666666666667,-0.2578125,0.008333333333333333,-0.2828125,0.010416666666666666,-0.3046875,0.010416666666666666,-0.3140625,0.010416666666666666,-0.33125,0.014583333333333334,-0.3359375,0.0125
3,0.0,0.0,-0.0046875,0.004166666666666667,-0.00625,0.0,-0.015625,0.004166666666666667,-0.0203125,0.004166666666666667,-0.0234375,0.00625,-0.0453125,0.010416666666666666,-0.0578125,0.0125,-0.071875,0.0125,-0.1453125,0.0375,-0.165625,0.04583333333333333,-0.1875,0.052083333333333336,-0.2046875,0.06041666666666667,-0.2625,0.06875,-0.278125,0.07291666666666667,-0.30625,0.0875
3,0.0,0.0,-0.0015625,0.0,-0.0046875,0.0,-0.015625,0.0020833333333333333,-0.021875,0.0020833333333333333,-0.03125,0.0020833333333333333,-0.0625,0.0125,-0.06875,0.014583333333333334,-0.0828125,0.014583333333333334,-0.134375,0.0125,-0.1484375,0.010416666666666666,-0.1625,0.00625,-0.2265625,0.0125,-0.2453125,0.010416666666666666,-0.259375,0.0020833333333333333,-0.2765625,0.008333333333333333
3,0.0,0.0,0.0015625,0.0,0.003125,0.0,0.0015625,0.0,-0.0015625,0.0,-0.003125,0.0,-0.015625,0.004166666666666667,-0.025,0.0020833333333333333,-0.034375,0.004166666666666667,-0.0828125,0.00625,-0.0984375,0.010416666666666666,-0.115625,0.008333333333333333,-0.16875,0.00625,-0.1875,0.008333333333333333,-0.2296875,0.004166666666666667,-0.246875,0.0020833333333333333
3,0.0,0.0,-0.0015625,0.0,-0.003125,-0.0020833333333333333,-0.0046875,0.0,-0.00625,-0.0020833333333333333,-0.00625,-0.004166666666666667,-0.0046875,-0.008333333333333333,-0.0078125,-0.00625,-0.015625,-0.010416666666666666,-0.040625,-0.0125,-0.10625,-0.022916666666666665,-0.121875,-0.01875,-0.2140625,-0.025,-0.2421875,-0.014583333333333334,-0.2609375,-0.01875,-0.2953125,-0.020833333333333332
3,0.0,0.0,-0.0015625,0.0020833333333333333,-0.0015625,0.0,-0.00625,-0.004166666666666667,-0.00625,-0.004166666666666667,-0.00625,-0.004166666666666667,-0.0125,-0.004166666666666667,-0.0140625,-0.004166666666666667,-0.0171875,-0.0020833333333333333,-0.05625,-0.0020833333333333333,-0.0828125,0.0,-0.18125,0.01875,-0.2078125,0.020833333333333332,-0.228125,0.022916666666666665,-0.3015625,0.03125,-0.315625,0.0375
3,0.0,0.0,-0.003125,-0.0020833333333333333,-0.003125,-0.004166666666666667,-0.0046875,-0.004166666666666667,-0.0265625,0.00625,-0.0390625,0.008333333333333333,-0.0484375,0.010416666666666666,-0.1203125,-0.00625,-0.1390625,-0.0020833333333333333,-0.165625,0.00625,-0.1859375,0.014583333333333334,-0.2625,-0.004166666666666667,-0.2796875,0.0,-0.3203125,-0.00625,-0.3265625,-0.00625,-0.33125,-0.00625
3,0.0,0.0,-0.0015625,0.0020833333333333333,-0.0015625,0.0,0.0,0.0020833333333333333,-0.0078125,0.0020833333333333333,-0.009375,0.0,-0.028125,-0.004166666666666667,-0.0375,-0.0020833333333333333,-0.0484375,-0.0020833333333333333,-0.059375,-0.0020833333333333333,-0.1171875,-0.0020833333333333333,-0.1359375,0.0020833333333333333,-0.153125,0.0020833333333333333,-0.228125,-0.0020833333333333333,-0.240625,0.004166666666666667,-0.2578125,0.00625
3,0.0,0.0,0.003125,-0.0020833333333333333,0.003125,-0.008333333333333333,0.0,-0.008333333333333333,-0.015625,-0.01875,-0.0203125,-0.022916666666666665,-0.0390625,-0.025,-0.0515625,-0.029166666666666667,-0.08125,-0.027083333333333334,-0.1,-0.027083333333333334,-0.18125,-0.022916666666666665,-0.1953125,-0.01875,-0.25625,-0.010416666666666666,-0.275,-0.014583333333333334,-0.3,-0.014583333333333334,-0.3359375,-0.008333333333333333
3,0.0,0.0,0.0078125,0.00625,0.0140625,0.008333333333333333,0.0234375,0.008333333333333333,0.0234375,0.008333333333333333,0.021875,0.0,0.0171875,-0.0020833333333333333,0.003125,-0.008333333333333333,-0.00625,-0.010416666666666666,-0.040625,-0.022916666666666665,-0.0546875,-0.027083333333333334,-0.115625,-0.03958333333333333,-0.1375,-0.03958333333333333,-0.1609375,-0.041666666666666664,-0.2125,-0.05,-0.23125,-0.05
3,0.0,0.0,0.0,0.0,0.0,0.0,0.0,0.0020833333333333333,-0.0046875,0.0,-0.0265625,0.0020833333333333333,-0.0375,0.0020833333333333333,-0.05,0.0020833333333333333,-0.065625,0.004166666666666667,-0.1375,-0.0020833333333333333,-0.15625,-0.0020833333333333333,-0.2375,0.008333333333333333,-0.2609375,0.010416666666666666,-0.2828125,0.0125,-0.346875,0.010416666666666666,-0.3640625,0.016666666666666666
3,0.0,0.0,-0.0265625,-0.0020833333333333333,-0.0359375,-0.00625,-0.046875,-0.00625,-0.059375,-0.00625,-0.11875,-0.0125,-0.134375,-0.010416666666666666,-0.2015625,-0.010416666666666666,-0.2140625,-0.00625,-0.2265625,-0.004166666666666667,-0.2765625,0.0,-0.2953125,0.008333333333333333,-0.30625,0.016666666666666666,-0.3609375,0.029166666666666667,-0.371875,0.035416666666666666,-0.38125,0.0375
3,0.0,0.0,0.0015625,0.0,0.0015625,-0.0020833333333333333,0.0,-0.004166666666666667,-0.00625,-0.00625,-0.0421875,-0.014583333333333334,-0.053125,-0.020833333333333332,-0.065625,-0.025,-0.125,-0.03958333333333333,-0.140625,-0.0375,-0.15625,-0.03958333333333333,-0.215625,-0.05416666666666667,-0.23125,-0.052083333333333336,-0.246875,-0.052083333333333336,-0.30625,-0.05,-0.3265625,-0.052083333333333336
3,0.0,0.0,-0.0078125,-0.004166666666666667,-0.0171875,-0.004166666666666667,-0.025,-0.00625,-0.059375,-0.014583333333333334,-0.0859375,-0.022916666666666665,-0.0984375,-0.029166666666666667,-0.159375,-0.05,-0.1734375,-0.052083333333333336,-0.184375,-0.05,-0.228125,-0.05625,-0.2609375,-0.058333333333333334,-0.2734375,-0.06041666666666667,-0.334375,-0.05625,-0.3515625,-0.05416666666666667,-0.3984375,-0.03958333333333333
3,0.0,0.0,-0.003125,0.0,-0.0109375,-0.004166666666666667,-0.046875,-0.008333333333333333,-0.0578125,-0.0125,-0.059375,-0.014583333333333334,-0.1265625,-0.020833333333333332,-0.1375,-0.016666666666666666,-0.171875,-0.022916666666666665,-0.19375,-0.01875,-0.2421875,-0.01875,-0.2609375,-0.016666666666666666,-0.31875,-0.014583333333333334,-0.3359375,-0.014583333333333334,-0.3625,-0.008333333333333333,-0.3765625,-0.00625
3,0.0,0.0,0.0015625,0.0020833333333333333,-0.0015625,0.0020833333333333333,-0.0109375,0.0,-0.0359375,-0.0020833333333333333,-0.0453125,-0.004166666666666667,-0.05625,-0.008333333333333333,-0.11875,-0.01875,-0.128125,-0.016666666666666666,-0.1546875,-0.0125,-0.2078125,-0.010416666666666666,-0.221875,-0.0020833333333333333,-0.2359375,-0.00625,-0.296875,0.0020833333333333333,-0.3125,0.004166666666666667,-0.328125,0.004166666666666667
3,0.0,0.0,-0.0015625,0.0,-0.021875,-0.004166666666666667,-0.0328125,-0.004166666666666667,-0.0421875,-0.004166666666666667,-0.053125,-0.008333333333333333,-0.1171875,-0.0125,-0.13125,-0.014583333333333334,-0.1953125,-0.016666666666666666,-0.2140625,-0.010416666666666666,-0.228125,-0.010416666666666666,-0.3046875,-0.0020833333333333333,-0.3203125,0.0020833333333333333,-0.3390625,0.0,-0.396875,0.008333333333333333,-0.40625,0.0125
3,0.0,0.0,-0.021875,-0.008333333333333333,-0.0328125,-0.008333333333333333,-0.084375,-0.0125,-0.1,-0.0125,-0.1203125,-0.010416666666666666,-0.140625,-0.0125,-0.20625,-0.0125,-0.225,-0.00625,-0.2390625,-0.008333333333333333,-0.30625,-0.008333333333333333,-0.321875,-0.010416666666666666,-0.3359375,-0.00625,-0.3859375,-0.0020833333333333333,-0.3984375,0.0020833333333333333,-0.4296875,0.00625
3,0.0,0.0,-0.0046875,-0.0020833333333333333,-0.0140625,-0.004166666666666667,-0.0578125,-0.010416666666666666,-0.0703125,-0.0125,-0.1265625,-0.020833333333333332,-0.146875,-0.020833333333333332,-0.1609375,-0.020833333333333332,-0.2171875,-0.020833333333333332,-0.2359375,-0.014583333333333334,-0.2515625,-0.014583333333333334,-0.3125,-0.014583333333333334,-0.33125,-0.020833333333333332,-0.3765625,-0.016666666666666666,-0.403125,-0.014583333333333334,-0.4140625,-0.0125
3,0.0,0.0,0.0,-0.0020833333333333333,0.003125,-0.004166666666666667,0.0,-0.004166666666666667,-0.00625,-0.00625,-0.0140625,-0.00625,-0.053125,-0.010416666666666666,-0.06875,-0.008333333333333333,-0.15625,-0.004166666666666667,-0.3,0.0020833333333333333,-0.21875,-0.004166666666666667,-0.2390625,-0.0020833333333333333,-0.296875,-0.0020833333333333333,-0.315625,0.004166666666666667,-0.665625,-0.3875,-0.4015625,0.004166666666666667
3,0.0,0.0,0.0,0.0,-0.00625,0.0,-0.021875,-0.004166666666666667,-0.028125,-0.004166666666666667,-0.034375,-0.004166666666666667,-0.06875,-0.008333333333333333,-0.0796875,-0.008333333333333333,-0.096875,-0.0020833333333333333,-0.096875,-0.00625,-0.1453125,-0.008333333333333333,-0.159375,-0.008333333333333333,-0.2109375,-0.010416666666666666,-0.225,-0.008333333333333333,-0.234375,-0.00625,-0.2515625,-0.00625
3,0.0,0.0,-0.0046875,0.0020833333333333333,-0.009375,0.0020833333333333333,-0.0125,0.004166666666666667,-0.040625,0.0,-0.0484375,0.0,-0.0578125,0.0,-0.0703125,-0.0020833333333333333,-0.10625,-0.0020833333333333333,-0.1171875,-0.0020833333333333333,-0.13125,-0.00625,-0.1828125,-0.0125,-0.19375,-0.0125,-0.2390625,-0.01875,-0.24375,-0.014583333333333334,-0.2546875,-0.0125
3,0.0,0.0,0.0,-0.0020833333333333333,0.0,0.0,-0.00625,-0.0020833333333333333,-0.0328125,-0.004166666666666667,-0.040625,-0.008333333333333333,-0.05,-0.008333333333333333,-0.0953125,-0.014583333333333334,-0.109375,-0.0125,-0.11875,-0.014583333333333334,-0.171875,-0.020833333333333332,-0.184375,-0.016666666666666666,-0.1984375,-0.01875,-0.25625,-0.025,-0.26875,-0.020833333333333332,-0.2828125,-0.022916666666666665
3,0.0,0.0,0.021875,0.004166666666666667,0.08125,0.010416666666666666,0.0890625,0.0125,0.09375,0.010416666666666666,0.084375,0.00625,0.078125,0.00625,0.0671875,0.0020833333333333333,-0.0234375,-0.016666666666666666,-0.053125,-0.008333333333333333,-0.1296875,-0.0125,-0.1515625,-0.01875,-0.1734375,-0.014583333333333334,-0.2,-0.010416666666666666,-0.3,-0.008333333333333333,-0.3171875,-0.010416666666666666
3,0.0,0.0,-0.0015625,0.004166666666666667,-0.00625,0.008333333333333333,-0.0125,0.004166666666666667,-0.0140625,0.0020833333333333333,-0.0171875,-0.0020833333333333333,-0.0328125,0.0,-0.0390625,-0.0020833333333333333,-0.053125,0.0,-0.0953125,0.0020833333333333333,-0.1203125,0.004166666666666667,-0.1421875,0.004166666666666667,-0.2265625,0.014583333333333334,-0.25,0.01875,-0.2921875,0.0125,-0.35,0.010416666666666666
3,0.0,0.0,0.0125,-0.004166666666666667,0.0171875,-0.004166666666666667,0.0328125,-0.008333333333333333,0.03125,-0.00625,0.028125,-0.00625,0.0125,0.004166666666666667,0.003125,0.00625,-0.00625,0.00625,-0.0140625,0.008333333333333333,-0.0671875,0.0,-0.0875,-0.0020833333333333333,-0.1671875,0.0020833333333333333,-0.190625,-0.0020833333333333333,-0.2078125,-0.004166666666666667,-0.221875,-0.004166666666666667
3,0.0,0.0,0.015625,-0.004166666666666667,0.0828125,0.008333333333333333,0.0984375,0.0125,0.125,0.010416666666666666,0.128125,0.010416666666666666,0.1296875,0.008333333333333333,0.128125,0.010416666666666666,0.0984375,0.01875,0.0859375,0.022916666666666665,0.01875,0.03333333333333333,-0.0015625,0.041666666666666664,-0.0203125,0.041666666666666664,-0.1015625,0.041666666666666664,-0.1203125,0.041666666666666664,-0.14375,0.041666666666666664
3,0.0,0.0,0.065625,0.00625,0.078125,0.008333333333333333,0.0859375,0.010416666666666666,0.1046875,0.00625,0.10625,0.008333333333333333,0.1078125,0.008333333333333333,0.0953125,0.00625,0.0859375,0.008333333333333333,0.075,0.004166666666666667,0.0171875,-0.004166666666666667,-0.003125,0.004166666666666667,-0.0265625,0.0,-0.1078125,-0.004166666666666667,-0.1359375,0.0020833333333333333,-0.159375,0.0
3,0.0,0.0,0.0125,0.004166666666666667,0.0484375,0.00625,0.053125,0.00625,0.05625,0.008333333333333333,0.0578125,0.008333333333333333,0.053125,0.008333333333333333,0.0484375,0.010416666666666666,0.0140625,0.0020833333333333333,0.0015625,0.0,-0.0609375,-0.008333333333333333,-0.0796875,-0.0020833333333333333,-0.1,-0.004166666666666667,-0.128125,0.004166666666666667,-0.2171875,0.0,-0.2421875,0.0
3,0.0,0.0,0.0765625,0.00625,0.0953125,0.00625,0.1265625,0.008333333333333333,0.1296875,0.00625,0.1296875,0.00625,0.10625,0.0020833333333333333,0.1,0.0020833333333333333,0.0984375,0.004166666666666667,0.0015625,0.00625,-0.01875,0.008333333333333333,-0.115625,0.014583333333333334,-0.1421875,0.0125,-0.2015625,0.004166666666666667,-0.2265625,0.010416666666666666,-0.2390625,0.008333333333333333
3,0.0,0.0,0.01875,0.0,0.0453125,0.0,0.0765625,-0.00625,0.0859375,-0.008333333333333333,0.084375,-0.008333333333333333,0.0953125,-0.014583333333333334,0.09375,-0.016666666666666666,0.0921875,-0.01875,0.090625,-0.022916666666666665,0.06875,-0.016666666666666666,0.0625,-0.01875,0.003125,-0.03125,-0.0078125,-0.01875,-0.0390625,-0.027083333333333334,-0.0671875,-0.01875
3,0.0,0.0,-0.003125,0.0,-0.003125,0.0,-0.0078125,-0.0020833333333333333,-0.0125,0.0,-0.015625,0.0,-0.0203125,0.0,-0.0421875,-0.00625,-0.0578125,-0.014583333333333334,-0.1171875,-0.025,-0.1421875,-0.020833333333333332,-0.1671875,-0.01875,-0.2109375,-0.029166666666666667,-0.2515625,-0.035416666666666666,-0.2671875,-0.03125,-0.3046875,-0.0375
3,0.0,0.0,0.00625,0.0,0.0359375,0.0020833333333333333,0.0359375,0.0,0.0390625,-0.004166666666666667,0.0390625,-0.00625,0.0375,-0.008333333333333333,0.0140625,-0.00625,0.003125,-0.0020833333333333333,-0.0078125,-0.004166666666666667,-0.0921875,-0.004166666666666667,-0.109375,0.00625,-0.1328125,0.01875,-0.234375,0.014583333333333334,-0.2546875,0.016666666666666666,-0.2765625,0.016666666666666666
3,0.0,0.0,0.034375,0.008333333333333333,0.0375,0.008333333333333333,0.04375,0.00625,0.0390625,0.00625,0.0359375,0.004166666666666667,0.015625,0.0,-0.0046875,0.0,-0.075,0.0020833333333333333,-0.0953125,0.004166666666666667,-0.1171875,0.010416666666666666,-0.1859375,0.014583333333333334,-0.2015625,0.01875,-0.2171875,0.016666666666666666,-0.2671875,0.022916666666666665,-0.2796875,0.025
3,0.0,0.0,0.0,-0.0020833333333333333,-0.00625,-0.0020833333333333333,-0.0109375,-0.004166666666666667,-0.0515625,-0.008333333333333333,-0.071875,-0.00625,-0.0875,-0.008333333333333333,-0.1671875,-0.008333333333333333,-0.1890625,-0.004166666666666667,-0.2109375,-0.0020833333333333333,-0.2734375,-0.010416666666666666,-0.2828125,-0.010416666666666666,-0.2921875,-0.008333333333333333,-0.3140625,-0.008333333333333333,-0.3203125,-0.008333333333333333,-0.3234375,-0.008333333333333333
3,0.0,0.0,-0.0109375,-0.004166666666666667,-0.0234375,-0.00625,-0.053125,-0.00625,-0.06875,-0.010416666666666666,-0.096875,-0.004166666666666667,-0.16875,-0.0020833333333333333,-0.184375,-0.0020833333333333333,-0.228125,-0.00625,-0.2453125,0.0,-0.259375,0.0020833333333333333,-0.278125,0.00625,-0.3078125,0.0125,-0.3171875,0.0125,-0.3296875,0.016666666666666666,-0.3375,0.016666666666666666
3,0.0,0.0,0.0,-0.0020833333333333333,-0.0140625,0.004166666666666667,-0.01875,0.0020833333333333333,-0.025,0.0,-0.0765625,-0.0020833333333333333,-0.1,0.0,-0.1078125,0.0,-0.1484375,0.0,-0.18125,0.0020833333333333333,-0.1984375,-0.004166666666666667,-0.275,0.0,-0.2875,-0.0020833333333333333,-0.303125,0.008333333333333333,-0.3328125,0.010416666666666666,-0.3390625,0.0125
3,0.0,0.0,-0.009375,-0.0020833333333333333,-0.0203125,-0.004166666666666667,-0.0765625,-0.010416666666666666,-0.0875,-0.004166666666666667,-0.1,-0.008333333333333333,-0.171875,0.010416666666666666,-0.19375,0.016666666666666666,-0.215625,0.014583333333333334,-0.29375,0.020833333333333332,-0.309375,0.022916666666666665,-0.31875,0.025,-0.346875,0.025,-0.353125,0.022916666666666665,-0.3578125,0.022916666666666665,-0.3609375,0.022916666666666665
3,0.0,0.0,-0.009375,-0.004166666666666667,-0.0625,-0.008333333333333333,-0.075,-0.010416666666666666,-0.0875,0.0,-0.165625,-0.0020833333333333333,-0.184375,-0.0020833333333333333,-0.2078125,0.0,-0.2734375,0.008333333333333333,-0.290625,0.00625,-0.3046875,0.010416666666666666,-0.3390625,0.014583333333333334,-0.3484375,0.014583333333333334,-0.353125,0.016666666666666666,-0.36875,0.01875,-0.371875,0.014583333333333334
3,0.0,0.0,-0.0015625,0.0020833333333333333,-0.009375,0.0020833333333333333,-0.0140625,0.0,-0.021875,0.0020833333333333333,-0.028125,0.0020833333333333333,-0.0609375,0.004166666666666667,-0.0734375,0.0,-0.0859375,-0.0020833333333333333,-0.134375,0.008333333333333333,-0.14375,0.00625,-0.1578125,0.00625,-0.2140625,0.008333333333333333,-0.2265625,-0.004166666666666667,-0.2484375,0.008333333333333333,-0.2921875,0.00625
0,0.0,0.0,-0.022916666666666665,0.012962962962962963,-0.035416666666666666,0.016666666666666666,-0.07916666666666666,0.005555555555555556,-0.09270833333333334,0.001851851851851852,-0.10729166666666666,-0.011111111111111112,-0.11979166666666667,-0.020370370370370372,-0.12708333333333333,-0.024074074074074074,-0.134375,-0.03888888888888889,-0.14166666666666666,-0.05185185185185185,-0.14270833333333333,-0.1111111111111111,-0.14166666666666666,-0.11481481481481481,-0.13541666666666666,-0.1259259259259259,-0.11875,-0.16666666666666666,-0.115625,-0.17407407407407408,-0.1125,-0.18333333333333332
0,0.0,0.0,-0.013541666666666667,0.009259259259259259,-0.03229166666666667,0.018518518518518517,-0.07708333333333334,0.025925925925925925,-0.1,0.003703703703703704,-0.11041666666666666,-0.009259259259259259,-0.11979166666666667,-0.018518518518518517,-0.14270833333333333,-0.08703703703703704,-0.14479166666666668,-0.10185185185185185,-0.14583333333333334,-0.12222222222222222,-0.14583333333333334,-0.1425925925925926,-0.14270833333333333,-0.15555555555555556,-0.12083333333333333,-0.2037037037037037,-0.11666666666666667,-0.22037037037037038,-0.1125,-0.23148148148148148,-0.10729166666666666,-0.24259259259259258
0,0.0,0.0,-0.0125,0.020370370370370372,-0.036458333333333336,0.044444444444444446,-0.05520833333333333,0.05740740740740741,-0.12291666666666666,0.07222222222222222,-0.1375,0.07037037037037037,-0.153125,0.05925925925925926,-0.19791666666666666,0.024074074074074074,-0.21354166666666666,-0.005555555555555556,-0.21875,-0.03518518518518519,-0.225,-0.05185185185185185,-0.225,-0.12407407407407407,-0.221875,-0.15,-0.19791666666666666,-0.19074074074074074,-0.43333333333333335,-0.4703703703703704,-0.43333333333333335,-0.4703703703703704
0,0.0,0.0,-0.01875,0.005555555555555556,-0.034375,0.011111111111111112,-0.04375,0.025925925925925925,-0.09375,-0.020370370370370372,-0.10625,-0.03518518518518519,-0.11458333333333333,-0.053703703703703705,-0.11875,-0.06666666666666667,-0.13229166666666667,-0.12407407407407407,-0.134375,-0.14629629629629629,-0.13125,-0.16296296296296298,-0.12916666666666668,-0.17037037037037037,-0.12604166666666666,-0.18888888888888888,-0.10729166666666666,-0.23148148148148148,-0.1,-0.2537037037037037,-0.09375,-0.2611111111111111
0,0.0,0.0,-0.010416666666666666,0.003703703703703704,-0.06979166666666667,0.03333333333333333,-0.08125,0.03518518518518519,-0.09270833333333334,0.03518518518518519,-0.13645833333333332,-0.009259259259259259,-0.14895833333333333,-0.022222222222222223,-0.15625,-0.03888888888888889,-0.16458333333333333,-0.05185185185185185,-0.16770833333333332,-0.07407407407407407,-0.175,-0.13518518518518519,-0.171875,-0.14629629629629629,-0.16979166666666667,-0.1648148148148148,-0.16770833333333332,-0.17962962962962964,-0.13958333333333334,-0.2074074074074074,-0.1375,-0.2222222222222222
0,0.0,0.0,-0.01875,0.022222222222222223,-0.016666666666666666,0.018518518518518517,-0.03125,0.037037037037037035,-0.046875,0.04814814814814815,-0.11041666666666666,0.044444444444444446,-0.12291666666666666,0.03148148148148148,-0.14895833333333333,-0.009259259259259259,-0.16458333333333333,-0.02962962962962963,-0.17291666666666666,-0.046296296296296294,-0.178125,-0.06666666666666667,-0.18645833333333334,-0.09814814814814815,-0.18958333333333333,-0.11666666666666667,-0.19375,-0.19074074074074074,-0.190625,-0.2037037037037037,-0.190625,-0.2037037037037037
0,0.0,0.0,-0.011458333333333333,0.012962962962962963,-0.07916666666666666,0.05925925925925926,-0.09583333333333334,0.07222222222222222,-0.10833333333333334,0.07407407407407407,-0.12604166666666666,0.07407407407407407,-0.14166666666666666,0.06851851851851852,-0.15,0.07222222222222222,-0.18541666666666667,0.016666666666666666,-0.20104166666666667,0.0,-0.20416666666666666,-0.014814814814814815,-0.20833333333333334,-0.03148148148148148,-0.20833333333333334,-0.1,-0.20625,-0.1259259259259259,-0.20520833333333333,-0.14629629629629629,-0.203125,-0.15925925925925927
0,0.0,0.0,-0.0020833333333333333,0.018518518518518517,-0.008333333333333333,0.09814814814814815,-0.015625,0.13148148148148148,-0.026041666666666668,0.15185185185185185,-0.08333333333333333,0.2,-0.096875,0.20925925925925926,-0.11145833333333334,0.22592592592592592,-0.17083333333333334,0.2074074074074074,-0.1875,0.19814814814814816,-0.196875,0.18333333333333332,-0.20833333333333334,0.16666666666666666,-0.225,0.11481481481481481,-0.22604166666666667,0.09074074074074075,-0.22604166666666667,0.07407407407407407,-0.225,0.053703703703703705
0,0.0,0.0,-0.0010416666666666667,0.040740740740740744,-0.017708333333333333,0.10555555555555556,-0.021875,0.13148148148148148,-0.03125,0.1537037037037037,-0.03125,0.1537037037037037,-0.07083333333333333,0.2222222222222222,-0.10416666666666667,0.23703703703703705,-0.11666666666666667,0.24074074074074073,-0.12916666666666668,0.2388888888888889,-0.16979166666666667,0.23148148148148148,-0.18125,0.23333333333333334,-0.19583333333333333,0.21851851851851853,-0.20625,0.2037037037037037,-0.24270833333333333,0.12407407407407407,-0.25,0.08888888888888889
0,0.0,0.0,-0.017708333333333333,0.07222222222222222,-0.025,0.09814814814814815,-0.034375,0.11851851851851852,-0.04375,0.1425925925925926,-0.05520833333333333,0.1537037037037037,-0.10104166666666667,0.2,-0.1125,0.21666666666666667,-0.12708333333333333,0.22037037037037038,-0.171875,0.20185185185185187,-0.184375,0.18703703703703703,-0.19375,0.1685185185185185,-0.22708333333333333,0.10555555555555556,-0.23333333333333334,0.08703703703703704,-0.23958333333333334,0.06481481481481481,-0.24166666666666667,0.04814814814814815
0,0.0,0.0,0.016666666666666666,0.06111111111111111,0.014583333333333334,0.08148148148148149,0.0125,0.09444444444444444,0.010416666666666666,0.1111111111111111,-0.011458333333333333,0.18333333333333332,-0.022916666666666665,0.2074074074074074,-0.03229166666666667,0.22592592592592592,-0.47291666666666665,-0.2537037037037037,-0.0875,0.2722222222222222,-0.09479166666666666,0.2777777777777778,-0.10729166666666666,0.2759259259259259,-0.11666666666666667,0.2814814814814815,-0.15833333333333333,0.26296296296296295,-0.17083333333333334,0.25555555555555554,-0.17916666666666667,0.25
0,0.0,0.0,-0.0010416666666666667,0.020370370370370372,-0.0020833333333333333,0.04259259259259259,-0.004166666666666667,0.05555555555555555,-0.004166666666666667,0.09444444444444444,-0.030208333333333334,0.17037037037037037,-0.030208333333333334,0.17592592592592593,-0.071875,0.23148148148148148,-0.08958333333333333,0.24259259259259258,-0.10104166666666667,0.24444444444444444,-0.13125,0.2462962962962963,-0.16979166666666667,0.23703703703703705,-0.18541666666666667,0.22037037037037038,-0.2,0.20555555555555555,-0.2125,0.18518518518518517,-0.23854166666666668,0.13518518518518519
0,0.0,0.0,-0.0020833333333333333,0.016666666666666666,-0.0010416666666666667,0.03888888888888889,-0.003125,0.05925925925925926,-0.028125,0.12962962962962962,-0.03854166666666667,0.1388888888888889,-0.04895833333333333,0.1537037037037037,-0.06041666666666667,0.1685185185185185,-0.06770833333333333,0.17777777777777778,-0.084375,0.18518518518518517,-0.13125,0.2074074074074074,-0.14375,0.21296296296296297,-0.15729166666666666,0.2074074074074074,-0.196875,0.15,-0.21145833333333333,0.13148148148148148,-0.221875,0.10925925925925926
0,0.0,0.0,0.0,0.0,0.478125,0.4537037037037037,0.4427083333333333,0.5018518518518519,0.43333333333333335,0.512962962962963,0.4354166666666667,0.5148148148148148,0.421875,0.5185185185185185,0.39479166666666665,0.5277777777777778,0.3416666666666667,0.5407407407407407,0.325,0.5444444444444444,0.2875,0.5148148148148148,0.27395833333333336,0.5055555555555555,0.26145833333333335,0.49074074074074076,0.24479166666666666,0.4685185185185185,0.2375,0.45740740740740743,0.22708333333333333,0.40555555555555556
0,0.0,0.0,-0.041666666666666664,0.08148148148148149,-0.06979166666666667,0.11296296296296296,-0.08229166666666667,0.13703703703703704,-0.10520833333333333,0.14629629629629629,-0.12604166666666666,0.15,-0.14166666666666666,0.15925925925925927,-0.20729166666666668,0.12777777777777777,-0.22291666666666668,0.11666666666666667,-0.24375,0.1037037037037037,-0.2520833333333333,0.08518518518518518,-0.25729166666666664,0.07037037037037037,-0.26458333333333334,0.05925925925925926,-0.2677083333333333,0.040740740740740744,-0.275,-0.027777777777777776,-0.275,-0.046296296296296294
0,0.0,0.0,0.0,0.0,0.0,0.0,0.46041666666666664,0.49444444444444446,0.0,0.0,0.3875,0.55,0.378125,0.5537037037037037,0.36770833333333336,0.5574074074074075,0.3541666666666667,0.5574074074074075,0.34270833333333334,0.5537037037037037,0.30416666666666664,0.5277777777777778,0.296875,0.5185185185185185,0.28958333333333336,0.5074074074074074,0.27291666666666664,0.45,0.26875,0.42777777777777776,0.2708333333333333,0.4074074074074074
0,0.0,0.0,0.5020833333333333,0.37962962962962965,0.4979166666666667,0.3962962962962963,0.49270833333333336,0.4148148148148148,0.478125,0.45,0.47291666666666665,0.4666666666666667,0.434375,0.5259259259259259,0.425,0.5444444444444444,0.3875,0.5777777777777777,0.37395833333333334,0.587037037037037,0.3458333333333333,0.575925925925926,0.3333333333333333,0.575925925925926,0.31875,0.5666666666666667,0.290625,0.5203703703703704,0.28229166666666666,0.5055555555555555,0.27291666666666664,0.48518518518518516
0,0.0,0.0,-0.0010416666666666667,0.018518518518518517,-0.0020833333333333333,0.03148148148148148,-0.004166666666666667,0.04814814814814815,-0.49895833333333334,-0.3277777777777778,-0.028125,0.14444444444444443,-0.49895833333333334,-0.3277777777777778,-0.49895833333333334,-0.3277777777777778,-0.49895833333333334,-0.3277777777777778,-0.49895833333333334,-0.3277777777777778,-0.11875,0.26481481481481484,-0.13229166666666667,0.2722222222222222,-0.14895833333333333,0.27037037037037037,-0.16041666666666668,0.26296296296296295,-0.17291666666666666,0.2537037037037037,-0.215625,0.19074074074074074
0,0.0,0.0,-0.0010416666666666667,0.018518518518518517,-0.0020833333333333333,0.046296296296296294,-0.4947916666666667,-0.3814814814814815,-0.4947916666666667,-0.3814814814814815,-0.4947916666666667,-0.3814814814814815,-0.4947916666666667,-0.3814814814814815,-0.4947916666666667,-0.3814814814814815,-0.10729166666666666,0.22962962962962963,-0.12395833333333334,0.23333333333333334,-0.18333333333333332,0.2037037037037037,-0.19583333333333333,0.19444444444444445,-0.20833333333333334,0.17222222222222222,-0.215625,0.15925925925925927,-0.24166666666666667,0.08703703703703704,-0.24479166666666666,0.06296296296296296
0,0.0,0.0,0.46041666666666664,0.5037037037037037,0.0,0.0,0.0,0.0,0.42083333333333334,0.5685185185185185,0.4083333333333333,0.575925925925926,0.39375,0.587037037037037,0.33125,0.587037037037037,0.33125,0.5888888888888889,0.31875,0.5796296296296296,0.309375,0.5611111111111111,0.2875,0.5055555555555555,0.27708333333333335,0.48148148148148145,0.26666666666666666,0.44814814814814813,0.26458333333333334,0.42592592592592593,0.2625,0.40555555555555556
0,0.0,0.0,0.5270833333333333,0.37407407407407406,0.0,0.0,0.0,0.0,0.5104166666666666,0.4351851851851852,0.0,0.0,0.0,0.0,0.0,0.0,0.384375,0.5722222222222222,0.36770833333333336,0.5648148148148148,0.353125,0.55,0.309375,0.4888888888888889,0.2947916666666667,0.45,0.284375,0.43333333333333335,0.2760416666666667,0.4111111111111111,0.271875,0.3925925925925926
0,0.0,0.0,-0.007291666666666667,0.05925925925925926,-0.011458333333333333,0.08333333333333333,-0.014583333333333334,0.1,-0.020833333333333332,0.11666666666666667,-0.04583333333333333,0.1685185185185185,-0.057291666666666664,0.18888888888888888,-0.06666666666666667,0.2074074074074074,-0.07395833333333333,0.21851851851851853,-0.08958333333333333,0.21481481481481482,-0.128125,0.22592592592592592,-0.15,0.2222222222222222,-0.16354166666666667,0.21851851851851853,-0.17708333333333334,0.19814814814814816,-0.18645833333333334,0.19444444444444445,-0.21770833333333334,0.1388888888888889
0,0.0,0.0,-0.017708333333333333,0.07777777777777778,-0.4822916666666667,-0.3425925925925926,-0.4822916666666667,-0.3425925925925926,-0.4822916666666667,-0.3425925925925926,-0.4822916666666667,-0.3425925925925926,-0.06354166666666666,0.1814814814814815,-0.08541666666666667,0.20555555555555555,-0.09583333333333334,0.21851851851851853,-0.096875,0.21481481481481482,-0.10520833333333333,0.22037037037037038,-0.115625,0.22777777777777777,-0.15729166666666666,0.2222222222222222,-0.17083333333333334,0.20925925925925926,-0.19479166666666667,0.16111111111111112,-0.203125,0.1388888888888889
0,0.0,0.0,0.0020833333333333333,0.014814814814814815,0.004166666666666667,0.03333333333333333,0.003125,0.05,-0.00625,0.11851851851851852,-0.48125,-0.29259259259259257,-0.04375,0.2,-0.052083333333333336,0.22777777777777777,-0.0625,0.2388888888888889,-0.10625,0.24259259259259258,-0.115625,0.23333333333333334,-0.125,0.23333333333333334,-0.16354166666666667,0.20925925925925926,-0.17604166666666668,0.2,-0.1875,0.1925925925925926,-0.21458333333333332,0.1574074074074074
0,0.0,0.0,0.0020833333333333333,0.014814814814814815,0.005208333333333333,0.02962962962962963,0.016666666666666666,0.07962962962962963,0.015625,0.12222222222222222,0.013541666666666667,0.13518518518518519,0.010416666666666666,0.15555555555555556,-0.4583333333333333,-0.25555555555555554,-0.4583333333333333,-0.25555555555555554,-0.0625,0.25,-0.09166666666666666,0.26296296296296295,-0.10208333333333333,0.26851851851851855,-0.1125,0.2777777777777778,-0.12916666666666668,0.2814814814814815,-0.16875,0.25555555555555554,-0.17083333333333334,0.2574074074074074
0,0.0,0.0,0.009375,0.018518518518518517,0.016666666666666666,0.02962962962962963,0.03333333333333333,0.09444444444444444,0.034375,0.11481481481481481,0.03333333333333333,0.13333333333333333,0.028125,0.1574074074074074,-0.4666666666666667,-0.2351851851851852,-0.4666666666666667,-0.2351851851851852,-0.4666666666666667,-0.2351851851851852,-0.04791666666666667,0.2962962962962963,-0.06041666666666667,0.30925925925925923,-0.07083333333333333,0.3111111111111111,-0.08229166666666667,0.30925925925925923,-0.128125,0.29814814814814816,-0.15,0.3
0,0.0,0.0,0.010416666666666666,0.020370370370370372,0.03229166666666667,0.08888888888888889,0.0375,0.1111111111111111,0.03958333333333333,0.12777777777777777,0.0375,0.2111111111111111,-0.45729166666666665,-0.25925925925925924,-0.45729166666666665,-0.25925925925925924,-0.45729166666666665,-0.25925925925925924,-0.03958333333333333,0.30925925925925923,-0.05520833333333333,0.32037037037037036,-0.07083333333333333,0.3277777777777778,-0.08645833333333333,0.3277777777777778,-0.14375,0.29259259259259257,-0.15625,0.2722222222222222,-0.16145833333333334,0.26481481481481484
0,0.0,0.0,-0.004166666666666667,0.014814814814814815,-0.00625,0.046296296296296294,-0.009375,0.06851851851851852,-0.011458333333333333,0.08703703703703704,-0.034375,0.1425925925925926,-0.04895833333333333,0.16666666666666666,-0.05,0.16296296296296298,-0.059375,0.18333333333333332,-0.11666666666666667,0.20925925925925926,-0.128125,0.2111111111111111,-0.13854166666666667,0.21296296296296297,-0.16875,0.20185185185185187,-0.184375,0.18703703703703703,-0.19166666666666668,0.18703703703703703,-0.20208333333333334,0.17592592592592593
0,0.0,0.0,0.009375,0.003703703703703704,0.046875,0.040740740740740744,0.053125,0.05185185185185185,0.057291666666666664,0.06666666666666667,0.0625,0.08148148148148149,0.07083333333333333,0.1388888888888889,0.06666666666666667,0.1574074074074074,0.0625,0.17407407407407408,0.06041666666666667,0.19074074074074074,0.05625,0.2074074074074074,0.041666666666666664,0.29444444444444445,0.03958333333333333,0.32037037037037036,0.036458333333333336,0.3351851851851852,0.027083333333333334,0.3574074074074074,-0.00625,0.4074074074074074
0,0.0,0.0,0.0,0.020370370370370372,-0.0020833333333333333,0.03518518518518519,-0.00625,0.05555555555555555,-0.036458333333333336,0.10555555555555556,-0.04895833333333333,0.12777777777777777,-0.06145833333333333,0.14444444444444443,-0.07083333333333333,0.15,-0.08645833333333333,0.1537037037037037,-0.1,0.15925925925925927,-0.14375,0.16111111111111112,-0.159375,0.15555555555555556,-0.16770833333333332,0.14444444444444443,-0.17708333333333334,0.14444444444444443,-0.18645833333333334,0.13518518518518519,-0.21354166666666666,0.07592592592592592
0,0.0,0.0,0.003125,0.022222222222222223,-0.4822916666666667,-0.29074074074074074,-0.4822916666666667,-0.29074074074074074,-0.4822916666666667,-0.29074074074074074,-0.4822916666666667,-0.29074074074074074,-0.4822916666666667,-0.29074074074074074,-0.4822916666666667,-0.29074074074074074,-0.4822916666666667,-0.29074074074074074,-0.4822916666666667,-0.29074074074074074,-0.08020833333333334,0.2611111111111111,-0.12083333333333333,0.2759259259259259,-0.13645833333333332,0.2814814814814815,-0.15104166666666666,0.2740740740740741,-0.16458333333333333,0.26481481481481484,-0.17708333333333334,0.2574074074074074
0,0.0,0.0,0.005208333333333333,0.016666666666666666,0.013541666666666667,0.037037037037037035,0.025,0.10925925925925926,-0.4635416666666667,-0.25555555555555554,0.019791666666666666,0.15555555555555556,-0.4635416666666667,-0.25555555555555554,-0.4635416666666667,-0.25555555555555554,-0.4635416666666667,-0.25555555555555554,-0.4635416666666667,-0.25555555555555554,-0.4635416666666667,-0.25555555555555554,-0.06458333333333334,0.3148148148148148,-0.07708333333333334,0.31851851851851853,-0.11770833333333333,0.30185185185185187,-0.13333333333333333,0.28703703703703703,-0.14583333333333334,0.2759259259259259
0,0.0,0.0,0.013541666666666667,0.05740740740740741,0.013541666666666667,0.08148148148148149,0.013541666666666667,0.0962962962962963,0.011458333333333333,0.11296296296296296,-0.484375,-0.25,-0.013541666666666667,0.21851851851851853,-0.484375,-0.25,-0.484375,-0.25,-0.484375,-0.25,-0.484375,-0.25,-0.06979166666666667,0.2759259259259259,-0.128125,0.30185185185185187,-0.14375,0.3055555555555556,-0.159375,0.29259259259259257,-0.17291666666666666,0.2814814814814815
0,0.0,0.0,0.004166666666666667,0.05740740740740741,0.00625,0.07777777777777778,0.0020833333333333333,0.09814814814814815,-0.009375,0.17777777777777778,-0.503125,-0.28888888888888886,-0.503125,-0.28888888888888886,-0.503125,-0.28888888888888886,-0.503125,-0.28888888888888886,-0.09375,0.29814814814814816,-0.10729166666666666,0.3055555555555556,-0.115625,0.3,-0.125,0.2962962962962963,-0.13541666666666666,0.28703703703703703,-0.184375,0.24074074074074073,-0.196875,0.2111111111111111
0,0.0,0.0,0.50625,0.4222222222222222,0.5041666666666667,0.4462962962962963,0.4979166666666667,0.45740740740740743,0.0,0.0,0.43333333333333335,0.5111111111111111,0.41770833333333335,0.524074074074074,0.37083333333333335,0.49444444444444446,0.36041666666666666,0.48148148148148145,0.3489583333333333,0.4666666666666667,0.3375,0.4462962962962963,0.303125,0.37592592592592594,0.29583333333333334,0.362962962962963,0.2916666666666667,0.35,0.28854166666666664,0.3333333333333333,0.2864583333333333,0.3148148148148148
0,0.0,0.0,0.00625,0.012962962962962963,-0.5114583333333333,-0.29444444444444445,-0.5114583333333333,-0.29444444444444445,-0.5114583333333333,-0.29444444444444445,-0.5114583333333333,-0.29444444444444445,-0.5114583333333333,-0.29444444444444445,-0.5114583333333333,-0.29444444444444445,-0.5114583333333333,-0.29444444444444445,-0.5114583333333333,-0.29444444444444445,-0.16875,0.29444444444444445,-0.20416666666666666,0.2222222222222222,-0.203125,0.16111111111111112,-0.21145833333333333,0.13148148148148148,-0.21666666666666667,0.10925925925925926,-0.21875,0.03888888888888889
0,0.0,0.0,0.004166666666666667,0.022222222222222223,0.007291666666666667,0.05925925925925926,0.00625,0.07777777777777778,-0.5166666666666667,-0.2722222222222222,-0.5166666666666667,-0.2722222222222222,-0.5166666666666667,-0.2722222222222222,-0.5166666666666667,-0.2722222222222222,-0.5166666666666667,-0.2722222222222222,-0.5166666666666667,-0.2722222222222222,-0.096875,0.2537037037037037,-0.115625,0.24814814814814815,-0.13333333333333333,0.24444444444444444,-0.146875,0.23333333333333334,-0.159375,0.22037037037037038,-0.20833333333333334,0.15555555555555556
0,0.0,0.0,-0.0020833333333333333,0.018518518518518517,-0.004166666666666667,0.02962962962962963,-0.5104166666666666,-0.30185185185185187,-0.5104166666666666,-0.30185185185185187,-0.5104166666666666,-0.30185185185185187,-0.5104166666666666,-0.30185185185185187,-0.5104166666666666,-0.30185185185185187,-0.5104166666666666,-0.30185185185185187,-0.5104166666666666,-0.30185185185185187,-0.14375,0.19444444444444445,-0.15625,0.20185185185185187,-0.16979166666666667,0.1925925925925926,-0.18333333333333332,0.19074074074074074,-0.21458333333333332,0.12777777777777777,-0.221875,0.11666666666666667
0,0.0,0.0,0.010416666666666666,0.05555555555555555,0.011458333333333333,0.07037037037037037,0.009375,0.08333333333333333,-0.008333333333333333,0.12962962962962962,-0.016666666666666666,0.14629629629629629,-0.029166666666666667,0.15925925925925927,-0.478125,-0.26481481481481484,-0.04479166666666667,0.18703703703703703,-0.08854166666666667,0.22777777777777777,-0.08958333333333333,0.22962962962962963,-0.11354166666666667,0.24259259259259258,-0.12083333333333333,0.24444444444444444,-0.13333333333333333,0.25,-0.17291666666666666,0.21296296296296297,-0.18020833333333333,0.2
0,0.0,0.0,-0.004166666666666667,0.07222222222222222,-0.47604166666666664,-0.3296296296296296,-0.47604166666666664,-0.3296296296296296,-0.03854166666666667,0.15,-0.47604166666666664,-0.3296296296296296,-0.47604166666666664,-0.3296296296296296,-0.078125,0.1925925925925926,-0.10416666666666667,0.2037037037037037,-0.13645833333333332,0.19444444444444445,-0.14791666666666667,0.1925925925925926,-0.15625,0.1814814814814815,-0.1625,0.1685185185185185,-0.17604166666666668,0.11296296296296296,-0.18020833333333333,0.0962962962962963,-0.18229166666666666,0.08148148148148149
0,0.0,0.0,0.0,0.0,0.0,0.0,0.0,0.0,0.0,0.0,0.0,0.0,0.0,0.0,0.0,0.0,0.3614583333333333,0.524074074074074,0.0,0.0,0.0,0.0,0.0,0.0,0.0,0.0,0.30416666666666664,0.49074074074074076,0.29791666666666666,0.47962962962962963,0.290625,0.46296296296296297
0,0.0,0.0,0.42916666666666664,0.5185185185185185,0.375,0.55,0.3625,0.5574074074074075,0.3458333333333333,0.5592592592592592,0.33125,0.5611111111111111,0.30104166666666665,0.5333333333333333,0.28020833333333334,0.5055555555555555,0.26979166666666665,0.49074074074074076,0.26145833333333335,0.4740740740740741,0.2552083333333333,0.45555555555555555,0.24375,0.40185185185185185,0.240625,0.38333333333333336,0.2375,0.3592592592592593,0.23854166666666668,0.3351851851851852,0.240625,0.32037037037037036
0,0.0,0.0,-0.017708333333333333,0.08333333333333333,-0.46458333333333335,-0.3055555555555556,-0.034375,0.14074074074074075,-0.05625,0.1685185185185185,-0.09375,0.19444444444444445,-0.10729166666666666,0.20555555555555555,-0.12083333333333333,0.21666666666666667,-0.134375,0.21481481481481482,-0.17604166666666668,0.19074074074074074,-0.1875,0.18703703703703703,-0.19791666666666666,0.17222222222222222,-0.20416666666666666,0.1648148148148148,-0.21354166666666666,0.1425925925925926,-0.23229166666666667,0.08518518518518518,-0.24270833333333333,0.05555555555555555
0,0.0,0.0,0.0020833333333333333,0.022222222222222223,0.0,0.044444444444444446,0.0,0.06296296296296296,-0.013541666666666667,0.1425925925925926,-0.023958333333333335,0.16666666666666666,-0.028125,0.1814814814814815,-0.0375,0.2,-0.08125,0.23703703703703705,-0.09270833333333334,0.25,-0.10625,0.2574074074074074,-0.121875,0.26296296296296295,-0.165625,0.2518518518518518,-0.18229166666666666,0.2462962962962963,-0.19270833333333334,0.2351851851851852,-0.20729166666666668,0.22407407407407406
0,0.0,0.0,-0.007291666666666667,0.024074074074074074,-0.0125,0.046296296296296294,-0.42916666666666664,-0.39814814814814814,-0.42916666666666664,-0.39814814814814814,-0.42916666666666664,-0.39814814814814814,-0.42916666666666664,-0.39814814814814814,-0.42916666666666664,-0.39814814814814814,-0.42916666666666664,-0.39814814814814814,-0.21770833333333334,0.08703703703703704,-0.225,0.05185185185185185,-0.240625,-0.022222222222222223,-0.24479166666666666,-0.03888888888888889,-0.24479166666666666,-0.05925925925925926,-0.246875,-0.08333333333333333,-0.24791666666666667,-0.15555555555555556
0,0.0,0.0,-0.00625,0.025925925925925925,-0.014583333333333334,0.04814814814814815,-0.025,0.06481481481481481,-0.06458333333333334,0.12037037037037036,-0.078125,0.13703703703703704,-0.09479166666666666,0.14629629629629629,-0.10833333333333334,0.15185185185185185,-0.14791666666666667,0.14444444444444443,-0.16354166666666667,0.13333333333333333,-0.17604166666666668,0.12037037037037036,-0.2125,0.06851851851851852,-0.21979166666666666,0.05,-0.225,0.02962962962962963,-0.23125,0.007407407407407408,-0.234375,-0.009259259259259259
0,0.0,0.0,-0.004166666666666667,0.024074074074074074,-0.008333333333333333,0.046296296296296294,-0.013541666666666667,0.07407407407407407,-0.04895833333333333,0.1425925925925926,-0.06458333333333334,0.1574074074074074,-0.07916666666666666,0.16111111111111112,-0.14166666666666666,0.16666666666666666,-0.15520833333333334,0.17037037037037037,-0.17083333333333334,0.15925925925925927,-0.18854166666666666,0.15,-0.203125,0.14444444444444443,-0.2375,0.09259259259259259,-0.24375,0.07592592592592592,-0.24583333333333332,0.05740740740740741,-0.24791666666666667,0.03518518518518519
0,0.0,0.0,-0.428125,-0.21481481481481482,0.019791666666666666,0.07962962962962963,0.019791666666666666,0.0962962962962963,0.019791666666666666,0.1648148148148148,0.005208333333333333,0.20555555555555555,-0.004166666666666667,0.22592592592592592,-0.011458333333333333,0.24074074074074073,-0.051041666666666666,0.26851851851851855,-0.06458333333333334,0.2740740740740741,-0.08125,0.2851851851851852,-0.1,0.2833333333333333,-0.15729166666666666,0.2518518518518518,-0.17604166666666668,0.2351851851851852,-0.20520833333333333,0.20185185185185187,-0.21354166666666666,0.17592592592592593
0,0.0,0.0,0.0,0.0,0.4010416666666667,0.3907407407407407,0.390625,0.40555555555555556,0.38125,0.4222222222222222,0.37083333333333335,0.4351851851851852,0.32916666666666666,0.4740740740740741,0.3145833333333333,0.48148148148148145,0.30625,0.48333333333333334,0.29791666666666666,0.48518518518518516,0.2875,0.4703703703703704,0.26145833333333335,0.43148148148148147,0.25833333333333336,0.4166666666666667,0.2552083333333333,0.4,0.2520833333333333,0.387037037037037,0.26145833333333335,0.3148148148148148
0,0.0,0.0,0.3770833333333333,0.39444444444444443,0.36875,0.40925925925925927,0.3333333333333333,0.45925925925925926,0.321875,0.4648148148148148,0.31145833333333334,0.4666666666666667,0.2833333333333333,0.45185185185185184,0.2760416666666667,0.44074074074074077,0.2708333333333333,0.42777777777777776,0.2677083333333333,0.4222222222222222,0.2625,0.40925925925925927,0.25833333333333336,0.3592592592592593,0.25625,0.34444444444444444,0.25833333333333336,0.3277777777777778,0.27395833333333336,0.2796296296296296,0.28020833333333334,0.2611111111111111
0,0.0,0.0,0.0,0.0,0.0,0.0,0.0,0.0,0.0,0.0,0.0,0.0,0.34375,0.45555555555555555,0.0,0.0,0.32708333333333334,0.44814814814814813,0.0,0.0,0.0,0.0,0.29375,0.412962962962963,0.290625,0.4111111111111111,0.28541666666666665,0.40185185185185185,0.278125,0.3537037037037037,0.2760416666666667,0.35555555555555557
0,0.0,0.0,0.0,0.0,0.0,0.0,0.0,0.0,0.0,0.0,0.0,0.0,0.0,0.0,0.3572916666666667,0.4537037037037037,0.3489583333333333,0.45555555555555555,0.33958333333333335,0.46296296296296297,0.33125,0.45740740740740743,0.30104166666666665,0.4462962962962963,0.29270833333333335,0.42962962962962964,0.2875,0.42777777777777776,0.2833333333333333,0.4203703703703704,0.26666666666666666,0.37407407407407406
0,0.0,0.0,0.0,0.007407407407407408,-0.41770833333333335,-0.2740740740740741,-0.41770833333333335,-0.2740740740740741,-0.41770833333333335,-0.2740740740740741,-0.022916666666666665,0.08518518518518518,-0.051041666666666666,0.12037037037037036,-0.059375,0.12962962962962962,-0.06666666666666667,0.13703703703703704,-0.096875,0.1425925925925926,-0.10520833333333333,0.14629629629629629,-0.11041666666666666,0.14074074074074075,-0.11875,0.1388888888888889,-0.140625,0.1111111111111111,-0.14583333333333334,0.10740740740740741,-0.14791666666666667,0.09444444444444444
0,0.0,0.0,0.0,0.0,0.0,0.0,0.0,0.0,0.0,0.0,0.33958333333333335,0.4351851851851852,0.3302083333333333,0.42962962962962964,0.0,0.0,0.0,0.0,0.28125,0.3648148148148148,0.278125,0.35,0.278125,0.35185185185185186,0.2760416666666667,0.3,0.27291666666666664,0.28703703703703703,0.278125,0.26296296296296295,0.284375,0.25
0,0.0,0.0,-0.013541666666666667,0.016666666666666666,-0.5947916666666667,-0.40555555555555556,-0.07083333333333333,0.040740740740740744,-0.08020833333333334,0.037037037037037035,-0.08541666666666667,0.027777777777777776,-0.09270833333333334,0.016666666666666666,-0.09895833333333333,0.005555555555555556,-0.10520833333333333,0.0,-0.1125,-0.05,-0.11458333333333333,-0.06111111111111111,-0.11145833333333334,-0.07592592592592592,-0.109375,-0.09074074074074075,-0.10625,-0.1,-0.09791666666666667,-0.10925925925925926,-0.09375,-0.12037037037037036
0,0.0,0.0,0.0,0.0,0.0,0.0,0.0,0.0,0.0,0.0,0.0,0.0,0.0,0.0,0.5302083333333333,0.2388888888888889,0.5395833333333333,0.2388888888888889,0.5458333333333333,0.2351851851851852,0.553125,0.22777777777777777,0.5770833333333333,0.22407407407407406,0.5854166666666667,0.22407407407407406,0.5916666666666667,0.22037037037037038,0.60625,0.22407407407407406,0.6104166666666667,0.22037037037037038
0,0.0,0.0,0.528125,0.4166666666666667,0.5197916666666667,0.40555555555555556,0.5135416666666667,0.3907407407407407,0.5010416666666667,0.337037037037037,0.5,0.31666666666666665,0.503125,0.3037037037037037,0.503125,0.29074074074074074,0.5197916666666667,0.24814814814814815,0.5270833333333333,0.23148148148148148,0.53125,0.22407407407407406,0.5364583333333334,0.21481481481481482,0.5583333333333333,0.19814814814814816,0.0,0.0,0.56875,0.18888888888888888,0.0,0.0
0,0.0,0.0,-0.010416666666666666,-0.009259259259259259,-0.01875,-0.018518518518518517,-0.035416666666666666,-0.06851851851851852,-0.036458333333333336,-0.09259259259259259,-0.035416666666666666,-0.1037037037037037,-0.029166666666666667,-0.14444444444444443,-0.025,-0.1537037037037037,-0.017708333333333333,-0.1648148148148148,-0.010416666666666666,-0.17037037037037037,-0.5520833333333334,-0.4074074074074074,-0.5520833333333334,-0.4074074074074074,-0.5520833333333334,-0.4074074074074074,0.0375,-0.2111111111111111,-0.5520833333333334,-0.4074074074074074,-0.5520833333333334,-0.4074074074074074
0,0.0,0.0,-0.0020833333333333333,-0.001851851851851852,-0.04791666666666667,-0.044444444444444446,-0.053125,-0.05740740740740741,-0.057291666666666664,-0.06666666666666667,-0.06041666666666667,-0.1,-0.059375,-0.10555555555555556,-0.059375,-0.12407407407407407,-0.058333333333333334,-0.13703703703703704,-0.05625,-0.14814814814814814,-0.04895833333333333,-0.17037037037037037,-0.04479166666666667,-0.18518518518518517,-0.022916666666666665,-0.21296296296296297,-0.022916666666666665,-0.2111111111111111,-0.016666666666666666,-0.21666666666666667,0.015625,-0.22592592592592592
0,0.0,0.0,-0.010416666666666666,0.009259259259259259,-0.057291666666666664,0.003703703703703704,-0.06770833333333333,-0.005555555555555556,-0.07708333333333334,-0.007407407407407408,-0.08541666666666667,-0.018518518518518517,-0.103125,-0.06851851851851852,-0.10625,-0.08703703703703704,-0.103125,-0.10185185185185185,-0.09895833333333333,-0.15185185185185185,-0.09375,-0.17222222222222222,-0.08854166666666667,-0.18703703703703703,-0.08125,-0.1962962962962963,-0.07604166666666666,-0.2037037037037037,-0.04583333333333333,-0.22592592592592592,-0.03958333333333333,-0.22592592592592592
0,0.0,0.0,-0.046875,-0.016666666666666666,-0.053125,-0.024074074074074074,-0.0625,-0.03333333333333333,-0.08645833333333333,-0.08333333333333333,-0.08854166666666667,-0.09814814814814815,-0.0875,-0.11481481481481481,-0.0875,-0.12407407407407407,-0.08020833333333334,-0.17407407407407408,-0.07395833333333333,-0.18888888888888888,-0.06770833333333333,-0.2,-0.0375,-0.22777777777777777,-0.03125,-0.22592592592592592,-0.022916666666666665,-0.22777777777777777,-0.015625,-0.22962962962962963,-0.005208333333333333,-0.22592592592592592
0,0.0,0.0,-0.011458333333333333,0.003703703703703704,-0.021875,0.001851851851851852,-0.03125,0.0,-0.04375,-0.005555555555555556,-0.07708333333333334,-0.046296296296296294,-0.08333333333333333,-0.06111111111111111,-0.084375,-0.06111111111111111,-0.08541666666666667,-0.08333333333333333,-0.08541666666666667,-0.13703703703703704,-0.08333333333333333,-0.15555555555555556,-0.08020833333333334,-0.1648148148148148,-0.07708333333333334,-0.17592592592592593,-0.06041666666666667,-0.2,-0.046875,-0.21296296296296297,-0.040625,-0.21666666666666667
0,0.0,0.0,-0.011458333333333333,0.003703703703703704,-0.021875,0.007407407407407408,-0.03229166666666667,0.007407407407407408,-0.04375,0.007407407407407408,-0.096875,-0.037037037037037035,-0.09791666666666667,-0.027777777777777776,-0.10416666666666667,-0.037037037037037035,-0.1125,-0.05,-0.11875,-0.10555555555555556,-0.11770833333333333,-0.12777777777777777,-0.11666666666666667,-0.14074074074074075,-0.1125,-0.1648148148148148,-0.09895833333333333,-0.19444444444444445,-0.09270833333333334,-0.2037037037037037,-0.084375,-0.21296296296296297
0,0.0,0.0,-0.0125,-0.003703703703703704,-0.051041666666666666,-0.037037037037037035,-0.059375,-0.04814814814814815,-0.065625,-0.06111111111111111,-0.07291666666666667,-0.12222222222222222,-0.07083333333333333,-0.1388888888888889,-0.07083333333333333,-0.1537037037037037,-0.07083333333333333,-0.17222222222222222,-0.06666666666666667,-0.18333333333333332,-0.06041666666666667,-0.19444444444444445,-0.03125,-0.2351851851851852,-0.025,-0.24259259259259258,-0.016666666666666666,-0.24259259259259258,-0.008333333333333333,-0.24814814814814815,0.0,-0.2462962962962963
0,0.0,0.0,-0.005208333333333333,-0.011111111111111112,-0.010416666666666666,-0.024074074074074074,-0.0125,-0.037037037037037035,-0.013541666666666667,-0.05185185185185185,-0.014583333333333334,-0.06666666666666667,-0.00625,-0.11851851851851852,0.0,-0.13518518518518519,0.004166666666666667,-0.14629629629629629,0.009375,-0.16111111111111112,0.016666666666666666,-0.17037037037037037,0.051041666666666666,-0.1925925925925926,-0.5395833333333333,-0.3888888888888889,0.059375,-0.1925925925925926,0.07708333333333334,-0.19074074074074074,-0.5395833333333333,-0.3888888888888889
0,0.0,0.0,-0.5614583333333333,-0.3055555555555556,-0.5614583333333333,-0.3055555555555556,-0.5614583333333333,-0.3055555555555556,-0.5614583333333333,-0.3055555555555556,-0.5614583333333333,-0.3055555555555556,-0.5614583333333333,-0.3055555555555556,-0.5614583333333333,-0.3055555555555556,0.05416666666666667,-0.0962962962962963,0.06354166666666666,-0.09814814814814815,-0.5614583333333333,-0.3055555555555556,0.09791666666666667,-0.09814814814814815,-0.5614583333333333,-0.3055555555555556,0.1125,-0.09074074074074075,0.11354166666666667,-0.08888888888888889,0.13020833333333334,-0.07592592592592592
0,0.0,0.0,-0.010416666666666666,0.001851851851851852,-0.051041666666666666,-0.014814814814814815,-0.058333333333333334,-0.025925925925925925,-0.06458333333333334,-0.03333333333333333,-0.08333333333333333,-0.08518518518518518,-0.08229166666666667,-0.0962962962962963,-0.08541666666666667,-0.11296296296296296,-0.084375,-0.1259259259259259,-0.08333333333333333,-0.1388888888888889,-0.065625,-0.1814814814814815,-0.06145833333333333,-0.1925925925925926,-0.05520833333333333,-0.20185185185185187,-0.04895833333333333,-0.20555555555555555,-0.041666666666666664,-0.21481481481481482,-0.6510416666666666,-0.4388888888888889
0,0.0,0.0,-0.011458333333333333,0.001851851851851852,-0.020833333333333332,0.0,-0.029166666666666667,-0.003703703703703704,-0.0375,-0.007407407407407408,-0.06354166666666666,-0.037037037037037035,-0.06770833333333333,-0.05185185185185185,-0.06979166666666667,-0.06296296296296296,-0.06979166666666667,-0.10555555555555556,-0.06875,-0.1259259259259259,-0.06354166666666666,-0.13703703703703704,-0.05,-0.1814814814814815,-0.04479166666666667,-0.19444444444444445,-0.03958333333333333,-0.2037037037037037,-0.03333333333333333,-0.2111111111111111,-0.03333333333333333,-0.2111111111111111
0,0.0,0.0,-0.029166666666666667,-0.003703703703703704,-0.03958333333333333,-0.005555555555555556,-0.04895833333333333,-0.011111111111111112,-0.06770833333333333,-0.025925925925925925,-0.08229166666666667,-0.06481481481481481,-0.08333333333333333,-0.06851851851851852,-0.084375,-0.08148148148148149,-0.07604166666666666,-0.13333333333333333,-0.071875,-0.1537037037037037,-0.059375,-0.17407407407407408,-0.03333333333333333,-0.1962962962962963,-0.025,-0.2,-0.016666666666666666,-0.2037037037037037,-0.008333333333333333,-0.2037037037037037,0.0020833333333333333,-0.2037037037037037
0,0.0,0.0,-0.04583333333333333,0.007407407407407408,-0.053125,0.003703703703703704,-0.0625,-0.005555555555555556,-0.075,-0.014814814814814815,-0.08229166666666667,-0.024074074074074074,-0.10104166666666667,-0.07777777777777778,-0.10104166666666667,-0.09259259259259259,-0.10104166666666667,-0.10925925925925926,-0.10104166666666667,-0.1259259259259259,-0.08020833333333334,-0.18518518518518517,-0.075,-0.2037037037037037,-0.06979166666666667,-0.2111111111111111,-0.06354166666666666,-0.22037037037037038,-0.05520833333333333,-0.22777777777777777,-0.01875,-0.23703703703703705
0,0.0,0.0,-0.004166666666666667,0.016666666666666666,-0.009375,0.03148148148148148,-0.052083333333333336,0.07962962962962963,-0.06458333333333334,0.09074074074074075,-0.07708333333333334,0.0962962962962963,-0.08645833333333333,0.0962962962962963,-0.12291666666666666,0.07592592592592592,-0.13125,0.06481481481481481,-0.13541666666666666,0.053703703703703705,-0.14895833333333333,0.001851851851851852,-0.14895833333333333,-0.016666666666666666,-0.14791666666666667,-0.03148148148148148,-0.146875,-0.046296296296296294,-0.128125,-0.10185185185185185,-0.121875,-0.11481481481481481
0,0.0,0.0,-0.004166666666666667,0.018518518518518517,-0.036458333333333336,0.07222222222222222,-0.0375,0.07222222222222222,-0.057291666666666664,0.08703703703703704,-0.06666666666666667,0.08703703703703704,-0.109375,0.07407407407407407,-0.11666666666666667,0.06111111111111111,-0.12395833333333334,0.046296296296296294,-0.1375,-0.001851851851851852,-0.1375,-0.044444444444444446,-0.13541666666666666,-0.06481481481481481,-0.13229166666666667,-0.07962962962962963,-0.12916666666666668,-0.10185185185185185,-0.10729166666666666,-0.14074074074074075,-0.09895833333333333,-0.1537037037037037
0,0.0,0.0,-0.0010416666666666667,0.0,-0.011458333333333333,-0.001851851851851852,-0.041666666666666664,-0.03148148148148148,-0.04583333333333333,-0.04814814814814815,-0.052083333333333336,-0.05925925925925926,-0.6447916666666667,-0.3814814814814815,-0.06145833333333333,-0.1259259259259259,-0.0625,-0.1425925925925926,-0.06041666666666667,-0.15555555555555556,-0.04479166666666667,-0.2111111111111111,-0.03958333333333333,-0.22407407407407406,-0.6447916666666667,-0.3814814814814815,-0.6447916666666667,-0.3814814814814815,-0.6447916666666667,-0.3814814814814815,-0.6447916666666667,-0.3814814814814815
0,0.0,0.0,-0.013541666666666667,0.0,-0.025,0.0,-0.035416666666666666,0.001851851851851852,-0.07083333333333333,-0.03148148148148148,-0.075,-0.046296296296296294,-0.08020833333333334,-0.06296296296296296,-0.08229166666666667,-0.07777777777777778,-0.671875,-0.37592592592592594,-0.671875,-0.37592592592592594,-0.671875,-0.37592592592592594,-0.671875,-0.37592592592592594,-0.671875,-0.37592592592592594,-0.671875,-0.37592592592592594,-0.671875,-0.37592592592592594,0.027083333333333334,-0.2111111111111111
0,0.0,0.0,-0.015625,0.001851851851851852,-0.058333333333333334,-0.025925925925925925,-0.06458333333333334,-0.044444444444444446,-0.07083333333333333,-0.05925925925925926,-0.078125,-0.07592592592592592,-0.08125,-0.0962962962962963,-0.07916666666666666,-0.17037037037037037,-0.075,-0.19074074074074074,-0.071875,-0.2074074074074074,-0.06770833333333333,-0.22037037037037038,-0.6666666666666666,-0.4148148148148148,-0.030208333333333334,-0.26296296296296295,-0.028125,-0.26296296296296295,-0.011458333333333333,-0.26851851851851855,-0.004166666666666667,-0.26851851851851855
0,0.0,0.0,-0.020833333333333332,0.016666666666666666,-0.03229166666666667,0.018518518518518517,-0.04583333333333333,0.025925925925925925,-0.08958333333333333,0.018518518518518517,-0.090625,0.018518518518518517,-0.096875,0.009259259259259259,-0.103125,-0.001851851851851852,-0.13333333333333333,-0.07592592592592592,-0.12916666666666668,-0.09074074074074075,-0.128125,-0.10740740740740741,-0.11979166666666667,-0.1537037037037037,-0.11458333333333333,-0.17222222222222222,-0.109375,-0.18518518518518517,-0.10104166666666667,-0.19444444444444445,-0.715625,-0.37407407407407406
0,0.0,0.0,-0.013541666666666667,-0.007407407407407408,-0.04375,-0.04814814814814815,-0.051041666666666666,-0.07037037037037037,-0.05416666666666667,-0.08703703703703704,-0.057291666666666664,-0.10555555555555556,-0.6552083333333333,-0.42777777777777776,-0.6552083333333333,-0.42777777777777776,-0.6552083333333333,-0.42777777777777776,-0.6552083333333333,-0.42777777777777776,-0.6552083333333333,-0.42777777777777776,-0.6552083333333333,-0.42777777777777776,-0.6552083333333333,-0.42777777777777776,-0.6552083333333333,-0.42777777777777776,-0.6552083333333333,-0.42777777777777776,0.041666666666666664,-0.2537037037037037
0,0.0,0.0,-0.03125,-0.046296296296296294,-0.036458333333333336,-0.06851851851851852,-0.041666666666666664,-0.08703703703703704,-0.6239583333333333,-0.4166666666666667,-0.035416666666666666,-0.17222222222222222,-0.03229166666666667,-0.18888888888888888,-0.6239583333333333,-0.4166666666666667,-0.6239583333333333,-0.4166666666666667,-0.6239583333333333,-0.4166666666666667,0.020833333333333332,-0.2537037037037037,-0.6239583333333333,-0.4166666666666667,-0.6239583333333333,-0.4166666666666667,0.05416666666666667,-0.2574074074074074,0.06458333333333334,-0.2518518518518518,0.10104166666666667,-0.22962962962962963
0,0.0,0.0,-0.03229166666666667,-0.018518518518518517,-0.03854166666666667,-0.03148148148148148,-0.046875,-0.044444444444444446,-0.059375,-0.07037037037037037,-0.06458333333333334,-0.08703703703703704,-0.07083333333333333,-0.15185185185185185,-0.06979166666666667,-0.1685185185185185,-0.05625,-0.21296296296296297,-0.051041666666666666,-0.22962962962962963,-0.036458333333333336,-0.24814814814814815,-0.65,-0.4351851851851852,-0.65,-0.4351851851851852,-0.65,-0.4351851851851852,-0.65,-0.4351851851851852,0.052083333333333336,-0.26296296296296295
0,0.0,0.0,-0.010416666666666666,0.001851851851851852,-0.05520833333333333,-0.012962962962962963,-0.06145833333333333,-0.027777777777777776,-0.08854166666666667,-0.07407407407407407,-0.09479166666666666,-0.09259259259259259,-0.096875,-0.10740740740740741,-0.09583333333333334,-0.17037037037037037,-0.6770833333333334,-0.4203703703703704,-0.08854166666666667,-0.2074074074074074,-0.6770833333333334,-0.4203703703703704,-0.057291666666666664,-0.2537037037037037,-0.05,-0.25555555555555554,-0.6770833333333334,-0.4203703703703704,-0.6770833333333334,-0.4203703703703704,0.028125,-0.23333333333333334
0,0.0,0.0,-0.035416666666666666,0.044444444444444446,-0.046875,0.05185185185185185,-0.059375,0.05555555555555555,-0.103125,0.05,-0.11145833333333334,0.03888888888888889,-0.11979166666666667,0.03333333333333333,-0.146875,-0.022222222222222223,-0.14895833333333333,-0.040740740740740744,-0.14895833333333333,-0.10185185185185185,-0.14479166666666668,-0.12407407407407407,-0.14166666666666666,-0.14444444444444443,-0.13541666666666666,-0.15925925925925927,-0.10416666666666667,-0.19444444444444445,-0.096875,-0.2,-0.08645833333333333,-0.2037037037037037
0,0.0,0.0,-0.007291666666666667,-0.003703703703703704,-0.016666666666666666,-0.007407407407407408,-0.025,-0.014814814814814815,-0.05,-0.05740740740740741,-0.05416666666666667,-0.07407407407407407,-0.05625,-0.08888888888888889,-0.6322916666666667,-0.39814814814814814,-0.051041666666666666,-0.17037037037037037,-0.051041666666666666,-0.1685185185185185,-0.022916666666666665,-0.22777777777777777,-0.6322916666666667,-0.39814814814814814,-0.010416666666666666,-0.23703703703703705,-0.6322916666666667,-0.39814814814814814,-0.6322916666666667,-0.39814814814814814,0.021875,-0.24074074074074073
0,0.0,0.0,0.0010416666666666667,-0.003703703703703704,-0.020833333333333332,-0.03333333333333333,-0.026041666666666668,-0.04814814814814815,-0.029166666666666667,-0.06111111111111111,-0.028125,-0.11851851851851852,-0.025,-0.1388888888888889,-0.00625,-0.18518518518518517,0.0,-0.19444444444444445,0.00625,-0.1962962962962963,0.013541666666666667,-0.2,-0.60625,-0.3277777777777778,-0.60625,-0.3277777777777778,0.0625,-0.1814814814814815,0.08541666666666667,-0.15185185185185185,-0.60625,-0.3277777777777778
0,0.0,0.0,-0.036458333333333336,0.020370370370370372,-0.041666666666666664,0.016666666666666666,-0.05,0.012962962962962963,-0.084375,-0.014814814814814815,-0.08958333333333333,-0.024074074074074074,-0.09479166666666666,-0.037037037037037035,-0.103125,-0.08888888888888889,-0.10208333333333333,-0.1037037037037037,-0.10104166666666667,-0.11851851851851852,-0.08229166666666667,-0.16111111111111112,-0.07604166666666666,-0.17407407407407408,-0.06770833333333333,-0.1814814814814815,-0.029166666666666667,-0.18703703703703703,-0.017708333333333333,-0.17962962962962964,-0.008333333333333333,-0.17962962962962964
0,0.0,0.0,-0.008333333333333333,0.003703703703703704,-0.03958333333333333,-0.005555555555555556,-0.046875,-0.012962962962962963,-0.05520833333333333,-0.020370370370370372,-0.0625,-0.02962962962962963,-0.07916666666666666,-0.07222222222222222,-0.08229166666666667,-0.09074074074074075,-0.08229166666666667,-0.10555555555555556,-0.08229166666666667,-0.12037037037037036,-0.07083333333333333,-0.17037037037037037,-0.06354166666666666,-0.1814814814814815,-0.058333333333333334,-0.19074074074074074,-0.028125,-0.2074074074074074,-0.6427083333333333,-0.37592592592592594,-0.013541666666666667,-0.2074074074074074
0,0.0,0.0,-0.007291666666666667,0.0,-0.04791666666666667,0.001851851851851852,-0.04895833333333333,0.001851851851851852,-0.057291666666666664,-0.001851851851851852,-0.0625,-0.007407407407407408,-0.08125,-0.05925925925925926,-0.084375,-0.07777777777777778,-0.08541666666666667,-0.09259259259259259,-0.07916666666666666,-0.13333333333333333,-0.075,-0.14629629629629629,-0.071875,-0.1574074074074074,-0.042708333333333334,-0.2,-0.0375,-0.20555555555555555,-0.029166666666666667,-0.20555555555555555,-0.00625,-0.20185185185185187
0,0.0,0.0,-0.009375,0.003703703703703704,-0.04791666666666667,0.009259259259259259,-0.05520833333333333,0.005555555555555556,-0.06458333333333334,-0.001851851851851852,-0.08958333333333333,-0.044444444444444446,-0.09375,-0.05740740740740741,-0.096875,-0.06851851851851852,-0.09895833333333333,-0.08148148148148149,-0.09479166666666666,-0.14074074074074075,-0.09166666666666666,-0.1574074074074074,-0.08854166666666667,-0.16666666666666666,-0.065625,-0.2,-0.058333333333333334,-0.20555555555555555,-0.051041666666666666,-0.2074074074074074,-0.040625,-0.20925925925925926
0,0.0,0.0,-0.003125,0.011111111111111112,-0.008333333333333333,0.025925925925925925,-0.04479166666666667,0.07222222222222222,-0.052083333333333336,0.07592592592592592,-0.0625,0.07777777777777778,-0.07083333333333333,0.08148148148148149,-0.08229166666666667,0.08148148148148149,-0.096875,0.07962962962962963,-0.128125,0.027777777777777776,-0.13020833333333334,0.012962962962962963,-0.1375,-0.003703703703703704,-0.14166666666666666,-0.06666666666666667,-0.13854166666666667,-0.08333333333333333,-0.13541666666666666,-0.09814814814814815,-0.13020833333333334,-0.11296296296296296
0,0.0,0.0,-0.010416666666666666,0.005555555555555556,-0.051041666666666666,-0.027777777777777776,-0.059375,-0.03333333333333333,-0.06354166666666666,-0.04259259259259259,-0.07604166666666666,-0.09074074074074075,-0.07604166666666666,-0.10740740740740741,-0.07604166666666666,-0.12222222222222222,-0.06458333333333334,-0.17407407407407408,-0.059375,-0.18703703703703703,-0.06041666666666667,-0.18703703703703703,-0.046875,-0.2074074074074074,-0.016666666666666666,-0.22777777777777777,-0.008333333333333333,-0.23148148148148148,0.0,-0.2351851851851852,-0.596875,-0.3962962962962963
0,0.0,0.0,-0.009375,0.005555555555555556,-0.029166666666666667,0.009259259259259259,-0.0375,0.007407407407407408,-0.06666666666666667,-0.011111111111111112,-0.06979166666666667,-0.018518518518518517,-0.07291666666666667,-0.05925925925925926,-0.07395833333333333,-0.07222222222222222,-0.07395833333333333,-0.1,-0.075,-0.11666666666666667,-0.065625,-0.16111111111111112,-0.059375,-0.17407407407407408,-0.05416666666666667,-0.18518518518518517,-0.020833333333333332,-0.2111111111111111,-0.0020833333333333333,-0.21481481481481482,0.00625,-0.21481481481481482
0,0.0,0.0,-0.00625,0.009259259259259259,-0.0375,0.05,-0.04479166666666667,0.05740740740740741,-0.053125,0.06111111111111111,-0.09479166666666666,0.06296296296296296,-0.10416666666666667,0.05,-0.11041666666666666,0.040740740740740744,-0.12604166666666666,-0.007407407407407408,-0.12916666666666668,-0.020370370370370372,-0.12916666666666668,-0.040740740740740744,-0.11770833333333333,-0.10740740740740741,-0.11041666666666666,-0.12962962962962962,-0.10520833333333333,-0.1425925925925926,-0.09895833333333333,-0.15555555555555556,-0.0625,-0.17222222222222222
0,0.0,0.0,-0.00625,-0.009259259259259259,-0.010416666666666666,-0.022222222222222223,-0.014583333333333334,-0.037037037037037035,-0.011458333333333333,-0.0962962962962963,-0.009375,-0.1111111111111111,-0.00625,-0.12407407407407407,0.015625,-0.17407407407407408,0.021875,-0.18518518518518517,0.029166666666666667,-0.19074074074074074,0.036458333333333336,-0.19814814814814816,0.075,-0.20555555555555555,-0.5260416666666666,-0.37407407407407406,-0.5260416666666666,-0.37407407407407406,-0.5260416666666666,-0.37407407407407406,0.115625,-0.19444444444444445
0,0.0,0.0,0.6041666666666666,0.42777777777777776,0.603125,0.42777777777777776,0.5427083333333333,0.3888888888888889,0.5333333333333333,0.3814814814814815,0.5270833333333333,0.37037037037037035,0.5177083333333333,0.32037037037037036,0.5177083333333333,0.3,0.5166666666666667,0.2833333333333333,0.5197916666666667,0.26481481481481484,0.5229166666666667,0.2462962962962963,0.0,0.0,0.5666666666666667,0.17037037037037037,0.0,0.0,0.60625,0.15185185185185185,0.0,0.0
0,0.0,0.0,-0.009375,0.007407407407407408,-0.04791666666666667,0.03148148148148148,-0.07083333333333333,0.024074074074074074,-0.07083333333333333,0.025925925925925925,-0.07708333333333334,0.022222222222222223,-0.10833333333333334,-0.020370370370370372,-0.1125,-0.02962962962962963,-0.11666666666666667,-0.044444444444444446,-0.12604166666666666,-0.1,-0.12604166666666666,-0.12037037037037036,-0.12604166666666666,-0.1388888888888889,-0.12291666666666666,-0.14814814814814814,-0.10208333333333333,-0.19444444444444445,-0.09583333333333334,-0.20555555555555555,-0.08958333333333333,-0.21296296296296297
0,0.0,0.0,-0.007291666666666667,0.012962962962962963,-0.04375,0.04259259259259259,-0.05,0.03518518518518519,-0.059375,0.037037037037037035,-0.06666666666666667,0.027777777777777776,-0.09270833333333334,-0.007407407407407408,-0.09791666666666667,-0.014814814814814815,-0.10208333333333333,-0.03148148148148148,-0.10520833333333333,-0.04259259259259259,-0.10729166666666666,-0.05740740740740741,-0.1,-0.11296296296296296,-0.09583333333333334,-0.1259259259259259,-0.090625,-0.1388888888888889,-0.058333333333333334,-0.15925925925925927,-0.051041666666666666,-0.16296296296296298
0,0.0,0.0,-0.030208333333333334,0.016666666666666666,-0.03854166666666667,0.012962962962962963,-0.04479166666666667,0.014814814814814815,-0.052083333333333336,0.007407407407407408,-0.08020833333333334,-0.012962962962962963,-0.08333333333333333,-0.024074074074074074,-0.09166666666666666,-0.06851851851851852,-0.090625,-0.10555555555555556,-0.08958333333333333,-0.1259259259259259,-0.08541666666666667,-0.1425925925925926,-0.08125,-0.1574074074074074,-0.05,-0.1925925925925926,-0.040625,-0.1962962962962963,-0.03854166666666667,-0.1962962962962963,0.005208333333333333,-0.1925925925925926
0,0.0,0.0,-0.013541666666666667,0.009259259259259259,-0.0375,0.011111111111111112,-0.04791666666666667,0.012962962962962963,-0.075,-0.020370370370370372,-0.071875,-0.02962962962962963,-0.08541666666666667,-0.07777777777777778,-0.0875,-0.09814814814814815,-0.08125,-0.12962962962962962,-0.06875,-0.17037037037037037,-0.059375,-0.1814814814814815,-0.052083333333333336,-0.1925925925925926,-0.04479166666666667,-0.19814814814814816,-0.0020833333333333333,-0.20555555555555555,0.01875,-0.19814814814814816,0.030208333333333334,-0.19444444444444445
0,0.0,0.0,-0.010416666666666666,-0.001851851851851852,-0.023958333333333335,-0.005555555555555556,-0.058333333333333334,-0.053703703703703705,-0.0625,-0.06111111111111111,-0.06666666666666667,-0.07037037037037037,-0.075,-0.13148148148148148,-0.07395833333333333,-0.15,-0.07083333333333333,-0.1648148148148148,-0.06770833333333333,-0.17777777777777778,-0.04479166666666667,-0.21481481481481482,-0.03854166666666667,-0.22407407407407406,-0.03125,-0.22962962962962963,-0.020833333333333332,-0.22962962962962963,0.023958333333333335,-0.22592592592592592,0.03333333333333333,-0.22037037037037038
0,0.0,0.0,-0.009375,0.0,-0.022916666666666665,0.0,-0.06770833333333333,-0.05,-0.06979166666666667,-0.05185185185185185,-0.07604166666666666,-0.06481481481481481,-0.08333333333333333,-0.08333333333333333,-0.08645833333333333,-0.1388888888888889,-0.08645833333333333,-0.1574074074074074,-0.08333333333333333,-0.17037037037037037,-0.058333333333333334,-0.21481481481481482,-0.052083333333333336,-0.2222222222222222,-0.04375,-0.22592592592592592,-0.03229166666666667,-0.23148148148148148,0.008333333333333333,-0.23703703703703705,0.015625,-0.23333333333333334
0,0.0,0.0,-0.042708333333333334,0.025925925925925925,-0.042708333333333334,0.02962962962962963,-0.06458333333333334,0.027777777777777776,-0.09895833333333333,-0.018518518518518517,-0.103125,-0.03333333333333333,-0.109375,-0.04259259259259259,-0.11770833333333333,-0.053703703703703705,-0.125,-0.10185185185185185,-0.121875,-0.13518518518518519,-0.11875,-0.14814814814814814,-0.11354166666666667,-0.15925925925925927,-0.08541666666666667,-0.1925925925925926,-0.07604166666666666,-0.19814814814814816,-0.04479166666666667,-0.20185185185185187,-0.027083333333333334,-0.19814814814814816
0,0.0,0.0,-0.011458333333333333,0.001851851851851852,-0.034375,0.0,-0.0625,-0.02962962962962963,-0.06875,-0.03518518518518519,-0.075,-0.05185185185185185,-0.075,-0.10740740740740741,-0.07916666666666666,-0.13333333333333333,-0.075,-0.16296296296296298,-0.07604166666666666,-0.16296296296296298,-0.052083333333333336,-0.2111111111111111,-0.04479166666666667,-0.21851851851851853,-0.036458333333333336,-0.22777777777777777,-0.026041666666666668,-0.23148148148148148,0.015625,-0.23703703703703705,0.025,-0.22962962962962963
0,0.0,0.0,-0.035416666666666666,0.02962962962962963,-0.046875,0.02962962962962963,-0.0625,0.040740740740740744,-0.075,0.037037037037037035,-0.11666666666666667,0.022222222222222223,-0.12083333333333333,0.011111111111111112,-0.12604166666666666,-0.005555555555555556,-0.128125,-0.014814814814814815,-0.13020833333333334,-0.07777777777777778,-0.128125,-0.1,-0.12604166666666666,-0.11851851851851852,-0.12291666666666666,-0.12962962962962962,-0.09583333333333334,-0.18333333333333332,-0.08854166666666667,-0.1925925925925926,-0.08125,-0.2
0,0.0,0.0,-0.021875,0.05740740740740741,-0.03125,0.07037037037037037,-0.040625,0.08518518518518518,-0.7083333333333334,-0.34444444444444444,-0.10729166666666666,0.09444444444444444,-0.11875,0.09074074074074075,-0.13125,0.08148148148148149,-0.16041666666666668,0.016666666666666666,-0.16458333333333333,-0.007407407407407408,-0.16666666666666666,-0.025925925925925925,-0.16770833333333332,-0.04259259259259259,-0.16145833333333334,-0.11296296296296296,-0.153125,-0.12777777777777777,-0.14791666666666667,-0.14074074074074075,-0.115625,-0.17222222222222222
0,0.0,0.0,-0.008333333333333333,0.012962962962962963,-0.046875,0.04259259259259259,-0.05625,0.03888888888888889,-0.065625,0.03333333333333333,-0.07291666666666667,0.025925925925925925,-0.09479166666666666,-0.012962962962962963,-0.09895833333333333,-0.020370370370370372,-0.10208333333333333,-0.03888888888888889,-0.10625,-0.05555555555555555,-0.1,-0.1388888888888889,-0.096875,-0.15185185185185185,-0.078125,-0.17962962962962964,-0.06979166666666667,-0.18888888888888888,-0.06145833333333333,-0.19444444444444445,-0.05520833333333333,-0.1962962962962963
0,0.0,0.0,-0.0020833333333333333,0.0,0.009375,-0.05185185185185185,0.015625,-0.06851851851851852,0.021875,-0.07592592592592592,0.030208333333333334,-0.08333333333333333,0.036458333333333336,-0.08703703703703704,0.07604166666666666,-0.08888888888888889,0.08229166666666667,-0.08333333333333333,0.09270833333333334,-0.08333333333333333,0.10104166666666667,-0.08333333333333333,0.10833333333333334,-0.07777777777777778,0.13229166666666667,-0.05185185185185185,0.13645833333333332,-0.044444444444444446,0.13854166666666667,-0.03148148148148148,0.140625,-0.020370370370370372
0,0.0,0.0,-0.009375,-0.009259259259259259,-0.015625,-0.024074074074074074,-0.027083333333333334,-0.07777777777777778,-0.029166666666666667,-0.09074074074074075,-0.030208333333333334,-0.10740740740740741,-0.030208333333333334,-0.12962962962962962,-0.013541666666666667,-0.18518518518518517,-0.00625,-0.2,0.0,-0.2111111111111111,0.03125,-0.23148148148148148,0.040625,-0.23148148148148148,0.051041666666666666,-0.22592592592592592,0.058333333333333334,-0.23148148148148148,0.06770833333333333,-0.22777777777777777,-0.5645833333333333,-0.3907407407407407
2,0.0,0.0,0.03854166666666667,-0.012962962962962963,0.04791666666666667,-0.012962962962962963,0.06041666666666667,-0.018518518518518517,0.11041666666666666,-0.025925925925925925,0.12708333333333333,-0.024074074074074074,0.15208333333333332,-0.016666666666666666,0.165625,-0.022222222222222223,0.16666666666666666,-0.018518518518518517,0.21145833333333333,-0.020370370370370372,0.22291666666666668,-0.016666666666666666,0.23541666666666666,-0.011111111111111112,0.246875,-0.012962962962962963,0.259375,-0.014814814814814815,0.271875,-0.016666666666666666,0.3020833333333333,-0.020370370370370372
2,0.0,0.0,0.010416666666666666,-0.003703703703703704,0.017708333333333333,-0.001851851851851852,0.057291666666666664,-0.007407407407407408,0.06875,-0.009259259259259259,0.08125,-0.009259259259259259,0.096875,-0.005555555555555556,0.109375,-0.011111111111111112,0.12083333333333333,-0.009259259259259259,0.17916666666666667,-0.007407407407407408,0.19583333333333333,-0.005555555555555556,0.21354166666666666,-0.003703703703703704,0.23020833333333332,-0.001851851851851852,0.24583333333333332,-0.003703703703703704,0.2625,0.0,0.303125,0.0
2,0.0,0.0,0.003125,0.007407407407407408,0.009375,0.005555555555555556,0.027083333333333334,0.0,0.03854166666666667,0.0,0.08854166666666667,-0.009259259259259259,0.08958333333333333,-0.009259259259259259,0.103125,-0.011111111111111112,0.11979166666666667,-0.009259259259259259,0.13958333333333334,-0.009259259259259259,0.153125,-0.012962962962962963,0.22916666666666666,-0.012962962962962963,0.24479166666666666,-0.007407407407407408,0.2604166666666667,-0.011111111111111112,0.25833333333333336,-0.012962962962962963,0.309375,-0.014814814814814815
2,0.0,0.0,0.00625,0.0,0.015625,0.0,0.028125,0.0,0.036458333333333336,-0.001851851851851852,0.04583333333333333,-0.001851851851851852,0.10833333333333334,-0.005555555555555556,0.121875,-0.007407407407407408,0.140625,-0.003703703703703704,0.15729166666666666,-0.001851851851851852,0.175,-0.001851851851851852,0.23958333333333334,0.0,0.25833333333333336,0.005555555555555556,0.26666666666666666,0.009259259259259259,0.28020833333333334,0.011111111111111112,0.2916666666666667,0.009259259259259259
2,0.0,0.0,0.05,-0.001851851851851852,0.065625,-0.005555555555555556,0.08645833333333333,-0.009259259259259259,0.14166666666666666,-0.007407407407407408,0.16145833333333334,-0.003703703703703704,0.2,0.0,0.21875,0.003703703703703704,0.240625,0.005555555555555556,0.25833333333333336,0.003703703703703704,0.27395833333333336,0.007407407407407408,0.32916666666666666,0.001851851851851852,0.328125,0.011111111111111112,0.334375,0.011111111111111112,0.340625,0.011111111111111112,0.35833333333333334,0.012962962962962963
2,0.0,0.0,0.0010416666666666667,-0.001851851851851852,0.0,-0.001851851851851852,0.0010416666666666667,-0.001851851851851852,0.017708333333333333,-0.001851851851851852,0.026041666666666668,0.0,0.034375,-0.001851851851851852,0.04895833333333333,-0.005555555555555556,0.115625,-0.007407407407407408,0.14479166666666668,-0.007407407407407408,0.16458333333333333,-0.003703703703703704,0.19270833333333334,0.0,0.2760416666666667,0.003703703703703704,0.296875,0.007407407407407408,0.31354166666666666,0.012962962962962963,0.3302083333333333,0.007407407407407408
2,0.0,0.0,0.0020833333333333333,0.003703703703703704,0.004166666666666667,0.003703703703703704,0.027083333333333334,0.0,0.036458333333333336,0.003703703703703704,0.046875,0.001851851851851852,0.05625,-0.001851851851851852,0.128125,0.0,0.15104166666666666,0.001851851851851852,0.171875,0.011111111111111112,0.190625,0.007407407407407408,0.21041666666666667,0.011111111111111112,0.2791666666666667,0.012962962962962963,0.2916666666666667,0.016666666666666666,0.30416666666666664,0.014814814814814815,0.315625,0.012962962962962963
2,0.0,0.0,0.0020833333333333333,0.0,0.029166666666666667,-0.001851851851851852,0.03958333333333333,0.001851851851851852,0.05625,0.001851851851851852,0.065625,0.001851851851851852,0.115625,-0.003703703703703704,0.13333333333333333,-0.001851851851851852,0.153125,-0.001851851851851852,0.16979166666666667,-0.001851851851851852,0.20833333333333334,-0.003703703703703704,0.22395833333333334,-0.001851851851851852,0.27395833333333336,-0.014814814814814815,0.2875,-0.005555555555555556,0.3,-0.005555555555555556,0.353125,-0.005555555555555556
2,0.0,0.0,0.0010416666666666667,-0.001851851851851852,0.004166666666666667,0.001851851851851852,0.008333333333333333,0.001851851851851852,0.03333333333333333,-0.001851851851851852,0.04375,0.0,0.051041666666666666,-0.005555555555555556,0.06041666666666667,-0.007407407407407408,0.071875,-0.011111111111111112,0.140625,-0.014814814814814815,0.16354166666666667,-0.014814814814814815,0.18333333333333332,-0.011111111111111112,0.203125,-0.014814814814814815,0.22291666666666668,-0.016666666666666666,0.2875,-0.012962962962962963,0.3020833333333333,-0.014814814814814815
2,0.0,0.0,0.0,0.0,0.0,0.001851851851851852,0.0010416666666666667,0.001851851851851852,0.004166666666666667,0.0,0.025,-0.003703703703703704,0.03229166666666667,0.0,0.040625,-0.007407407407407408,0.05,-0.007407407407407408,0.103125,-0.011111111111111112,0.121875,-0.007407407407407408,0.134375,-0.007407407407407408,0.15208333333333332,-0.003703703703703704,0.21354166666666666,-0.003703703703703704,0.23125,0.001851851851851852,0.246875,0.0
2,0.0,0.0,0.008333333333333333,0.014814814814814815,-0.44895833333333335,-0.40185185185185185,-0.44895833333333335,-0.40185185185185185,0.05,-0.012962962962962963,0.059375,-0.012962962962962963,0.07083333333333333,-0.016666666666666666,0.08645833333333333,-0.018518518518518517,0.14375,-0.020370370370370372,0.1625,-0.022222222222222223,0.17916666666666667,-0.016666666666666666,0.2,-0.012962962962962963,0.26666666666666666,-0.009259259259259259,0.2833333333333333,-0.005555555555555556,0.296875,-0.011111111111111112,0.31145833333333334,-0.005555555555555556
2,0.0,0.0,0.0010416666666666667,0.0,0.003125,-0.001851851851851852,0.009375,-0.001851851851851852,0.03854166666666667,-0.007407407407407408,0.046875,-0.007407407407407408,0.06041666666666667,-0.007407407407407408,0.07395833333333333,-0.003703703703703704,0.12916666666666668,-0.001851851851851852,0.14375,0.001851851851851852,0.15833333333333333,0.001851851851851852,0.17395833333333333,0.0,0.225,-0.001851851851851852,0.24166666666666667,0.009259259259259259,0.253125,0.009259259259259259,0.2916666666666667,0.016666666666666666
2,0.0,0.0,0.010416666666666666,0.003703703703703704,0.023958333333333335,0.003703703703703704,0.06666666666666667,0.0,0.065625,0.0,0.08229166666666667,0.007407407407407408,0.096875,0.009259259259259259,0.1125,0.009259259259259259,0.190625,0.011111111111111112,0.209375,0.018518518518518517,0.22083333333333333,0.014814814814814815,0.25729166666666664,0.012962962962962963,0.2677083333333333,0.016666666666666666,0.278125,0.022222222222222223,0.28958333333333336,0.018518518518518517,0.29791666666666666,0.016666666666666666
2,0.0,0.0,0.0125,-0.001851851851851852,0.020833333333333332,0.0,0.027083333333333334,-0.001851851851851852,0.035416666666666666,-0.003703703703703704,0.04479166666666667,-0.003703703703703704,0.05416666666666667,-0.001851851851851852,0.10625,0.0,0.12291666666666666,0.005555555555555556,0.13541666666666666,0.003703703703703704,0.19375,0.005555555555555556,0.209375,0.005555555555555556,0.22083333333333333,0.007407407407407408,0.23229166666666667,0.003703703703703704,0.27291666666666664,0.0,0.28229166666666666,0.005555555555555556
2,0.0,0.0,0.010416666666666666,-0.001851851851851852,0.035416666666666666,0.003703703703703704,0.046875,-0.003703703703703704,0.06041666666666667,-0.003703703703703704,0.07604166666666666,-0.003703703703703704,0.128125,-0.003703703703703704,0.14270833333333333,0.0,0.14270833333333333,-0.003703703703703704,0.15520833333333334,-0.003703703703703704,0.165625,-0.005555555555555556,0.18854166666666666,-0.005555555555555556,0.22604166666666667,-0.003703703703703704,0.234375,0.0,0.24375,0.005555555555555556,0.24270833333333333,0.001851851851851852
2,0.0,0.0,0.0125,0.003703703703703704,0.06875,0.003703703703703704,0.084375,0.007407407407407408,0.10416666666666667,0.012962962962962963,0.11875,0.007407407407407408,0.13645833333333332,0.012962962962962963,0.18958333333333333,0.005555555555555556,0.2,0.007407407407407408,0.2125,0.012962962962962963,0.22395833333333334,0.009259259259259259,0.234375,0.007407407407407408,0.2677083333333333,0.003703703703703704,0.275,0.0,0.278125,0.003703703703703704,0.2833333333333333,0.001851851851851852
2,0.0,0.0,0.005208333333333333,0.001851851851851852,0.010416666666666666,0.0,0.019791666666666666,-0.001851851851851852,0.026041666666666668,0.0,0.036458333333333336,-0.001851851851851852,0.090625,0.001851851851851852,0.103125,0.003703703703703704,0.11666666666666667,0.011111111111111112,0.13020833333333334,0.007407407407407408,0.14479166666666668,0.011111111111111112,0.20208333333333334,0.009259259259259259,0.21875,0.016666666666666666,0.22916666666666666,0.020370370370370372,0.240625,0.016666666666666666,0.25416666666666665,0.020370370370370372
2,0.0,0.0,0.003125,-0.003703703703703704,0.008333333333333333,0.0,0.016666666666666666,-0.003703703703703704,0.030208333333333334,-0.001851851851851852,0.0375,0.001851851851851852,0.09375,-0.009259259259259259,0.11145833333333334,-0.005555555555555556,0.12916666666666668,-0.001851851851851852,0.14791666666666667,-0.003703703703703704,0.165625,-0.001851851851851852,0.221875,-0.009259259259259259,0.24583333333333332,-0.005555555555555556,0.24375,-0.007407407407407408,0.25416666666666665,-0.011111111111111112,0.28854166666666664,-0.014814814814814815
2,0.0,0.0,0.010416666666666666,0.0,0.016666666666666666,0.005555555555555556,0.027083333333333334,-0.003703703703703704,0.06458333333333334,-0.012962962962962963,0.078125,-0.005555555555555556,0.08958333333333333,-0.001851851851851852,0.10104166666666667,-0.011111111111111112,0.15833333333333333,-0.012962962962962963,0.16979166666666667,-0.007407407407407408,0.18229166666666666,-0.014814814814814815,0.19375,-0.020370370370370372,0.20625,-0.018518518518518517,0.25,-0.022222222222222223,0.259375,-0.020370370370370372,0.26875,-0.018518518518518517
2,0.0,0.0,0.013541666666666667,0.007407407407407408,0.022916666666666665,0.007407407407407408,0.06458333333333334,0.003703703703703704,0.07708333333333334,0.005555555555555556,0.090625,0.003703703703703704,0.10104166666666667,0.005555555555555556,0.12291666666666666,0.001851851851851852,0.16354166666666667,0.007407407407407408,0.16354166666666667,0.009259259259259259,0.17291666666666666,0.007407407407407408,0.18333333333333332,0.009259259259259259,0.20520833333333333,0.012962962962962963,0.20833333333333334,0.009259259259259259,0.209375,0.009259259259259259,0.20833333333333334,0.007407407407407408
2,0.0,0.0,0.009375,0.0,0.05,-0.012962962962962963,0.06354166666666666,-0.007407407407407408,0.07604166666666666,-0.005555555555555556,0.090625,-0.007407407407407408,0.140625,-0.003703703703703704,0.15729166666666666,0.003703703703703704,0.16666666666666666,-0.005555555555555556,0.18020833333333333,-0.001851851851851852,0.19270833333333334,-0.007407407407407408,0.24375,-0.005555555555555556,0.25625,0.007407407407407408,0.26979166666666665,0.005555555555555556,0.28020833333333334,0.007407407407407408,0.2864583333333333,0.005555555555555556
2,0.0,0.0,0.05,-0.001851851851851852,0.06458333333333334,-0.001851851851851852,0.10208333333333333,0.001851851851851852,0.11979166666666667,0.001851851851851852,0.13125,0.007407407407407408,0.14270833333333333,0.005555555555555556,0.15416666666666667,0.007407407407407408,0.19895833333333332,0.005555555555555556,0.21145833333333333,0.003703703703703704,0.21145833333333333,0.007407407407407408,0.22291666666666668,0.005555555555555556,0.23333333333333334,0.005555555555555556,0.25416666666666665,0.005555555555555556,0.2916666666666667,0.003703703703703704,0.2989583333333333,0.0
2,0.0,0.0,0.019791666666666666,-0.005555555555555556,0.026041666666666668,-0.011111111111111112,0.036458333333333336,-0.011111111111111112,0.05,-0.009259259259259259,0.0625,-0.014814814814814815,0.075,-0.011111111111111112,0.13333333333333333,-0.012962962962962963,0.15,-0.014814814814814815,0.16458333333333333,-0.018518518518518517,0.221875,-0.020370370370370372,0.23541666666666666,-0.018518518518518517,0.246875,-0.018518518518518517,0.25729166666666664,-0.016666666666666666,0.2677083333333333,-0.018518518518518517,0.30625,-0.024074074074074074
2,0.0,0.0,0.008333333333333333,-0.003703703703703704,0.014583333333333334,-0.007407407407407408,0.06145833333333333,-0.001851851851851852,0.07604166666666666,-0.011111111111111112,0.08541666666666667,-0.003703703703703704,0.09895833333333333,-0.005555555555555556,0.11354166666666667,-0.009259259259259259,0.175,-0.012962962962962963,0.19270833333333334,-0.012962962962962963,0.209375,-0.007407407407407408,0.22083333333333333,-0.009259259259259259,0.23645833333333333,-0.005555555555555556,0.2833333333333333,-0.012962962962962963,0.2916666666666667,-0.011111111111111112,0.2989583333333333,-0.009259259259259259
2,0.0,0.0,0.00625,-0.001851851851851852,0.015625,-0.001851851851851852,0.052083333333333336,-0.005555555555555556,0.06875,0.0,0.09791666666666667,-0.005555555555555556,0.11666666666666667,0.0,0.12916666666666668,-0.005555555555555556,0.15,0.001851851851851852,0.20208333333333334,-0.003703703703703704,0.22083333333333333,0.003703703703703704,0.23541666666666666,0.0,0.25416666666666665,0.001851851851851852,0.26875,0.0,0.2916666666666667,0.001851851851851852,0.3145833333333333,-0.005555555555555556
2,0.0,0.0,0.007291666666666667,-0.003703703703703704,-0.5802083333333333,-0.39814814814814814,0.029166666666666667,0.0,0.03958333333333333,0.0,0.04791666666666667,-0.003703703703703704,-0.5802083333333333,-0.39814814814814814,0.11770833333333333,0.0,0.13333333333333333,0.005555555555555556,0.14583333333333334,-0.001851851851851852,0.19583333333333333,-0.001851851851851852,0.209375,0.001851851851851852,0.21875,-0.001851851851851852,0.228125,0.0,0.240625,0.001851851851851852,0.2520833333333333,-0.001851851851851852
2,0.0,0.0,0.0010416666666666667,-0.001851851851851852,0.028125,0.0,0.0375,-0.001851851851851852,0.04791666666666667,0.0,0.06041666666666667,-0.005555555555555556,0.11458333333333333,0.0,-0.56875,-0.40555555555555556,0.14895833333333333,-0.001851851851851852,0.16041666666666668,-0.007407407407407408,0.203125,-0.005555555555555556,0.21666666666666667,-0.005555555555555556,0.24375,-0.007407407407407408,0.25729166666666664,-0.011111111111111112,0.2708333333333333,-0.012962962962962963,0.2791666666666667,-0.012962962962962963
2,0.0,0.0,0.003125,-0.001851851851851852,0.009375,-0.001851851851851852,0.016666666666666666,-0.001851851851851852,0.053125,-0.003703703703703704,0.065625,-0.003703703703703704,0.078125,-0.005555555555555556,0.090625,-0.005555555555555556,0.146875,-0.014814814814814815,0.16041666666666668,-0.014814814814814815,0.19270833333333334,-0.016666666666666666,0.20520833333333333,-0.018518518518518517,0.20520833333333333,-0.022222222222222223,0.22395833333333334,-0.016666666666666666,0.271875,-0.03518518518518519,0.2833333333333333,-0.03333333333333333
2,0.0,0.0,0.004166666666666667,0.0,0.010416666666666666,-0.003703703703703704,0.019791666666666666,-0.001851851851851852,0.06145833333333333,-0.001851851851851852,0.08020833333333334,0.001851851851851852,0.09270833333333334,0.005555555555555556,0.11041666666666666,0.007407407407407408,0.12291666666666666,0.001851851851851852,0.17916666666666667,-0.003703703703703704,0.19583333333333333,-0.003703703703703704,0.21041666666666667,-0.005555555555555556,0.22395833333333334,-0.005555555555555556,0.2708333333333333,-0.012962962962962963,0.28125,-0.011111111111111112,0.28541666666666665,-0.012962962962962963
2,0.0,0.0,0.004166666666666667,-0.003703703703703704,0.03125,-0.007407407407407408,0.04479166666666667,-0.001851851851851852,0.052083333333333336,-0.003703703703703704,0.06666666666666667,-0.005555555555555556,0.08020833333333334,-0.007407407407407408,0.11770833333333333,-0.005555555555555556,0.12916666666666668,-0.007407407407407408,0.140625,-0.009259259259259259,0.16770833333333332,-0.003703703703703704,0.18020833333333333,-0.009259259259259259,0.19375,-0.011111111111111112,0.21041666666666667,-0.007407407407407408,0.25625,-0.014814814814814815,0.2677083333333333,-0.016666666666666666
2,0.0,0.0,0.0020833333333333333,-0.003703703703703704,0.019791666666666666,-0.005555555555555556,0.023958333333333335,-0.011111111111111112,0.035416666666666666,-0.012962962962962963,0.05,-0.014814814814814815,0.090625,-0.016666666666666666,0.10625,-0.018518518518518517,0.11875,-0.018518518518518517,0.13333333333333333,-0.018518518518518517,0.14895833333333333,-0.022222222222222223,0.20208333333333334,-0.025925925925925925,0.21770833333333334,-0.024074074074074074,0.23229166666666667,-0.024074074074074074,0.246875,-0.022222222222222223,0.26145833333333335,-0.02962962962962963
2,0.0,0.0,0.003125,-0.001851851851851852,0.008333333333333333,0.0,0.0375,0.0,0.052083333333333336,0.007407407407407408,0.06666666666666667,0.003703703703703704,0.12395833333333334,0.009259259259259259,0.14166666666666666,0.009259259259259259,0.15416666666666667,0.012962962962962963,0.16770833333333332,0.014814814814814815,0.17916666666666667,0.016666666666666666,0.228125,0.014814814814814815,0.24270833333333333,0.016666666666666666,0.253125,0.009259259259259259,0.26666666666666666,0.009259259259259259,0.2791666666666667,0.011111111111111112
2,0.0,0.0,0.009375,-0.003703703703703704,0.017708333333333333,-0.007407407407407408,0.026041666666666668,-0.003703703703703704,0.04791666666666667,-0.005555555555555556,0.058333333333333334,-0.003703703703703704,0.11354166666666667,-0.001851851851851852,0.11354166666666667,-0.001851851851851852,0.128125,-0.003703703703703704,0.18645833333333334,-0.001851851851851852,0.2125,-0.003703703703703704,0.225,-0.001851851851851852,0.234375,0.0,0.26875,-0.005555555555555556,0.2791666666666667,0.0,0.28854166666666664,-0.001851851851851852
2,0.0,0.0,0.030208333333333334,-0.003703703703703704,0.042708333333333334,0.001851851851851852,0.05625,0.001851851851851852,0.07083333333333333,0.0,0.08333333333333333,0.001851851851851852,0.1,0.0,0.16354166666666667,0.003703703703703704,0.17916666666666667,0.001851851851851852,0.19270833333333334,0.001851851851851852,0.20416666666666666,-0.001851851851851852,0.21770833333333334,0.005555555555555556,0.259375,-0.001851851851851852,0.27291666666666664,0.001851851851851852,0.2833333333333333,0.0,0.2947916666666667,-0.001851851851851852
2,0.0,0.0,0.028125,0.007407407407407408,0.03854166666666667,0.007407407407407408,0.05,0.009259259259259259,0.06354166666666666,0.007407407407407408,0.125,0.009259259259259259,0.14479166666666668,0.012962962962962963,0.159375,0.011111111111111112,0.17395833333333333,0.012962962962962963,0.22916666666666666,0.011111111111111112,0.24791666666666667,0.014814814814814815,0.2604166666666667,0.011111111111111112,0.26875,0.014814814814814815,0.309375,0.009259259259259259,0.309375,0.014814814814814815,0.31979166666666664,0.011111111111111112
2,0.0,0.0,0.0020833333333333333,-0.001851851851851852,0.003125,-0.001851851851851852,0.00625,0.0,0.04375,-0.003703703703703704,0.057291666666666664,-0.003703703703703704,0.07083333333333333,-0.003703703703703704,0.084375,-0.005555555555555556,0.14479166666666668,-0.003703703703703704,0.16770833333333332,-0.001851851851851852,0.19791666666666666,-0.009259259259259259,0.21875,-0.007407407407407408,0.25729166666666664,-0.003703703703703704,0.278125,-0.003703703703703704,0.28854166666666664,-0.005555555555555556,0.3,-0.005555555555555556
2,0.0,0.0,0.009375,0.001851851851851852,0.017708333333333333,0.001851851851851852,0.0625,0.0,0.075,0.0,0.08958333333333333,0.003703703703703704,0.10625,0.001851851851851852,0.11979166666666667,0.003703703703703704,0.175,-0.001851851851851852,0.190625,0.001851851851851852,0.20208333333333334,-0.001851851851851852,0.21458333333333332,-0.001851851851851852,0.221875,-0.003703703703703704,0.26145833333333335,-0.007407407407407408,0.27395833333333336,-0.009259259259259259,0.2864583333333333,-0.005555555555555556
2,0.0,0.0,0.009375,0.0,0.008333333333333333,-0.001851851851851852,0.01875,0.001851851851851852,0.028125,0.0,0.096875,-0.001851851851851852,0.11666666666666667,0.003703703703703704,0.15625,0.007407407407407408,0.171875,0.005555555555555556,0.18333333333333332,0.001851851851851852,0.19583333333333333,0.005555555555555556,0.21979166666666666,0.005555555555555556,0.23020833333333332,0.005555555555555556,0.25833333333333336,0.007407407407407408,0.2604166666666667,0.009259259259259259,0.26458333333333334,0.011111111111111112
2,0.0,0.0,0.0010416666666666667,0.0,0.007291666666666667,-0.003703703703703704,0.011458333333333333,-0.003703703703703704,0.016666666666666666,-0.007407407407407408,0.025,-0.003703703703703704,0.036458333333333336,-0.005555555555555556,0.08333333333333333,-0.009259259259259259,0.09895833333333333,-0.005555555555555556,0.11458333333333333,-0.001851851851851852,0.12708333333333333,-0.005555555555555556,0.14479166666666668,-0.003703703703703704,0.159375,-0.001851851851851852,0.17395833333333333,-0.001851851851851852,0.22083333333333333,-0.012962962962962963,0.22604166666666667,-0.005555555555555556
2,0.0,0.0,0.0020833333333333333,0.0,0.003125,0.001851851851851852,0.005208333333333333,0.001851851851851852,0.0125,-0.001851851851851852,0.05416666666666667,-0.003703703703703704,0.06979166666666667,-0.003703703703703704,0.084375,-0.005555555555555556,0.10625,-0.003703703703703704,0.165625,-0.003703703703703704,-0.56875,-0.39444444444444443,0.19791666666666666,-0.003703703703703704,0.21041666666666667,-0.003703703703703704,0.253125,-0.005555555555555556,0.26458333333333334,0.0,0.28020833333333334,-0.003703703703703704
2,0.0,0.0,0.007291666666666667,0.0,0.017708333333333333,0.003703703703703704,0.029166666666666667,0.001851851851851852,0.053125,0.001851851851851852,0.09479166666666666,0.011111111111111112,0.10520833333333333,0.009259259259259259,0.11979166666666667,0.012962962962962963,0.13125,0.011111111111111112,0.18229166666666666,0.014814814814814815,0.20625,0.020370370370370372,0.21875,0.016666666666666666,0.21875,0.018518518518518517,0.2635416666666667,0.012962962962962963,0.26979166666666665,0.018518518518518517,0.275,0.020370370370370372
2,0.0,0.0,0.016666666666666666,0.0,0.026041666666666668,-0.001851851851851852,0.035416666666666666,0.001851851851851852,0.04583333333333333,0.0,0.09583333333333334,-0.001851851851851852,0.1125,-0.001851851851851852,0.12708333333333333,0.0,0.14166666666666666,-0.001851851851851852,0.153125,-0.003703703703703704,0.16666666666666666,-0.003703703703703704,0.209375,-0.007407407407407408,0.21770833333333334,-0.003703703703703704,0.228125,0.001851851851851852,0.23645833333333333,-0.001851851851851852,0.271875,0.0
2,0.0,0.0,0.0010416666666666667,0.0,0.005208333333333333,0.001851851851851852,0.034375,-0.001851851851851852,0.04583333333333333,0.001851851851851852,0.08541666666666667,-0.001851851851851852,0.10208333333333333,-0.001851851851851852,0.11875,-0.001851851851851852,0.146875,0.003703703703703704,0.16666666666666666,-0.003703703703703704,0.225,-0.011111111111111112,0.23958333333333334,-0.001851851851851852,0.25625,-0.005555555555555556,0.28020833333333334,-0.003703703703703704,0.28854166666666664,0.0,0.28958333333333336,-0.001851851851851852
2,0.0,0.0,0.010416666666666666,0.003703703703703704,0.020833333333333332,0.0,0.06875,0.007407407407407408,0.08333333333333333,0.003703703703703704,0.09895833333333333,0.009259259259259259,0.11354166666666667,0.005555555555555556,0.12604166666666666,0.005555555555555556,0.14166666666666666,0.011111111111111112,0.15520833333333334,0.007407407407407408,0.20208333333333334,0.003703703703703704,0.21354166666666666,0.007407407407407408,0.22604166666666667,0.007407407407407408,0.26458333333333334,0.003703703703703704,0.26979166666666665,0.005555555555555556,0.278125,0.001851851851851852
2,0.0,0.0,0.0,-0.001851851851851852,0.003125,-0.001851851851851852,0.030208333333333334,0.003703703703703704,0.042708333333333334,0.005555555555555556,0.05520833333333333,0.003703703703703704,0.115625,0.0,0.134375,-0.001851851851851852,0.15104166666666666,0.001851851851851852,0.16666666666666666,0.0,0.18333333333333332,0.001851851851851852,0.234375,0.005555555555555556,0.246875,0.011111111111111112,0.25833333333333336,0.005555555555555556,0.26666666666666666,0.009259259259259259,0.2760416666666667,0.011111111111111112
2,0.0,0.0,0.046875,-0.003703703703703704,0.06354166666666666,-0.001851851851851852,0.09166666666666666,-0.005555555555555556,0.13020833333333334,-0.007407407407407408,0.14479166666666668,-0.005555555555555556,0.15416666666666667,-0.007407407407407408,0.165625,-0.005555555555555556,0.17708333333333334,-0.009259259259259259,0.228125,-0.018518518518518517,0.2375,-0.018518518518518517,0.24791666666666667,-0.020370370370370372,0.24583333333333332,-0.020370370370370372,0.2677083333333333,-0.020370370370370372,0.26875,-0.020370370370370372,0.26979166666666665,-0.020370370370370372
2,0.0,0.0,0.0010416666666666667,0.001851851851851852,0.004166666666666667,0.0,0.00625,0.001851851851851852,0.009375,0.001851851851851852,0.046875,0.001851851851851852,0.057291666666666664,0.001851851851851852,0.06979166666666667,0.001851851851851852,0.125,0.0,0.1375,0.005555555555555556,0.153125,0.009259259259259259,0.16354166666666667,0.005555555555555556,0.215625,0.0,0.234375,0.001851851851851852,0.24583333333333332,-0.001851851851851852,0.259375,-0.003703703703703704
2,0.0,0.0,0.0020833333333333333,-0.001851851851851852,0.016666666666666666,-0.003703703703703704,0.025,-0.003703703703703704,0.035416666666666666,-0.005555555555555556,0.07291666666666667,-0.001851851851851852,0.10208333333333333,-0.005555555555555556,0.11979166666666667,0.001851851851851852,0.13333333333333333,-0.003703703703703704,0.15104166666666666,0.001851851851851852,0.209375,-0.005555555555555556,0.221875,-0.001851851851851852,0.22083333333333333,-0.001851851851851852,0.23333333333333334,-0.007407407407407408,0.27395833333333336,-0.007407407407407408,0.2833333333333333,-0.003703703703703704
2,0.0,0.0,0.010416666666666666,0.003703703703703704,0.019791666666666666,-0.001851851851851852,0.019791666666666666,0.0,0.06666666666666667,-0.007407407407407408,0.08020833333333334,0.003703703703703704,0.09375,0.001851851851851852,0.109375,0.003703703703703704,0.12395833333333334,0.003703703703703704,0.17604166666666668,0.011111111111111112,0.18958333333333333,0.011111111111111112,0.19791666666666666,0.012962962962962963,0.20520833333333333,0.012962962962962963,0.2125,0.016666666666666666,0.240625,0.011111111111111112,0.24479166666666666,0.014814814814814815
2,0.0,0.0,0.0010416666666666667,0.0,0.0020833333333333333,0.001851851851851852,0.003125,0.001851851851851852,0.004166666666666667,0.0,0.009375,0.003703703703703704,0.057291666666666664,0.005555555555555556,0.06979166666666667,0.007407407407407408,0.08541666666666667,-0.001851851851851852,0.09791666666666667,-0.001851851851851852,0.12291666666666666,0.003703703703703704,0.18125,-0.016666666666666666,0.2,-0.020370370370370372,0.20833333333333334,-0.022222222222222223,0.22291666666666668,-0.022222222222222223,0.26666666666666666,-0.027777777777777776
2,0.0,0.0,-0.003125,0.0,-0.0010416666666666667,0.0,0.0010416666666666667,0.001851851851851852,0.00625,-0.001851851851851852,0.026041666666666668,0.007407407407407408,0.0375,0.014814814814814815,0.04895833333333333,0.007407407407407408,0.057291666666666664,0.001851851851851852,0.07708333333333334,0.016666666666666666,0.11770833333333333,-0.003703703703703704,0.12708333333333333,-0.001851851851851852,0.14270833333333333,0.0,0.16145833333333334,-0.001851851851851852,-0.23645833333333333,-0.32592592592592595,-0.23645833333333333,-0.32592592592592595
2,0.0,0.0,0.015625,-0.003703703703703704,0.020833333333333332,-0.007407407407407408,0.028125,-0.005555555555555556,0.03958333333333333,-0.003703703703703704,0.04895833333333333,-0.007407407407407408,0.06666666666666667,-0.003703703703703704,0.12916666666666668,-0.020370370370370372,0.14895833333333333,-0.007407407407407408,0.16666666666666666,-0.005555555555555556,0.18645833333333334,0.0,0.20416666666666666,0.012962962962962963,-0.20520833333333333,-0.37407407407407406,-0.20520833333333333,-0.37407407407407406,0.28958333333333336,0.03518518518518519,0.3020833333333333,0.003703703703703704
2,0.0,0.0,0.003125,-0.001851851851851852,0.034375,-0.003703703703703704,0.04791666666666667,-0.007407407407407408,0.06145833333333333,-0.009259259259259259,0.075,-0.012962962962962963,0.13541666666666666,-0.03888888888888889,0.159375,-0.025925925925925925,0.16354166666666667,-0.02962962962962963,0.209375,0.001851851851851852,0.265625,-0.03333333333333333,0.2791666666666667,-0.03333333333333333,0.321875,-0.016666666666666666,0.33229166666666665,-0.014814814814814815,0.34270833333333334,-0.005555555555555556,0.359375,-0.007407407407407408
2,0.0,0.0,-0.0010416666666666667,0.0,0.0010416666666666667,0.0,0.0020833333333333333,-0.001851851851851852,0.004166666666666667,-0.001851851851851852,0.007291666666666667,0.001851851851851852,0.04375,-0.005555555555555556,0.05625,-0.009259259259259259,0.06979166666666667,-0.009259259259259259,0.08958333333333333,-0.018518518518518517,-0.22916666666666666,-0.39444444444444443,-0.22916666666666666,-0.39444444444444443,-0.22916666666666666,-0.39444444444444443,-0.22916666666666666,-0.39444444444444443,-0.22916666666666666,-0.39444444444444443,0.27395833333333336,0.053703703703703705
2,0.0,0.0,0.0,0.001851851851851852,0.0010416666666666667,0.0,0.004166666666666667,0.001851851851851852,0.015625,0.001851851851851852,0.019791666666666666,0.0,0.025,0.0,0.03125,-0.003703703703703704,0.040625,-0.001851851851851852,0.084375,-0.014814814814814815,0.1,-0.024074074074074074,0.11145833333333334,-0.027777777777777776,0.12604166666666666,-0.022222222222222223,0.13854166666666667,-0.02962962962962963,0.15833333333333333,-0.024074074074074074,0.17291666666666666,-0.027777777777777776
2,0.0,0.0,0.0020833333333333333,-0.001851851851851852,0.005208333333333333,-0.001851851851851852,0.009375,-0.001851851851851852,0.03854166666666667,0.0,0.04895833333333333,0.0,0.06041666666666667,0.007407407407407408,0.078125,-0.001851851851851852,0.14166666666666666,-0.016666666666666666,0.16145833333333334,-0.014814814814814815,0.175,-0.012962962962962963,0.20104166666666667,-0.024074074074074074,0.20104166666666667,-0.022222222222222223,0.21458333333333332,-0.025925925925925925,0.24375,-0.03148148148148148,0.246875,-0.03333333333333333
2,0.0,0.0,0.005208333333333333,0.0,0.011458333333333333,0.009259259259259259,0.04583333333333333,0.003703703703703704,0.05625,0.003703703703703704,0.06770833333333333,-0.001851851851851852,0.07916666666666666,-0.005555555555555556,0.08958333333333333,-0.005555555555555556,0.10520833333333333,-0.001851851851851852,0.15104166666666666,-0.020370370370370372,0.159375,-0.025925925925925925,0.17083333333333334,-0.025925925925925925,0.17916666666666667,-0.03148148148148148,0.2125,-0.03333333333333333,0.21666666666666667,-0.03148148148148148,0.22395833333333334,-0.03518518518518519
2,0.0,0.0,0.0020833333333333333,0.001851851851851852,0.004166666666666667,0.0,0.00625,0.0,0.01875,-0.001851851851851852,0.022916666666666665,-0.001851851851851852,0.029166666666666667,-0.001851851851851852,0.051041666666666666,0.0,0.06041666666666667,-0.001851851851851852,0.08333333333333333,-0.003703703703703704,0.090625,-0.003703703703703704,0.12916666666666668,-0.009259259259259259,0.13645833333333332,-0.009259259259259259,0.15,-0.018518518518518517,0.15833333333333333,-0.014814814814814815,0.15833333333333333,-0.014814814814814815
2,0.0,0.0,0.0,-0.003703703703703704,0.011458333333333333,-0.007407407407407408,0.015625,-0.003703703703703704,0.036458333333333336,-0.005555555555555556,0.0375,-0.003703703703703704,0.046875,-0.005555555555555556,0.058333333333333334,-0.005555555555555556,0.10104166666666667,-0.014814814814814815,0.11875,-0.025925925925925925,0.12916666666666668,-0.025925925925925925,0.13854166666666667,-0.027777777777777776,0.18333333333333332,-0.027777777777777776,0.19270833333333334,-0.025925925925925925,0.19895833333333332,-0.024074074074074074,0.20625,-0.027777777777777776
2,0.0,0.0,0.0010416666666666667,-0.001851851851851852,0.0010416666666666667,-0.001851851851851852,0.004166666666666667,-0.001851851851851852,0.051041666666666666,-0.005555555555555556,0.06979166666666667,-0.005555555555555556,0.08854166666666667,-0.009259259259259259,-0.2,-0.42592592592592593,0.13541666666666666,-0.018518518518518517,0.15104166666666666,-0.018518518518518517,0.20833333333333334,-0.027777777777777776,0.21770833333333334,-0.03518518518518519,0.22395833333333334,-0.03518518518518519,0.23541666666666666,-0.040740740740740744,0.23645833333333333,-0.04259259259259259,0.23854166666666668,-0.046296296296296294
2,0.0,0.0,0.0,-0.001851851851851852,0.00625,0.001851851851851852,0.009375,-0.001851851851851852,0.029166666666666667,0.001851851851851852,0.042708333333333334,-0.001851851851851852,0.08541666666666667,0.001851851851851852,0.10520833333333333,0.003703703703703704,0.11666666666666667,0.005555555555555556,0.13229166666666667,0.003703703703703704,0.153125,-0.011111111111111112,0.21770833333333334,-0.012962962962962963,0.23020833333333332,-0.014814814814814815,0.23854166666666668,-0.018518518518518517,0.26145833333333335,-0.018518518518518517,0.2635416666666667,-0.024074074074074074
2,0.0,0.0,0.010416666666666666,0.012962962962962963,0.0125,0.016666666666666666,0.017708333333333333,0.018518518518518517,0.022916666666666665,0.016666666666666666,0.03125,0.016666666666666666,0.03958333333333333,0.020370370370370372,0.053125,0.022222222222222223,0.11770833333333333,0.011111111111111112,0.134375,0.011111111111111112,0.14479166666666668,0.0,0.165625,0.001851851851851852,0.21979166666666666,-0.001851851851851852,0.22604166666666667,-0.005555555555555556,0.234375,-0.005555555555555556,0.24270833333333333,-0.007407407407407408
2,0.0,0.0,0.0020833333333333333,0.001851851851851852,0.017708333333333333,0.007407407407407408,0.03958333333333333,0.016666666666666666,0.05416666666666667,0.012962962962962963,0.06875,0.027777777777777776,0.08125,0.020370370370370372,-0.17083333333333334,-0.34814814814814815,0.16770833333333332,0.020370370370370372,0.16875,0.012962962962962963,0.18229166666666666,0.022222222222222223,0.24166666666666667,0.011111111111111112,0.25104166666666666,0.011111111111111112,0.25729166666666664,0.007407407407407408,0.2708333333333333,0.005555555555555556,0.27291666666666664,0.003703703703703704
2,0.0,0.0,0.0010416666666666667,0.001851851851851852,0.023958333333333335,0.003703703703703704,0.03229166666666667,-0.007407407407407408,0.04583333333333333,0.0,0.06041666666666667,0.037037037037037035,0.06770833333333333,-0.007407407407407408,0.125,-0.024074074074074074,0.13958333333333334,-0.027777777777777776,0.14791666666666667,-0.027777777777777776,0.15729166666666666,-0.027777777777777776,0.19791666666666666,-0.037037037037037035,0.20729166666666668,-0.03518518518518519,0.21458333333333332,-0.03888888888888889,0.23645833333333333,-0.044444444444444446,0.240625,-0.044444444444444446
2,0.0,0.0,0.019791666666666666,0.007407407407407408,0.027083333333333334,0.003703703703703704,0.036458333333333336,0.003703703703703704,0.04791666666666667,0.007407407407407408,0.05625,0.007407407407407408,0.07083333333333333,0.011111111111111112,0.11979166666666667,-0.011111111111111112,0.13333333333333333,-0.007407407407407408,0.14166666666666666,-0.016666666666666666,0.153125,-0.014814814814814815,0.16666666666666666,-0.012962962962962963,0.203125,-0.016666666666666666,0.209375,-0.014814814814814815,0.215625,-0.014814814814814815,0.21875,-0.016666666666666666
2,0.0,0.0,0.015625,0.0,0.021875,0.001851851851851852,0.05416666666666667,0.001851851851851852,0.06145833333333333,0.001851851851851852,0.06770833333333333,0.011111111111111112,0.08645833333333333,0.001851851851851852,0.10520833333333333,-0.009259259259259259,0.11666666666666667,-0.007407407407407408,0.1625,-0.025925925925925925,0.16979166666666667,-0.025925925925925925,0.17083333333333334,-0.024074074074074074,0.175,-0.027777777777777776,0.19375,-0.03333333333333333,0.196875,-0.03333333333333333,0.2,-0.03333333333333333
2,0.0,0.0,0.005208333333333333,-0.003703703703703704,0.0125,0.0,0.020833333333333332,0.0,0.06770833333333333,0.001851851851851852,0.07708333333333334,0.04259259259259259,0.090625,-0.003703703703703704,0.11145833333333334,-0.005555555555555556,0.11770833333333333,-0.009259259259259259,0.12604166666666666,-0.007407407407407408,0.159375,-0.018518518518518517,0.1625,-0.020370370370370372,0.171875,-0.024074074074074074,0.17708333333333334,-0.022222222222222223,0.18229166666666666,-0.018518518518518517,0.190625,-0.016666666666666666
2,0.0,0.0,0.041666666666666664,0.016666666666666666,0.05520833333333333,0.014814814814814815,0.06666666666666667,0.018518518518518517,0.06666666666666667,0.018518518518518517,0.07604166666666666,0.016666666666666666,0.08854166666666667,0.020370370370370372,0.15416666666666667,0.011111111111111112,0.165625,0.009259259259259259,0.17708333333333334,0.012962962962962963,0.190625,0.014814814814814815,0.21770833333333334,0.016666666666666666,0.22395833333333334,0.014814814814814815,0.23333333333333334,0.014814814814814815,0.2375,0.012962962962962963,0.23854166666666668,0.011111111111111112
2,0.0,0.0,0.010416666666666666,0.003703703703703704,0.021875,0.001851851851851852,0.036458333333333336,0.009259259259259259,0.08645833333333333,-0.001851851851851852,0.09895833333333333,-0.007407407407407408,0.11145833333333334,-0.003703703703703704,0.121875,-0.005555555555555556,0.12916666666666668,-0.005555555555555556,0.16875,-0.005555555555555556,0.17395833333333333,-0.005555555555555556,0.17916666666666667,-0.005555555555555556,0.184375,-0.003703703703703704,0.18958333333333333,-0.003703703703703704,0.19375,-0.003703703703703704,0.20625,0.0
2,0.0,0.0,0.008333333333333333,-0.001851851851851852,0.011458333333333333,-0.001851851851851852,0.016666666666666666,0.0,0.05,-0.001851851851851852,0.06145833333333333,-0.003703703703703704,0.07291666666666667,-0.009259259259259259,0.11875,-0.012962962962962963,0.12708333333333333,-0.009259259259259259,0.13854166666666667,-0.016666666666666666,0.15,-0.018518518518518517,0.18229166666666666,-0.024074074074074074,0.19166666666666668,-0.016666666666666666,0.20729166666666668,-0.016666666666666666,0.23958333333333334,-0.014814814814814815,0.24895833333333334,-0.014814814814814815
2,0.0,0.0,0.016666666666666666,0.0,0.027083333333333334,0.001851851851851852,0.06666666666666667,0.005555555555555556,0.08020833333333334,0.009259259259259259,0.09270833333333334,0.024074074074074074,0.11770833333333333,0.03148148148148148,0.128125,0.0,0.13854166666666667,0.001851851851851852,0.19895833333333332,-0.005555555555555556,0.209375,-0.007407407407407408,0.20729166666666668,-0.007407407407407408,0.23020833333333332,-0.007407407407407408,0.23333333333333334,-0.005555555555555556,0.234375,-0.005555555555555556,0.23958333333333334,-0.009259259259259259
2,0.0,0.0,0.0020833333333333333,0.0,0.007291666666666667,0.001851851851851852,0.0125,0.0,0.017708333333333333,0.0,0.023958333333333335,-0.001851851851851852,0.04583333333333333,0.005555555555555556,0.052083333333333336,0.0,0.06041666666666667,0.001851851851851852,0.07083333333333333,0.003703703703703704,0.07916666666666666,0.005555555555555556,0.11770833333333333,0.0,0.13125,-0.003703703703703704,0.14166666666666666,-0.009259259259259259,0.15104166666666666,-0.001851851851851852,0.16041666666666668,-0.003703703703703704
2,0.0,0.0,0.007291666666666667,0.007407407407407408,0.013541666666666667,0.007407407407407408,0.019791666666666666,0.005555555555555556,0.046875,0.011111111111111112,0.06041666666666667,-0.003703703703703704,0.07083333333333333,-0.001851851851851852,-0.225,-0.37407407407407406,0.08854166666666667,0.018518518518518517,0.13229166666666667,-0.016666666666666666,0.140625,-0.014814814814814815,0.14270833333333333,-0.014814814814814815,0.15520833333333334,-0.011111111111111112,0.2,-0.016666666666666666,0.20833333333333334,-0.014814814814814815,0.215625,-0.014814814814814815
2,0.0,0.0,0.0010416666666666667,0.0,0.004166666666666667,0.0,0.010416666666666666,-0.001851851851851852,0.06041666666666667,-0.003703703703703704,0.078125,-0.003703703703703704,0.09166666666666666,-0.005555555555555556,0.10729166666666666,-0.014814814814814815,0.11875,-0.016666666666666666,0.13541666666666666,-0.012962962962962963,0.14583333333333334,-0.018518518518518517,0.19375,-0.018518518518518517,0.19895833333333332,-0.016666666666666666,0.20833333333333334,-0.025925925925925925,0.21041666666666667,-0.024074074074074074,0.215625,-0.025925925925925925
2,0.0,0.0,0.010416666666666666,0.0,0.017708333333333333,0.001851851851851852,0.025,0.001851851851851852,0.036458333333333336,0.001851851851851852,0.075,0.005555555555555556,0.09375,0.001851851851851852,0.10833333333333334,0.0,0.12604166666666666,-0.001851851851851852,0.13541666666666666,-0.003703703703703704,0.18645833333333334,0.003703703703703704,0.196875,0.001851851851851852,0.203125,0.005555555555555556,0.21145833333333333,0.005555555555555556,0.22083333333333333,-0.001851851851851852,0.246875,0.007407407407407408
2,0.0,0.0,0.0,0.0,0.0020833333333333333,0.0,0.029166666666666667,0.005555555555555556,0.040625,0.0,0.05,0.0,0.11041666666666666,-0.007407407407407408,0.125,-0.009259259259259259,0.140625,-0.007407407407407408,0.15833333333333333,-0.003703703703703704,0.171875,-0.009259259259259259,-0.17604166666666668,-0.3425925925925926,0.234375,0.011111111111111112,0.24375,0.0,0.24895833333333334,-0.003703703703703704,0.25625,0.0
2,0.0,0.0,0.0010416666666666667,0.0,0.003125,0.0,0.005208333333333333,0.003703703703703704,0.03854166666666667,0.011111111111111112,0.04895833333333333,0.011111111111111112,0.058333333333333334,0.009259259259259259,0.071875,0.012962962962962963,0.08541666666666667,0.012962962962962963,0.1375,0.009259259259259259,0.153125,0.011111111111111112,0.16666666666666666,0.007407407407407408,0.221875,0.020370370370370372,0.23645833333333333,0.027777777777777776,0.24583333333333332,0.016666666666666666,0.271875,0.024074074074074074
2,0.0,0.0,0.0020833333333333333,0.0,0.008333333333333333,0.0,0.03229166666666667,0.007407407407407408,0.04479166666666667,0.007407407407407408,0.05625,0.001851851851851852,0.06770833333333333,0.001851851851851852,0.084375,-0.003703703703703704,0.1,-0.001851851851851852,0.15729166666666666,-0.009259259259259259,0.16979166666666667,-0.011111111111111112,0.18333333333333332,-0.003703703703703704,0.19479166666666667,0.003703703703703704,0.23645833333333333,-0.014814814814814815,0.25729166666666664,-0.005555555555555556,0.28020833333333334,0.001851851851851852
2,0.0,0.0,0.004166666666666667,0.0,0.011458333333333333,0.001851851851851852,0.06458333333333334,-0.001851851851851852,0.08125,-0.003703703703703704,0.10208333333333333,-0.009259259259259259,0.115625,-0.012962962962962963,0.17291666666666666,-0.012962962962962963,0.18541666666666667,-0.014814814814814815,0.19479166666666667,-0.007407407407407408,-0.178125,-0.3592592592592593,0.21979166666666666,0.005555555555555556,0.23020833333333332,-0.001851851851851852,0.259375,-0.005555555555555556,0.2677083333333333,-0.003703703703703704,0.271875,0.001851851851851852
2,0.0,0.0,0.019791666666666666,0.001851851851851852,0.027083333333333334,0.001851851851851852,0.04791666666666667,-0.001851851851851852,0.058333333333333334,0.0,0.06875,0.0,0.08125,-0.003703703703703704,0.13541666666666666,-0.012962962962962963,0.1375,-0.007407407407407408,0.14895833333333333,-0.011111111111111112,0.1625,-0.009259259259259259,0.175,-0.011111111111111112,0.196875,-0.007407407407407408,0.234375,-0.011111111111111112,0.24166666666666667,-0.012962962962962963,0.24895833333333334,-0.016666666666666666
2,0.0,0.0,0.017708333333333333,0.001851851851851852,0.026041666666666668,0.003703703703703704,0.0375,0.001851851851851852,0.046875,0.0,0.1,-0.005555555555555556,0.1125,-0.007407407407407408,0.12604166666666666,-0.009259259259259259,0.1375,-0.014814814814814815,0.15,-0.014814814814814815,0.1625,-0.016666666666666666,-0.18229166666666666,-0.362962962962963,0.22083333333333333,-0.016666666666666666,0.228125,-0.011111111111111112,0.23854166666666668,-0.022222222222222223,0.24375,-0.022222222222222223
2,0.0,0.0,0.003125,0.0,0.00625,0.0,0.0375,0.011111111111111112,0.04895833333333333,0.012962962962962963,0.06041666666666667,0.014814814814814815,0.07395833333333333,0.018518518518518517,0.0875,0.020370370370370372,0.13541666666666666,0.022222222222222223,0.14270833333333333,0.022222222222222223,0.15104166666666666,0.020370370370370372,0.19375,0.012962962962962963,0.203125,0.014814814814814815,0.21145833333333333,0.011111111111111112,0.21875,0.005555555555555556,0.2520833333333333,0.012962962962962963
2,0.0,0.0,0.004166666666666667,0.0,0.026041666666666668,0.001851851851851852,0.03333333333333333,0.0,0.04375,0.0,0.05416666666666667,0.001851851851851852,0.078125,-0.005555555555555556,0.090625,-0.003703703703703704,0.13020833333333334,-0.005555555555555556,0.14166666666666666,-0.003703703703703704,0.15208333333333332,-0.003703703703703704,0.16666666666666666,-0.005555555555555556,0.17604166666666668,-0.001851851851851852,0.225,0.005555555555555556,0.23333333333333334,-0.007407407407407408,0.234375,-0.003703703703703704
2,0.0,0.0,0.017708333333333333,0.0,0.03229166666666667,0.0,0.046875,-0.003703703703703704,0.06041666666666667,-0.003703703703703704,0.11041666666666666,-0.005555555555555556,0.125,0.012962962962962963,0.14375,0.06666666666666667,-0.25,-0.35,0.15208333333333332,0.0,0.15833333333333333,0.001851851851851852,0.16666666666666666,-0.005555555555555556,0.18854166666666666,0.001851851851851852,0.19166666666666668,0.001851851851851852,0.19166666666666668,0.001851851851851852,0.19270833333333334,0.001851851851851852
2,0.0,0.0,0.004166666666666667,0.0,0.00625,0.0,0.03229166666666667,0.003703703703703704,0.03958333333333333,0.0,0.04895833333333333,0.001851851851851852,0.04791666666666667,0.0,0.06979166666666667,0.003703703703703704,0.115625,0.009259259259259259,0.128125,0.012962962962962963,0.134375,0.011111111111111112,-0.21666666666666667,-0.32407407407407407,-0.21666666666666667,-0.32407407407407407,0.19375,0.044444444444444446,0.203125,0.014814814814814815,0.20729166666666668,0.012962962962962963
2,0.0,0.0,0.003125,-0.001851851851851852,0.00625,0.0,0.022916666666666665,0.003703703703703704,0.052083333333333336,-0.001851851851851852,0.06354166666666666,-0.007407407407407408,0.07708333333333334,-0.011111111111111112,0.08854166666666667,-0.012962962962962963,0.13854166666666667,-0.012962962962962963,0.15833333333333333,-0.003703703703703704,0.159375,-0.003703703703703704,0.17395833333333333,0.03333333333333333,0.18229166666666666,-0.009259259259259259,0.19166666666666668,-0.009259259259259259,0.22708333333333333,-0.003703703703703704,0.23541666666666666,0.0
2,0.0,0.0,0.008333333333333333,0.0,0.015625,-0.001851851851851852,0.027083333333333334,-0.003703703703703704,0.036458333333333336,-0.005555555555555556,0.08229166666666667,-0.011111111111111112,0.09583333333333334,-0.005555555555555556,0.10625,-0.007407407407407408,0.11979166666666667,-0.003703703703703704,0.128125,-0.001851851851851852,0.13854166666666667,-0.003703703703703704,0.15,-0.003703703703703704,0.17916666666666667,0.005555555555555556,0.18645833333333334,-0.005555555555555556,0.19166666666666668,-0.003703703703703704,0.196875,0.0
2,0.0,0.0,0.0,-0.001851851851851852,0.0010416666666666667,-0.001851851851851852,0.005208333333333333,0.0,0.010416666666666666,0.0,0.026041666666666668,0.003703703703703704,0.0375,0.001851851851851852,0.053125,0.003703703703703704,0.11041666666666666,0.005555555555555556,0.13020833333333334,0.005555555555555556,0.12916666666666668,0.003703703703703704,0.140625,0.001851851851851852,0.19895833333333332,0.009259259259259259,0.21041666666666667,0.0,0.215625,0.0,0.23333333333333334,0.0
2,0.0,0.0,-0.003125,0.001851851851851852,-0.009375,0.001851851851851852,-0.009375,-0.001851851851851852,-0.009375,-0.001851851851851852,-0.008333333333333333,-0.001851851851851852,0.014583333333333334,0.001851851851851852,0.023958333333333335,0.0,0.035416666666666666,0.0,0.07708333333333334,-0.009259259259259259,0.08958333333333333,-0.009259259259259259,0.103125,-0.009259259259259259,0.1125,-0.001851851851851852,0.12604166666666666,-0.001851851851851852,0.16770833333333332,0.0,0.18020833333333333,-0.005555555555555556
2,0.0,0.0,0.003125,0.0,0.007291666666666667,0.0,0.0125,0.0,0.01875,0.0,0.057291666666666664,-0.011111111111111112,0.07083333333333333,-0.007407407407407408,0.08333333333333333,-0.001851851851851852,0.09270833333333334,-0.011111111111111112,0.10729166666666666,-0.005555555555555556,0.11875,-0.011111111111111112,0.16145833333333334,-0.001851851851851852,0.18541666666666667,0.003703703703703704,0.19375,-0.001851851851851852,0.203125,-0.005555555555555556,0.21041666666666667,-0.011111111111111112
2,0.0,0.0,0.0010416666666666667,-0.001851851851851852,0.004166666666666667,-0.003703703703703704,0.004166666666666667,-0.003703703703703704,0.005208333333333333,-0.003703703703703704,0.00625,-0.003703703703703704,0.015625,-0.005555555555555556,0.01875,-0.005555555555555556,0.026041666666666668,-0.003703703703703704,0.06145833333333333,0.001851851851851852,0.07395833333333333,0.007407407407407408,0.08854166666666667,0.0,0.10208333333333333,0.005555555555555556,0.13125,0.0,0.184375,0.016666666666666666,0.1875,0.012962962962962963
2,0.0,0.0,0.005208333333333333,0.0,0.011458333333333333,-0.001851851851851852,-0.2,-0.3814814814814815,0.07604166666666666,-0.011111111111111112,0.09270833333333334,-0.014814814814814815,0.103125,-0.022222222222222223,0.11875,-0.020370370370370372,0.13020833333333334,-0.022222222222222223,0.140625,-0.022222222222222223,-0.2,-0.3814814814814815,-0.2,-0.3814814814814815,-0.2,-0.3814814814814815,0.20520833333333333,-0.011111111111111112,0.209375,-0.03518518518518519,0.21666666666666667,-0.03888888888888889
3,0.0,0.0,0.0,0.0,-0.0020833333333333333,0.0,-0.008333333333333333,-0.001851851851851852,-0.014583333333333334,-0.003703703703703704,-0.026041666666666668,-0.005555555555555556,-0.6885416666666667,-0.32407407407407407,-0.6885416666666667,-0.32407407407407407,-0.6885416666666667,-0.32407407407407407,-0.1,-0.011111111111111112,-0.11354166666666667,-0.012962962962962963,-0.16666666666666666,-0.012962962962962963,-0.17604166666666668,-0.012962962962962963,-0.18958333333333333,-0.014814814814814815,-0.19895833333333332,-0.011111111111111112,-0.21145833333333333,-0.009259259259259259
3,0.0,0.0,0.0,0.0,-0.016666666666666666,0.009259259259259259,-0.027083333333333334,0.005555555555555556,-0.041666666666666664,0.005555555555555556,-0.7208333333333333,-0.3,-0.7208333333333333,-0.3,-0.7208333333333333,-0.3,-0.140625,0.001851851851851852,-0.15520833333333334,0.003703703703703704,-0.16666666666666666,0.003703703703703704,-0.21458333333333332,0.009259259259259259,-0.22604166666666667,0.003703703703703704,-0.2375,0.009259259259259259,-0.246875,0.009259259259259259,-0.25416666666666665,0.011111111111111112
3,0.0,0.0,-0.0125,-0.005555555555555556,-0.023958333333333335,0.0,-0.025,-0.001851851851851852,-0.09166666666666666,0.003703703703703704,-0.10833333333333334,-0.001851851851851852,-0.121875,-0.001851851851851852,-0.16041666666666668,-0.003703703703703704,-0.171875,0.0,-0.184375,0.0,-0.19479166666666667,0.001851851851851852,-0.215625,0.001851851851851852,-0.225,0.009259259259259259,-0.23541666666666666,0.009259259259259259,-0.265625,0.014814814814814815,-0.26458333333333334,0.012962962962962963
3,0.0,0.0,-0.003125,-0.001851851851851852,-0.00625,-0.001851851851851852,-0.04479166666666667,0.003703703703703704,-0.058333333333333334,0.011111111111111112,-0.071875,0.007407407407407408,-0.08645833333333333,0.009259259259259259,-0.14375,0.009259259259259259,-0.15729166666666666,0.009259259259259259,-0.175,0.009259259259259259,-0.221875,0.011111111111111112,-0.23333333333333334,0.011111111111111112,-0.24166666666666667,0.011111111111111112,-0.27291666666666664,0.020370370370370372,-0.278125,0.022222222222222223,-0.28125,0.024074074074074074
3,0.0,0.0,-0.00625,0.001851851851851852,-0.0125,0.001851851851851852,-0.05520833333333333,0.014814814814814815,-0.065625,0.012962962962962963,-0.08125,0.020370370370370372,-0.090625,0.014814814814814815,-0.14166666666666666,0.022222222222222223,-0.15625,0.020370370370370372,-0.17083333333333334,0.022222222222222223,-0.18645833333333334,0.024074074074074074,-0.23125,0.025925925925925925,-0.240625,0.025925925925925925,-0.24895833333333334,0.03148148148148148,-0.259375,0.02962962962962963,-0.26875,0.02962962962962963
3,0.0,0.0,-0.03854166666666667,0.003703703703703704,-0.052083333333333336,0.005555555555555556,-0.052083333333333336,0.005555555555555556,-0.10104166666666667,0.005555555555555556,-0.7052083333333333,-0.32407407407407407,-0.14375,0.005555555555555556,-0.15729166666666666,0.003703703703703704,-0.16770833333333332,0.005555555555555556,-0.178125,0.005555555555555556,-0.209375,0.003703703703703704,-0.21875,0.009259259259259259,-0.228125,0.009259259259259259,-0.2375,0.009259259259259259,-0.24479166666666666,0.011111111111111112,-0.2708333333333333,0.011111111111111112
3,0.0,0.0,-0.029166666666666667,0.005555555555555556,-0.6833333333333333,-0.3,-0.052083333333333336,0.012962962962962963,-0.06354166666666666,0.012962962962962963,-0.12083333333333333,0.016666666666666666,-0.13541666666666666,0.018518518518518517,-0.15,0.018518518518518517,-0.16041666666666668,0.020370370370370372,-0.16979166666666667,0.022222222222222223,-0.21041666666666667,0.020370370370370372,-0.21770833333333334,0.022222222222222223,-0.221875,0.024074074074074074,-0.228125,0.024074074074074074,-0.23333333333333334,0.022222222222222223,-0.2375,0.024074074074074074
3,0.0,0.0,0.0,-0.005555555555555556,-0.00625,-0.001851851851851852,-0.009375,-0.003703703703703704,-0.0125,-0.003703703703703704,-0.017708333333333333,-0.005555555555555556,-0.04895833333333333,0.001851851851851852,-0.05625,0.0,-0.06770833333333333,0.0,-0.6927083333333334,-0.3351851851851852,-0.11875,0.0,-0.12916666666666668,0.001851851851851852,-0.13854166666666667,0.001851851851851852,-0.15,0.003703703703703704,-0.18229166666666666,0.003703703703703704,-0.20104166666666667,0.005555555555555556
3,0.0,0.0,-0.008333333333333333,-0.005555555555555556,-0.01875,-0.005555555555555556,-0.04375,0.0,-0.09166666666666666,-0.003703703703703704,-0.684375,-0.3314814814814815,-0.128125,-0.005555555555555556,-0.15208333333333332,-0.003703703703703704,-0.16875,0.0,-0.18333333333333332,0.001851851851851852,-0.19791666666666666,0.003703703703703704,-0.24583333333333332,0.0,-0.25625,-0.001851851851851852,-0.265625,0.005555555555555556,-0.2708333333333333,0.005555555555555556,-0.2791666666666667,0.005555555555555556
3,0.0,0.0,0.0020833333333333333,-0.005555555555555556,0.0010416666666666667,-0.009259259259259259,-0.0020833333333333333,-0.009259259259259259,-0.005208333333333333,-0.009259259259259259,-0.03229166666666667,-0.009259259259259259,-0.03958333333333333,-0.005555555555555556,-0.04895833333333333,-0.005555555555555556,-0.1,-0.001851851851851852,-0.715625,-0.32592592592592595,-0.715625,-0.32592592592592595,-0.140625,0.001851851851851852,-0.1875,0.001851851851851852,-0.19895833333333332,0.001851851851851852,-0.209375,0.003703703703703704,-0.21979166666666666,0.001851851851851852
3,0.0,0.0,-0.015625,0.003703703703703704,-0.021875,0.003703703703703704,-0.034375,0.005555555555555556,-0.046875,0.005555555555555556,-0.7479166666666667,-0.3037037037037037,-0.096875,0.009259259259259259,-0.7479166666666667,-0.3037037037037037,-0.7479166666666667,-0.3037037037037037,-0.7479166666666667,-0.3037037037037037,-0.7479166666666667,-0.3037037037037037,-0.7479166666666667,-0.3037037037037037,-0.20625,0.016666666666666666,-0.7479166666666667,-0.3037037037037037,-0.21458333333333332,0.014814814814814815,-0.22604166666666667,0.018518518518518517
3,0.0,0.0,0.0,0.0,0.0,0.0,0.7385416666666667,0.32407407407407407,0.7333333333333333,0.32037037037037036,0.721875,0.32592592592592595,0.0,0.0,0.0,0.0,0.0,0.0,0.0,0.0,0.0,0.0,0.0,0.0,0.55,0.31666666666666665,0.5416666666666666,0.3055555555555556,0.4979166666666667,0.3055555555555556,0.48854166666666665,0.30185185185185187
3,0.0,0.0,0.7583333333333333,0.3055555555555556,0.0,0.0,0.7447916666666666,0.3148148148148148,0.0,0.0,0.6916666666666667,0.3055555555555556,0.0,0.0,0.0,0.0,0.0,0.0,0.5875,0.3,0.571875,0.3055555555555556,0.55625,0.29814814814814816,0.0,0.0,0.53125,0.2962962962962963,0.48333333333333334,0.3037037037037037,0.471875,0.30185185185185187
3,0.0,0.0,0.6958333333333333,0.3111111111111111,0.6958333333333333,0.3111111111111111,0.6927083333333334,0.30925925925925923,0.0,0.0,0.6875,0.3111111111111111,0.0,0.0,0.0,0.0,0.0,0.0,0.0,0.0,0.0,0.0,0.54375,0.3333333333333333,0.5270833333333333,0.3111111111111111,0.49270833333333336,0.3111111111111111,0.475,0.31666666666666665,0.46770833333333334,0.31666666666666665
3,0.0,0.0,0.0,0.0,0.0,0.0,0.0,0.0,0.0,0.0,0.58125,0.3111111111111111,0.0,0.0,0.0,0.0,0.5239583333333333,0.32037037037037036,0.5125,0.32222222222222224,0.5041666666666667,0.32407407407407407,0.4666666666666667,0.32222222222222224,0.45416666666666666,0.32407407407407407,0.4552083333333333,0.32592592592592595,0.45,0.32407407407407407,0.43645833333333334,0.3277777777777778
3,0.0,0.0,0.0,0.0,0.6697916666666667,0.29814814814814816,0.0,0.0,0.0,0.0,0.0,0.0,0.0,0.0,0.0,0.0,0.0,0.0,0.5645833333333333,0.3,0.5510416666666667,0.3,0.0,0.0,0.5208333333333334,0.3037037037037037,0.4708333333333333,0.3055555555555556,0.459375,0.3111111111111111,0.45208333333333334,0.30925925925925923
3,0.0,0.0,-0.6947916666666667,-0.2814814814814815,-0.6947916666666667,-0.2814814814814815,-0.6947916666666667,-0.2814814814814815,-0.6947916666666667,-0.2814814814814815,-0.6947916666666667,-0.2814814814814815,-0.6947916666666667,-0.2814814814814815,-0.6947916666666667,-0.2814814814814815,-0.140625,-0.001851851851851852,-0.153125,0.0,-0.16145833333333334,0.0,-0.190625,0.003703703703703704,-0.19895833333333332,0.003703703703703704,-0.20625,0.005555555555555556,-0.21458333333333332,0.003703703703703704,-0.22083333333333333,0.005555555555555556
3,0.0,0.0,0.0,0.0,0.0,0.0,0.0,0.0,0.6260416666666667,0.2851851851851852,0.0,0.0,0.5739583333333333,0.2833333333333333,0.5614583333333333,0.2814814814814815,0.5520833333333334,0.2851851851851852,0.5427083333333333,0.28703703703703703,0.5333333333333333,0.28888888888888886,0.5041666666666667,0.29444444444444445,0.4979166666666667,0.29444444444444445,0.490625,0.2962962962962963,0.484375,0.2962962962962963,0.47708333333333336,0.29444444444444445
3,0.0,0.0,-0.026041666666666668,0.0,-0.7,-0.29259259259259257,-0.7,-0.29259259259259257,-0.7,-0.29259259259259257,-0.7,-0.29259259259259257,-0.7,-0.29259259259259257,-0.7,-0.29259259259259257,-0.7,-0.29259259259259257,-0.171875,0.003703703703703704,-0.178125,0.009259259259259259,-0.18645833333333334,0.007407407407407408,-0.19479166666666667,0.009259259259259259,-0.20208333333333334,0.011111111111111112,-0.22604166666666667,0.012962962962962963,-0.228125,0.012962962962962963
3,0.0,0.0,-0.0010416666666666667,0.0,-0.004166666666666667,-0.001851851851851852,-0.009375,-0.001851851851851852,-0.013541666666666667,-0.003703703703703704,-0.03229166666666667,0.001851851851851852,-0.040625,0.0,-0.05,-0.001851851851851852,-0.10416666666666667,0.001851851851851852,-0.12083333333333333,0.001851851851851852,-0.159375,0.0,-0.171875,0.003703703703703704,-0.184375,0.0,-0.19479166666666667,0.001851851851851852,-0.20520833333333333,0.005555555555555556,-0.22395833333333334,0.0
3,0.0,0.0,-0.01875,-0.003703703703703704,-0.023958333333333335,-0.005555555555555556,-0.03125,-0.005555555555555556,-0.040625,-0.001851851851851852,-0.09270833333333334,-0.001851851851851852,-0.10833333333333334,-0.001851851851851852,-0.12291666666666666,-0.001851851851851852,-0.13645833333333332,-0.005555555555555556,-0.15,-0.007407407407407408,-0.1625,-0.005555555555555556,-0.21458333333333332,-0.001851851851851852,-0.228125,-0.001851851851851852,-0.2375,-0.003703703703703704,-0.275,-0.005555555555555556,-0.28125,-0.007407407407407408
3,0.0,0.0,-0.029166666666666667,0.001851851851851852,-0.03854166666666667,0.001851851851851852,-0.05,0.0,-0.06145833333333333,0.0,-0.07291666666666667,0.001851851851851852,-0.08333333333333333,0.0,-0.09479166666666666,0.0,-0.13541666666666666,-0.005555555555555556,-0.14583333333333334,-0.005555555555555556,-0.153125,-0.007407407407407408,-0.1625,-0.007407407407407408,-0.196875,-0.011111111111111112,-0.20729166666666668,-0.012962962962962963,-0.21666666666666667,-0.011111111111111112,-0.22395833333333334,-0.016666666666666666
3,0.0,0.0,-0.0020833333333333333,-0.001851851851851852,-0.007291666666666667,-0.003703703703703704,-0.046875,-0.005555555555555556,-0.04791666666666667,-0.005555555555555556,-0.05625,-0.007407407407407408,-0.103125,-0.012962962962962963,-0.11458333333333333,-0.009259259259259259,-0.128125,-0.007407407407407408,-0.15833333333333333,-0.009259259259259259,-0.171875,-0.007407407407407408,-0.18645833333333334,-0.007407407407407408,-0.22604166666666667,-0.007407407407407408,-0.2375,-0.005555555555555556,-0.25,-0.005555555555555556,-0.2625,-0.003703703703703704
3,0.0,0.0,-0.010416666666666666,0.001851851851851852,-0.019791666666666666,0.0,-0.03125,0.003703703703703704,-0.042708333333333334,0.003703703703703704,-0.09166666666666666,0.005555555555555556,-0.10520833333333333,0.005555555555555556,-0.11875,0.005555555555555556,-0.13541666666666666,0.005555555555555556,-0.18854166666666666,0.003703703703703704,-0.2,0.003703703703703704,-0.2125,0.001851851851851852,-0.22708333333333333,0.003703703703703704,-0.23854166666666668,0.003703703703703704,-0.25104166666666666,0.003703703703703704,-0.2833333333333333,0.005555555555555556
3,0.0,0.0,-0.004166666666666667,-0.001851851851851852,-0.005208333333333333,-0.001851851851851852,-0.01875,0.003703703703703704,-0.04791666666666667,0.001851851851851852,-0.05625,0.001851851851851852,-0.065625,0.003703703703703704,-0.10104166666666667,0.009259259259259259,-0.1125,0.007407407407407408,-0.13541666666666666,0.007407407407407408,-0.14583333333333334,0.005555555555555556,-0.15625,0.003703703703703704,-0.16458333333333333,0.003703703703703704,-0.19583333333333333,0.001851851851851852,-0.196875,0.001851851851851852,-0.20416666666666666,0.003703703703703704
3,0.0,0.0,-0.004166666666666667,0.0,-0.0125,0.001851851851851852,-0.052083333333333336,0.005555555555555556,-0.065625,0.009259259259259259,-0.0875,0.011111111111111112,-0.08854166666666667,0.011111111111111112,-0.096875,0.011111111111111112,-0.134375,0.012962962962962963,-0.14375,0.014814814814814815,-0.15208333333333332,0.018518518518518517,-0.17708333333333334,0.020370370370370372,-0.18333333333333332,0.020370370370370372,-0.18958333333333333,0.020370370370370372,-0.19479166666666667,0.022222222222222223,-0.21770833333333334,0.027777777777777776
3,0.0,0.0,-0.005208333333333333,-0.003703703703703704,-0.015625,-0.005555555555555556,-0.06041666666666667,-0.012962962962962963,-0.665625,-0.2796296296296296,-0.08229166666666667,-0.011111111111111112,-0.09166666666666666,-0.009259259259259259,-0.10208333333333333,-0.012962962962962963,-0.13229166666666667,-0.011111111111111112,-0.140625,-0.007407407407407408,-0.14895833333333333,-0.009259259259259259,-0.15625,-0.011111111111111112,-0.16458333333333333,-0.012962962962962963,-0.17291666666666666,-0.012962962962962963,-0.17916666666666667,-0.012962962962962963,-0.20104166666666667,-0.014814814814814815
3,0.0,0.0,0.0010416666666666667,0.001851851851851852,-0.0010416666666666667,0.003703703703703704,-0.0020833333333333333,0.001851851851851852,-0.036458333333333336,0.001851851851851852,-0.6614583333333334,-0.25925925925925924,-0.058333333333333334,0.003703703703703704,-0.06979166666666667,0.003703703703703704,-0.10520833333333333,0.0,-0.11458333333333333,0.0,-0.125,-0.001851851851851852,-0.13541666666666666,-0.001851851851851852,-0.16041666666666668,0.0,-0.20208333333333334,0.001851851851851852,-0.21354166666666666,0.001851851851851852,-0.21145833333333333,0.003703703703703704
3,0.0,0.0,0.0,0.0,0.5375,0.25925925925925924,0.5197916666666667,0.25925925925925924,0.5052083333333334,0.25925925925925924,0.490625,0.25925925925925924,0.478125,0.26296296296296295,0.43333333333333335,0.25925925925925924,0.4239583333333333,0.26296296296296295,0.4197916666666667,0.26296296296296295,0.4114583333333333,0.2611111111111111,0.4083333333333333,0.26296296296296295,0.40520833333333334,0.2611111111111111,0.4041666666666667,0.2574074074074074,0.40625,0.2574074074074074,0.40729166666666666,0.25925925925925924
3,0.0,0.0,-0.03958333333333333,0.009259259259259259,-0.678125,-0.23148148148148148,-0.678125,-0.23148148148148148,-0.678125,-0.23148148148148148,-0.096875,0.016666666666666666,-0.1125,0.018518518518518517,-0.16979166666666667,0.024074074074074074,-0.184375,0.025925925925925925,-0.2,0.024074074074074074,-0.2125,0.027777777777777776,-0.22291666666666668,0.025925925925925925,-0.259375,0.025925925925925925,-0.265625,0.027777777777777776,-0.26979166666666665,0.02962962962962963,-0.2760416666666667,0.027777777777777776
3,0.0,0.0,-0.004166666666666667,-0.001851851851851852,-0.010416666666666666,-0.001851851851851852,-0.03958333333333333,0.0,-0.052083333333333336,0.001851851851851852,-0.052083333333333336,0.003703703703703704,-0.09895833333333333,0.003703703703703704,-0.12604166666666666,0.007407407407407408,-0.1375,0.007407407407407408,-0.171875,0.009259259259259259,-0.18333333333333332,0.009259259259259259,-0.19270833333333334,0.012962962962962963,-0.20208333333333334,0.009259259259259259,-0.2125,0.011111111111111112,-0.21979166666666666,0.011111111111111112,-0.25833333333333336,0.011111111111111112
3,0.0,0.0,-0.034375,-0.003703703703703704,-0.04479166666666667,-0.007407407407407408,-0.05625,-0.003703703703703704,-0.065625,-0.005555555555555556,-0.078125,-0.001851851851851852,-0.12291666666666666,-0.005555555555555556,-0.13333333333333333,-0.001851851851851852,-0.14166666666666666,-0.001851851851851852,-0.153125,-0.005555555555555556,-0.16354166666666667,-0.005555555555555556,-0.171875,-0.003703703703703704,-0.20625,-0.007407407407407408,-0.21458333333333332,-0.005555555555555556,-0.221875,-0.005555555555555556,-0.23020833333333332,-0.001851851851851852
3,0.0,0.0,-0.00625,0.003703703703703704,-0.014583333333333334,0.003703703703703704,-0.059375,-0.001851851851851852,-0.06979166666666667,-0.001851851851851852,-0.08333333333333333,0.003703703703703704,-0.09479166666666666,0.001851851851851852,-0.14479166666666668,-0.005555555555555556,-0.14375,-0.003703703703703704,-0.15520833333333334,-0.001851851851851852,-0.178125,-0.003703703703703704,-0.18541666666666667,-0.003703703703703704,-0.22395833333333334,-0.007407407407407408,-0.23333333333333334,-0.009259259259259259,-0.240625,-0.005555555555555556,-0.24583333333333332,-0.007407407407407408
3,0.0,0.0,-0.003125,0.009259259259259259,-0.00625,0.009259259259259259,-0.008333333333333333,0.012962962962962963,-0.014583333333333334,0.014814814814814815,-0.021875,0.016666666666666666,-0.030208333333333334,0.014814814814814815,-0.07083333333333333,0.016666666666666666,-0.08125,0.012962962962962963,-0.09479166666666666,0.014814814814814815,-0.109375,0.007407407407407408,-0.11979166666666667,0.012962962962962963,-0.16979166666666667,0.016666666666666666,-0.403125,-0.2777777777777778,-0.403125,-0.2777777777777778,-0.209375,0.012962962962962963
3,0.0,0.0,-0.005208333333333333,0.001851851851851852,-0.011458333333333333,0.007407407407407408,-0.023958333333333335,0.009259259259259259,-0.07395833333333333,0.018518518518518517,-0.0875,0.016666666666666666,-0.10104166666666667,0.022222222222222223,-0.11354166666666667,0.020370370370370372,-0.12708333333333333,0.024074074074074074,-0.36666666666666664,-0.3148148148148148,-0.36666666666666664,-0.3148148148148148,-0.36666666666666664,-0.3148148148148148,-0.36666666666666664,-0.3148148148148148,-0.23854166666666668,0.03333333333333333,-0.240625,0.037037037037037035,-0.23541666666666666,0.027777777777777776
3,0.0,0.0,-0.00625,-0.001851851851851852,-0.0125,0.003703703703703704,-0.019791666666666666,0.001851851851851852,-0.03125,0.001851851851851852,-0.09166666666666666,0.003703703703703704,-0.103125,-0.003703703703703704,-0.10416666666666667,-0.001851851851851852,-0.11979166666666667,0.0,-0.3541666666666667,-0.3685185185185185,-0.175,0.011111111111111112,-0.3541666666666667,-0.3685185185185185,-0.20625,0.005555555555555556,-0.21666666666666667,0.011111111111111112,-0.22604166666666667,0.009259259259259259,-0.225,0.012962962962962963
3,0.0,0.0,0.0020833333333333333,0.0,0.003125,0.0,0.0020833333333333333,0.001851851851851852,-0.0020833333333333333,0.007407407407407408,-0.00625,0.0,-0.014583333333333334,0.001851851851851852,-0.04895833333333333,-0.001851851851851852,-0.05520833333333333,-0.003703703703703704,-0.065625,-0.001851851851851852,-0.071875,-0.003703703703703704,-0.10833333333333334,-0.003703703703703704,-0.11770833333333333,-0.005555555555555556,-0.12604166666666666,-0.005555555555555556,-0.13333333333333333,-0.003703703703703704,-0.14166666666666666,-0.005555555555555556
3,0.0,0.0,0.0,0.001851851851851852,-0.003125,-0.001851851851851852,-0.023958333333333335,0.001851851851851852,-0.03333333333333333,0.001851851851851852,-0.040625,0.003703703703703704,-0.051041666666666666,0.003703703703703704,-0.06041666666666667,0.005555555555555556,-0.071875,0.003703703703703704,-0.10625,0.005555555555555556,-0.11354166666666667,0.003703703703703704,-0.12291666666666666,0.001851851851851852,-0.13020833333333334,0.001851851851851852,-0.13645833333333332,0.0,-0.15729166666666666,0.0,-0.1625,-0.003703703703703704
3,0.0,0.0,-0.004166666666666667,-0.001851851851851852,-0.04479166666666667,0.003703703703703704,-0.057291666666666664,0.005555555555555556,-0.06979166666666667,0.003703703703703704,-0.10416666666666667,0.0,-0.11458333333333333,0.0,-0.12604166666666666,-0.001851851851851852,-0.14375,0.0,-0.15104166666666666,0.001851851851851852,-0.17083333333333334,0.003703703703703704,-0.178125,0.003703703703703704,-0.18229166666666666,0.005555555555555556,-0.18645833333333334,0.007407407407407408,-0.190625,0.007407407407407408,-0.19375,0.009259259259259259
3,0.0,0.0,-0.034375,-0.001851851851851852,-0.04895833333333333,-0.007407407407407408,-0.06041666666666667,-0.005555555555555556,-0.10520833333333333,-0.007407407407407408,-0.11666666666666667,-0.007407407407407408,-0.125,-0.007407407407407408,-0.13229166666666667,-0.007407407407407408,-0.13958333333333334,-0.007407407407407408,-0.15833333333333333,-0.007407407407407408,-0.16354166666666667,-0.005555555555555556,-0.16666666666666666,-0.005555555555555556,-0.16979166666666667,-0.007407407407407408,-0.17395833333333333,-0.007407407407407408,-0.178125,-0.005555555555555556,-0.19270833333333334,-0.001851851851851852
3,0.0,0.0,-0.0020833333333333333,0.001851851851851852,-0.03229166666666667,0.0,-0.04791666666666667,0.001851851851851852,-0.06041666666666667,-0.003703703703703704,-0.07395833333333333,0.0,-0.12291666666666666,-0.001851851851851852,-0.13229166666666667,-0.001851851851851852,-0.14166666666666666,-0.003703703703703704,-0.14895833333333333,-0.001851851851851852,-0.16979166666666667,-0.003703703703703704,-0.175,-0.003703703703703704,-0.18020833333333333,-0.005555555555555556,-0.196875,-0.009259259259259259,-0.20208333333333334,-0.007407407407407408,-0.20729166666666668,-0.005555555555555556
3,0.0,0.0,-0.011458333333333333,-0.001851851851851852,-0.016666666666666666,-0.005555555555555556,-0.017708333333333333,-0.007407407407407408,-0.034375,-0.007407407407407408,-0.04375,-0.003703703703703704,-0.06041666666666667,-0.003703703703703704,-0.07083333333333333,-0.001851851851851852,-0.103125,0.001851851851851852,-0.11458333333333333,0.0,-0.125,-0.001851851851851852,-0.134375,0.003703703703703704,-0.14479166666666668,0.003703703703703704,-0.18958333333333333,0.011111111111111112,-0.19791666666666666,0.011111111111111112,-0.196875,0.012962962962962963
3,0.0,0.0,-0.0010416666666666667,0.0,-0.0020833333333333333,0.0,-0.019791666666666666,0.003703703703703704,-0.03125,0.0,-0.03854166666666667,0.0,-0.07604166666666666,-0.003703703703703704,-0.08645833333333333,0.0,-0.1,-0.001851851851851852,-0.11041666666666666,-0.003703703703703704,-0.125,0.001851851851851852,-0.15833333333333333,0.003703703703703704,-0.16875,0.005555555555555556,-0.175,0.007407407407407408,-0.18125,0.009259259259259259,-0.20208333333333334,0.014814814814814815
3,0.0,0.0,0.0010416666666666667,-0.003703703703703704,0.0,-0.005555555555555556,0.0,-0.005555555555555556,-0.0010416666666666667,-0.005555555555555556,-0.0020833333333333333,-0.005555555555555556,-0.004166666666666667,-0.005555555555555556,-0.007291666666666667,-0.001851851851851852,-0.030208333333333334,0.003703703703703704,-0.0375,0.007407407407407408,-0.04583333333333333,0.009259259259259259,-0.08333333333333333,0.012962962962962963,-0.09479166666666666,0.016666666666666666,-0.09479166666666666,0.014814814814814815,-0.11354166666666667,0.016666666666666666,-0.121875,0.014814814814814815
3,0.0,0.0,0.021875,0.0,0.023958333333333335,-0.003703703703703704,0.028125,-0.003703703703703704,0.03333333333333333,-0.005555555555555556,0.034375,-0.007407407407407408,0.036458333333333336,-0.007407407407407408,0.035416666666666666,-0.005555555555555556,0.03125,-0.001851851851851852,0.027083333333333334,-0.003703703703703704,0.026041666666666668,-0.005555555555555556,0.007291666666666667,-0.005555555555555556,-0.003125,-0.003703703703703704,-0.010416666666666666,-0.005555555555555556,-0.017708333333333333,0.0,-0.035416666666666666,-0.003703703703703704
3,0.0,0.0,-0.003125,-0.001851851851851852,-0.008333333333333333,0.0,-0.03229166666666667,0.003703703703703704,-0.03958333333333333,-0.001851851851851852,-0.05,0.0,-0.058333333333333334,0.003703703703703704,-0.06770833333333333,0.005555555555555556,-0.37083333333333335,-0.34629629629629627,-0.13125,0.009259259259259259,-0.14270833333333333,0.005555555555555556,-0.15625,0.007407407407407408,-0.19270833333333334,0.009259259259259259,-0.20416666666666666,0.011111111111111112,-0.21145833333333333,0.011111111111111112,-0.21770833333333334,0.012962962962962963
3,0.0,0.0,-0.0020833333333333333,-0.001851851851851852,-0.004166666666666667,-0.001851851851851852,-0.023958333333333335,0.003703703703703704,-0.03333333333333333,0.005555555555555556,-0.03333333333333333,0.003703703703703704,-0.05,0.0,-0.1,-0.001851851851851852,-0.11145833333333334,0.0,-0.146875,0.001851851851851852,-0.15833333333333333,0.0,-0.16875,0.001851851851851852,-0.18333333333333332,0.003703703703703704,-0.19166666666666668,0.005555555555555556,-0.19895833333333332,0.007407407407407408,-0.22291666666666668,0.011111111111111112
3,0.0,0.0,-0.014583333333333334,0.007407407407407408,-0.01875,0.003703703703703704,-0.027083333333333334,0.005555555555555556,-0.03229166666666667,0.0,-0.0625,-0.003703703703703704,-0.07291666666666667,0.0,-0.08125,0.0,-0.08854166666666667,-0.003703703703703704,-0.09583333333333334,-0.003703703703703704,-0.12604166666666666,-0.009259259259259259,-0.13333333333333333,-0.012962962962962963,-0.140625,-0.007407407407407408,-0.14895833333333333,-0.011111111111111112,-0.15729166666666666,-0.012962962962962963,-0.18020833333333333,-0.011111111111111112
3,0.0,0.0,-0.00625,0.0,-0.015625,0.001851851851851852,-0.026041666666666668,-0.005555555555555556,-0.035416666666666666,-0.003703703703703704,-0.07083333333333333,-0.001851851851851852,-0.08020833333333334,-0.003703703703703704,-0.08958333333333333,-0.009259259259259259,-0.10104166666666667,-0.011111111111111112,-0.1125,-0.018518518518518517,-0.15416666666666667,-0.020370370370370372,-0.1625,-0.020370370370370372,-0.17291666666666666,-0.020370370370370372,-0.178125,-0.022222222222222223,-0.18645833333333334,-0.022222222222222223,-0.18541666666666667,-0.024074074074074074
3,0.0,0.0,-0.009375,0.001851851851851852,-0.022916666666666665,0.003703703703703704,-0.03229166666666667,0.0,-0.09375,0.003703703703703704,-0.096875,0.005555555555555556,-0.109375,0.007407407407407408,-0.11979166666666667,0.009259259259259259,-0.15729166666666666,0.003703703703703704,-0.16666666666666666,0.001851851851851852,-0.17291666666666666,0.003703703703703704,-0.184375,0.003703703703703704,-0.19270833333333334,0.001851851851851852,-0.19583333333333333,0.001851851851851852,-0.19791666666666666,0.001851851851851852,-0.203125,0.001851851851851852
3,0.0,0.0,-0.040625,0.001851851851851852,-0.053125,0.007407407407407408,-0.0625,0.005555555555555556,-0.10104166666666667,0.009259259259259259,-0.11041666666666666,0.011111111111111112,-0.12083333333333333,0.009259259259259259,-0.15208333333333332,0.012962962962962963,-0.16145833333333334,0.012962962962962963,-0.16979166666666667,0.012962962962962963,-0.17916666666666667,0.014814814814814815,-0.18958333333333333,0.016666666666666666,-0.19583333333333333,0.014814814814814815,-0.22083333333333333,0.011111111111111112,-0.221875,0.012962962962962963,-0.22395833333333334,0.014814814814814815
3,0.0,0.0,-0.041666666666666664,0.001851851851851852,-0.051041666666666666,0.009259259259259259,-0.0625,0.011111111111111112,-0.07291666666666667,0.007407407407407408,-0.08125,0.001851851851851852,-0.10729166666666666,0.0,-0.11666666666666667,-0.001851851851851852,-0.12604166666666666,0.003703703703703704,-0.14166666666666666,0.003703703703703704,-0.16666666666666666,0.009259259259259259,-0.17291666666666666,0.011111111111111112,-0.17708333333333334,0.011111111111111112,-0.18645833333333334,0.009259259259259259,-0.19166666666666668,0.012962962962962963,-0.19583333333333333,0.011111111111111112
3,0.0,0.0,-0.0020833333333333333,0.001851851851851852,-0.0020833333333333333,0.001851851851851852,-0.011458333333333333,0.007407407407407408,-0.014583333333333334,0.007407407407407408,-0.020833333333333332,0.007407407407407408,-0.06145833333333333,0.014814814814814815,-0.07083333333333333,0.012962962962962963,-0.078125,0.009259259259259259,-0.0875,0.012962962962962963,-0.13020833333333334,0.012962962962962963,-0.140625,0.014814814814814815,-0.15104166666666666,0.014814814814814815,-0.17916666666666667,0.016666666666666666,-0.18645833333333334,0.014814814814814815,-0.19166666666666668,0.020370370370370372
3,0.0,0.0,-0.013541666666666667,0.009259259259259259,-0.019791666666666666,0.007407407407407408,-0.028125,0.009259259259259259,-0.03854166666666667,0.011111111111111112,-0.046875,0.009259259259259259,-0.37083333333333335,-0.35555555555555557,-0.11354166666666667,0.001851851851851852,-0.12916666666666668,-0.001851851851851852,-0.140625,-0.009259259259259259,-0.153125,-0.009259259259259259,-0.18958333333333333,-0.003703703703703704,-0.19791666666666666,-0.005555555555555556,-0.20625,-0.001851851851851852,-0.21354166666666666,-0.003703703703703704,-0.21770833333333334,-0.003703703703703704
3,0.0,0.0,-0.003125,0.001851851851851852,-0.00625,0.001851851851851852,-0.035416666666666666,0.007407407407407408,-0.04583333333333333,0.011111111111111112,-0.078125,0.011111111111111112,-0.09895833333333333,0.014814814814814815,-0.11041666666666666,0.018518518518518517,-0.11666666666666667,0.016666666666666666,-0.12604166666666666,0.014814814814814815,-0.14583333333333334,0.020370370370370372,-0.153125,0.016666666666666666,-0.16041666666666668,0.018518518518518517,-0.16770833333333332,0.020370370370370372,-0.17604166666666668,0.022222222222222223,-0.19895833333333332,0.016666666666666666
3,0.0,0.0,-0.0010416666666666667,0.0,-0.010416666666666666,0.007407407407407408,-0.016666666666666666,0.005555555555555556,-0.021875,0.011111111111111112,-0.052083333333333336,0.014814814814814815,-0.06041666666666667,0.014814814814814815,-0.071875,0.014814814814814815,-0.07916666666666666,0.014814814814814815,-0.11979166666666667,0.009259259259259259,-0.13020833333333334,0.011111111111111112,-0.140625,0.005555555555555556,-0.14895833333333333,0.003703703703703704,-0.15833333333333333,0.003703703703703704,-0.190625,0.001851851851851852,-0.196875,0.0
3,0.0,0.0,-0.0020833333333333333,0.003703703703703704,-0.005208333333333333,0.003703703703703704,-0.009375,0.007407407407407408,-0.03229166666666667,0.020370370370370372,-0.042708333333333334,0.018518518518518517,-0.05520833333333333,0.018518518518518517,-0.065625,0.022222222222222223,-0.078125,0.018518518518518517,-0.128125,0.027777777777777776,-0.13958333333333334,0.03333333333333333,-0.15104166666666666,0.03333333333333333,-0.159375,0.02962962962962963,-0.17083333333333334,0.03333333333333333,-0.20520833333333333,0.040740740740740744,-0.21354166666666666,0.03888888888888889
3,0.0,0.0,-0.005208333333333333,0.001851851851851852,-0.010416666666666666,0.003703703703703704,-0.026041666666666668,0.011111111111111112,-0.03854166666666667,0.014814814814814815,-0.052083333333333336,0.014814814814814815,-0.06354166666666666,0.020370370370370372,-0.07604166666666666,0.014814814814814815,-0.09895833333333333,0.012962962962962963,-0.15104166666666666,0.018518518518518517,-0.16458333333333333,0.018518518518518517,-0.165625,0.018518518518518517,-0.19791666666666666,0.022222222222222223,-0.20625,0.022222222222222223,-0.2125,0.020370370370370372,-0.215625,0.018518518518518517
3,0.0,0.0,-0.003125,-0.001851851851851852,-0.00625,0.0,-0.035416666666666666,0.0,-0.04583333333333333,-0.001851851851851852,-0.05625,-0.001851851851851852,-0.06458333333333334,0.0,-0.10520833333333333,0.001851851851851852,-0.11354166666666667,0.001851851851851852,-0.12291666666666666,0.0,-0.13125,0.0,-0.13958333333333334,-0.005555555555555556,-0.16666666666666666,-0.012962962962962963,-0.17395833333333333,-0.014814814814814815,-0.18125,-0.020370370370370372,-0.18541666666666667,-0.020370370370370372
3,0.0,0.0,0.003125,-0.001851851851851852,0.004166666666666667,-0.003703703703703704,0.009375,-0.007407407407407408,0.008333333333333333,-0.007407407407407408,0.00625,-0.005555555555555556,0.00625,-0.005555555555555556,-0.009375,0.001851851851851852,-0.019791666666666666,0.005555555555555556,-0.06666666666666667,0.016666666666666666,-0.07708333333333334,0.018518518518518517,-0.08958333333333333,0.024074074074074074,-0.103125,0.02962962962962963,-0.15833333333333333,0.040740740740740744,-0.171875,0.04259259259259259,-0.18020833333333333,0.04259259259259259
3,0.0,0.0,0.004166666666666667,-0.001851851851851852,0.008333333333333333,-0.009259259259259259,0.009375,-0.007407407407407408,0.010416666666666666,-0.007407407407407408,0.009375,-0.003703703703703704,-0.0010416666666666667,0.011111111111111112,-0.007291666666666667,0.012962962962962963,-0.041666666666666664,0.011111111111111112,-0.05416666666666667,0.014814814814814815,-0.071875,0.012962962962962963,-0.09895833333333333,0.011111111111111112,-0.11666666666666667,0.011111111111111112,-0.15729166666666666,0.009259259259259259,-0.159375,0.009259259259259259,-0.16666666666666666,0.011111111111111112
3,0.0,0.0,-0.0125,0.007407407407407408,-0.025,0.009259259259259259,-0.07604166666666666,0.011111111111111112,-0.08958333333333333,0.012962962962962963,-0.10104166666666667,0.012962962962962963,-0.11041666666666666,0.018518518518518517,-0.12291666666666666,0.018518518518518517,-0.14895833333333333,0.020370370370370372,-0.15520833333333334,0.020370370370370372,-0.16145833333333334,0.016666666666666666,-0.16666666666666666,0.018518518518518517,-0.178125,0.018518518518518517,-0.178125,0.020370370370370372,-0.178125,0.018518518518518517,-0.178125,0.020370370370370372
3,0.0,0.0,-0.00625,-0.001851851851851852,-0.013541666666666667,0.001851851851851852,-0.027083333333333334,0.005555555555555556,-0.08125,0.0,-0.09583333333333334,0.0,-0.109375,-0.003703703703703704,-0.12395833333333334,-0.003703703703703704,-0.134375,-0.003703703703703704,-0.17395833333333333,-0.001851851851851852,-0.18333333333333332,-0.001851851851851852,-0.19375,0.001851851851851852,-0.2,0.001851851851851852,-0.21041666666666667,0.0,-0.23854166666666668,0.0,-0.24583333333333332,0.001851851851851852
3,0.0,0.0,-0.009375,0.007407407407407408,-0.015625,0.009259259259259259,-0.021875,0.014814814814814815,-0.05520833333333333,0.024074074074074074,-0.06979166666666667,0.020370370370370372,-0.09895833333333333,0.020370370370370372,-0.11041666666666666,0.018518518518518517,-0.16770833333333332,0.014814814814814815,-0.16979166666666667,0.012962962962962963,-0.21666666666666667,0.012962962962962963,-0.22708333333333333,0.018518518518518517,-0.240625,0.018518518518518517,-0.24479166666666666,0.020370370370370372,-0.25104166666666666,0.022222222222222223,-0.253125,0.020370370370370372
1,0.0,0.0,0.011458333333333333,0.009259259259259259,0.020833333333333332,0.016666666666666666,0.03229166666666667,0.024074074074074074,0.08229166666666667,0.02962962962962963,0.09375,0.024074074074074074,0.103125,0.016666666666666666,0.11145833333333334,0.007407407407407408,-0.56875,-0.4203703703703704,0.13333333333333333,-0.06111111111111111,-0.56875,-0.4203703703703704,0.134375,-0.09074074074074075,-0.56875,-0.4203703703703704,-0.56875,-0.4203703703703704,0.10625,-0.17222222222222222,-0.56875,-0.4203703703703704
1,0.0,0.0,0.029166666666666667,0.07037037037037037,0.04583333333333333,0.08148148148148149,0.059375,0.09259259259259259,0.11979166666666667,0.08333333333333333,0.121875,0.08333333333333333,0.134375,0.07592592592592592,0.15520833333333334,0.05740740740740741,0.16458333333333333,0.04259259259259259,0.17083333333333334,0.025925925925925925,-0.525,-0.3574074074074074,-0.525,-0.3574074074074074,-0.525,-0.3574074074074074,0.17604166666666668,-0.07222222222222222,-0.525,-0.3574074074074074,0.16666666666666666,-0.10185185185185185
1,0.0,0.0,-0.003125,0.018518518518518517,-0.0020833333333333333,0.03518518518518519,-0.0020833333333333333,0.05185185185185185,0.027083333333333334,0.1259259259259259,0.03125,0.13148148148148148,0.08541666666666667,0.15555555555555556,0.09895833333333333,0.15925925925925927,0.11458333333333333,0.1574074074074074,0.16458333333333333,0.12407407407407407,0.17604166666666668,0.11296296296296296,0.18333333333333332,0.1,0.18958333333333333,0.08518518518518518,-0.5229166666666667,-0.3,-0.5229166666666667,-0.3,-0.5229166666666667,-0.3
1,0.0,0.0,0.007291666666666667,0.009259259259259259,0.015625,0.022222222222222223,0.026041666666666668,0.03148148148148148,0.036458333333333336,0.03888888888888889,0.08541666666666667,0.06111111111111111,0.10104166666666667,0.06851851851851852,0.11354166666666667,0.06666666666666667,0.128125,0.06111111111111111,0.14375,0.053703703703703705,0.15520833333333334,0.04259259259259259,0.18645833333333334,-0.025925925925925925,0.1875,-0.046296296296296294,0.18854166666666666,-0.06481481481481481,0.18854166666666666,-0.08518518518518518,-0.5197916666666667,-0.37407407407407406
1,0.0,0.0,0.042708333333333334,0.06481481481481481,0.06041666666666667,0.07777777777777778,0.07708333333333334,0.08703703703703704,0.09166666666666666,0.09444444444444444,0.10833333333333334,0.09814814814814815,0.17291666666666666,0.06851851851851852,0.18541666666666667,0.053703703703703705,0.19583333333333333,0.03518518518518519,0.20208333333333334,0.011111111111111112,-0.5177083333333333,-0.3574074074074074,0.20208333333333334,-0.1037037037037037,0.196875,-0.13148148148148148,0.18958333333333333,-0.15185185185185185,0.18333333333333332,-0.1685185185185185,-0.5177083333333333,-0.3574074074074074
1,0.0,0.0,-0.0010416666666666667,0.040740740740740744,0.003125,0.06481481481481481,0.00625,0.08518518518518518,0.0125,0.10740740740740741,0.053125,0.16666666666666666,0.07291666666666667,0.17962962962962964,0.09270833333333334,0.19074074074074074,0.18333333333333332,0.1685185185185185,0.2,0.1537037037037037,0.23333333333333334,0.10555555555555556,0.23854166666666668,0.07962962962962963,0.24375,0.053703703703703705,0.24375,0.02962962962962963,0.24270833333333333,0.007407407407407408,-0.509375,-0.25
1,0.0,0.0,0.07708333333333334,0.07222222222222222,0.1,0.09074074074074075,0.121875,0.08888888888888889,0.13854166666666667,0.09259259259259259,0.20833333333333334,0.03888888888888889,0.22083333333333333,0.020370370370370372,0.228125,-0.001851851851851852,0.24166666666666667,-0.08703703703703704,0.240625,-0.12777777777777777,0.23854166666666668,-0.1537037037037037,0.228125,-0.17962962962962964,0.21875,-0.2037037037037037,0.16666666666666666,-0.2851851851851852,0.14895833333333333,-0.28703703703703703,0.13125,-0.2962962962962963
1,0.0,0.0,0.07604166666666666,0.040740740740740744,0.09583333333333334,0.05,0.115625,0.040740740740740744,0.13333333333333333,0.03518518518518519,0.15104166666666666,0.016666666666666666,0.16666666666666666,0.003703703703703704,0.20729166666666668,-0.08703703703703704,0.21354166666666666,-0.11481481481481481,0.21354166666666666,-0.1425925925925926,0.215625,-0.17222222222222222,0.2125,-0.19814814814814816,0.20625,-0.21851851851851853,0.16458333333333333,-0.3037037037037037,0.15104166666666666,-0.3074074074074074,0.13020833333333334,-0.31666666666666665
1,0.0,0.0,0.051041666666666666,0.08888888888888889,0.07083333333333333,0.11666666666666667,0.09583333333333334,0.13333333333333333,0.11666666666666667,0.14629629629629629,0.13958333333333334,0.1537037037037037,0.21875,0.12222222222222222,0.23645833333333333,0.10555555555555556,0.24791666666666667,0.07962962962962963,0.2552083333333333,0.05185185185185185,-0.5041666666666667,-0.3814814814814815,-0.5041666666666667,-0.3814814814814815,0.23229166666666667,-0.13148148148148148,0.22395833333333334,-0.15185185185185185,0.209375,-0.17222222222222222,-0.5041666666666667,-0.3814814814814815
1,0.0,0.0,0.023958333333333335,0.009259259259259259,0.022916666666666665,0.007407407407407408,0.04375,0.012962962962962963,0.12916666666666668,-0.037037037037037035,0.14895833333333333,-0.05740740740740741,-0.5864583333333333,-0.5074074074074074,0.16875,-0.17592592592592593,0.16354166666666667,-0.21296296296296297,0.15625,-0.24259259259259258,0.146875,-0.26666666666666666,0.13645833333333332,-0.29444444444444445,0.11354166666666667,-0.3388888888888889,-0.5864583333333333,-0.5074074074074074,0.05520833333333333,-0.37037037037037035,0.034375,-0.362962962962963
1,0.0,0.0,0.01875,-0.001851851851851852,0.034375,-0.005555555555555556,0.05,-0.016666666666666666,-0.6208333333333333,-0.5370370370370371,-0.6208333333333333,-0.5370370370370371,-0.6208333333333333,-0.5370370370370371,-0.6208333333333333,-0.5370370370370371,-0.6208333333333333,-0.5370370370370371,-0.6208333333333333,-0.5370370370370371,0.078125,-0.3611111111111111,-0.6208333333333333,-0.5370370370370371,-0.6208333333333333,-0.5370370370370371,0.027083333333333334,-0.4,-0.042708333333333334,-0.40370370370370373,-0.058333333333333334,-0.3962962962962963
1,0.0,0.0,0.027083333333333334,0.014814814814814815,-0.6104166666666667,-0.5074074074074074,0.07916666666666666,0.018518518518518517,0.1,0.007407407407407408,0.11875,-0.003703703703703704,-0.6104166666666667,-0.5074074074074074,-0.6104166666666667,-0.5074074074074074,0.14583333333333334,-0.15925925925925927,0.13958333333333334,-0.1925925925925926,-0.6104166666666667,-0.5074074074074074,0.08229166666666667,-0.30925925925925923,-0.6104166666666667,-0.5074074074074074,0.04895833333333333,-0.3314814814814815,0.03125,-0.34444444444444444,-0.036458333333333336,-0.3314814814814815
1,0.0,0.0,0.021875,0.011111111111111112,0.040625,0.016666666666666666,0.06354166666666666,0.012962962962962963,0.12916666666666668,-0.040740740740740744,0.146875,-0.06111111111111111,0.159375,-0.08148148148148149,-0.5447916666666667,-0.5277777777777778,-0.5447916666666667,-0.5277777777777778,-0.5447916666666667,-0.5277777777777778,-0.5447916666666667,-0.5277777777777778,0.203125,-0.30185185185185187,0.19479166666666667,-0.3277777777777778,0.18645833333333334,-0.34444444444444444,0.175,-0.362962962962963,0.1625,-0.3814814814814815
1,0.0,0.0,0.0010416666666666667,0.011111111111111112,0.023958333333333335,0.027777777777777776,0.04479166666666667,0.03518518518518519,0.08333333333333333,0.03333333333333333,0.1,0.024074074074074074,0.11770833333333333,0.011111111111111112,-0.621875,-0.46111111111111114,0.15729166666666666,-0.08518518518518518,0.16041666666666668,-0.10555555555555556,0.16145833333333334,-0.14074074074074075,0.159375,-0.16666666666666666,-0.621875,-0.46111111111111114,0.096875,-0.3,0.08125,-0.3111111111111111,0.03229166666666667,-0.3148148148148148
1,0.0,0.0,0.0020833333333333333,-0.003703703703703704,-0.6041666666666666,-0.5537037037037037,0.09791666666666667,-0.011111111111111112,-0.6041666666666666,-0.5537037037037037,-0.6041666666666666,-0.5537037037037037,-0.6041666666666666,-0.5537037037037037,-0.6041666666666666,-0.5537037037037037,-0.6041666666666666,-0.5537037037037037,0.16041666666666668,-0.2574074074074074,0.153125,-0.29074074074074074,-0.6041666666666666,-0.5537037037037037,0.134375,-0.3296296296296296,-0.6041666666666666,-0.5537037037037037,-0.6041666666666666,-0.5537037037037037,0.04375,-0.39444444444444443
1,0.0,0.0,0.0,0.0,0.0,0.0,0.0,0.0,0.0,0.0,0.0,0.0,0.0,0.0,0.0,0.0,0.7208333333333333,0.13148148148148148,0.70625,0.12777777777777777,0.0,0.0,0.6770833333333334,0.13148148148148148,0.6635416666666667,0.1388888888888889,0.6489583333333333,0.14814814814814814,0.6010416666666667,0.21296296296296297,0.5895833333333333,0.24074074074074073
1,0.0,0.0,0.017708333333333333,-0.003703703703703704,-0.678125,-0.48333333333333334,0.07395833333333333,-0.06481481481481481,-0.678125,-0.48333333333333334,-0.678125,-0.48333333333333334,0.08854166666666667,-0.13518518518518519,0.08958333333333333,-0.16111111111111112,-0.678125,-0.48333333333333334,0.057291666666666664,-0.2722222222222222,0.04791666666666667,-0.28703703703703703,-0.0020833333333333333,-0.3148148148148148,-0.019791666666666666,-0.31296296296296294,-0.03125,-0.3111111111111111,-0.04479166666666667,-0.3074074074074074,-0.057291666666666664,-0.3037037037037037
1,0.0,0.0,0.017708333333333333,0.011111111111111112,-0.6135416666666667,-0.4666666666666667,0.12395833333333334,0.03148148148148148,0.140625,0.020370370370370372,0.153125,0.009259259259259259,-0.6135416666666667,-0.4666666666666667,0.16979166666666667,-0.07407407407407407,0.16666666666666666,-0.10185185185185185,-0.6135416666666667,-0.4666666666666667,-0.6135416666666667,-0.4666666666666667,-0.6135416666666667,-0.4666666666666667,0.09270833333333334,-0.27037037037037037,0.07708333333333334,-0.2814814814814815,0.03229166666666667,-0.2796296296296296,0.00625,-0.26481481481481484
1,0.0,0.0,-0.7135416666666666,-0.49444444444444446,-0.7135416666666666,-0.49444444444444446,0.04895833333333333,-0.12777777777777777,-0.7135416666666666,-0.49444444444444446,0.04791666666666667,-0.19074074074074074,0.042708333333333334,-0.21851851851851853,0.035416666666666666,-0.2462962962962963,-0.7135416666666666,-0.49444444444444446,-0.7135416666666666,-0.49444444444444446,-0.034375,-0.337037037037037,-0.053125,-0.3388888888888889,-0.10520833333333333,-0.31296296296296294,-0.11875,-0.3,-0.12916666666666668,-0.2814814814814815,-0.13958333333333334,-0.26481481481481484
1,0.0,0.0,-0.7197916666666667,-0.5185185185185185,-0.7197916666666667,-0.5185185185185185,-0.7197916666666667,-0.5185185185185185,-0.7197916666666667,-0.5185185185185185,-0.7197916666666667,-0.5185185185185185,-0.7197916666666667,-0.5185185185185185,-0.7197916666666667,-0.5185185185185185,-0.7197916666666667,-0.5185185185185185,-0.7197916666666667,-0.5185185185185185,-0.027083333333333334,-0.35,-0.7197916666666667,-0.5185185185185185,-0.7197916666666667,-0.5185185185185185,-0.11145833333333334,-0.3537037037037037,-0.125,-0.3388888888888889,-0.1375,-0.32407407407407407
1,0.0,0.0,-0.6677083333333333,-0.5444444444444444,-0.6677083333333333,-0.5444444444444444,-0.6677083333333333,-0.5444444444444444,-0.6677083333333333,-0.5444444444444444,-0.6677083333333333,-0.5444444444444444,-0.6677083333333333,-0.5444444444444444,-0.6677083333333333,-0.5444444444444444,-0.6677083333333333,-0.5444444444444444,-0.6677083333333333,-0.5444444444444444,-0.6677083333333333,-0.5444444444444444,0.034375,-0.3425925925925926,0.021875,-0.35555555555555557,0.007291666666666667,-0.3611111111111111,-0.046875,-0.36666666666666664,-0.0625,-0.3592592592592593
1,0.0,0.0,0.013541666666666667,0.018518518518518517,0.026041666666666668,0.03333333333333333,0.09479166666666666,0.05555555555555555,0.1125,0.046296296296296294,0.12604166666666666,0.037037037037037035,0.125,0.03888888888888889,-0.5729166666666666,-0.4722222222222222,-0.5729166666666666,-0.4722222222222222,0.175,-0.11296296296296296,-0.5729166666666666,-0.4722222222222222,0.15729166666666666,-0.21851851851851853,-0.5729166666666666,-0.4722222222222222,-0.5729166666666666,-0.4722222222222222,0.11666666666666667,-0.29074074074074074,0.10416666666666667,-0.30185185185185187
1,0.0,0.0,-0.7458333333333333,-0.4759259259259259,-0.7458333333333333,-0.4759259259259259,-0.7458333333333333,-0.4759259259259259,-0.7458333333333333,-0.4759259259259259,-0.7458333333333333,-0.4759259259259259,-0.7458333333333333,-0.4759259259259259,-0.7458333333333333,-0.4759259259259259,-0.7458333333333333,-0.4759259259259259,-0.7458333333333333,-0.4759259259259259,-0.059375,-0.3425925925925926,-0.071875,-0.34814814814814815,-0.10104166666666667,-0.3351851851851852,-0.10104166666666667,-0.337037037037037,-0.115625,-0.32592592592592595,-0.12916666666666668,-0.31296296296296294
1,0.0,0.0,0.0,0.0,0.7947916666666667,0.24814814814814815,0.7885416666666667,0.2222222222222222,0.0,0.0,0.0,0.0,0.0,0.0,0.0,0.0,0.684375,0.11666666666666667,0.621875,0.13703703703703704,0.6052083333333333,0.15185185185185185,0.5916666666666667,0.1685185185185185,0.5802083333333333,0.19074074074074074,0.5697916666666667,0.20925925925925926,0.5489583333333333,0.29444444444444445,0.5510416666666667,0.32037037037037036
1,0.0,0.0,0.0,0.0,0.0,0.0,0.0,0.0,0.7927083333333333,0.28703703703703703,0.0,0.0,0.7572916666666667,0.17222222222222222,0.0,0.0,0.6822916666666666,0.11666666666666667,0.6666666666666666,0.11666666666666667,0.6479166666666667,0.11666666666666667,0.5822916666666667,0.16111111111111112,0.5666666666666667,0.17592592592592593,0.5552083333333333,0.19814814814814816,0.5458333333333333,0.22037037037037038,0.5375,0.2388888888888889
1,0.0,0.0,0.0,0.0,0.0,0.0,0.0,0.0,0.0,0.0,0.0,0.0,0.0,0.0,0.0,0.0,0.0,0.0,0.6739583333333333,0.13148148148148148,0.5895833333333333,0.17407407407407408,0.5739583333333333,0.19444444444444445,0.5614583333333333,0.2074074074074074,0.5416666666666666,0.2722222222222222,0.5416666666666666,0.29444444444444445,0.540625,0.32037037037037036
1,0.0,0.0,0.6791666666666667,0.14814814814814814,0.6625,0.14444444444444443,0.5958333333333333,0.17777777777777778,0.578125,0.20185185185185187,0.5625,0.2222222222222222,0.5385416666666667,0.2722222222222222,0.5385416666666667,0.26666666666666666,0.5322916666666667,0.2962962962962963,0.5260416666666666,0.32222222222222224,0.534375,0.412962962962963,0.5447916666666667,0.43148148148148147,0.5572916666666666,0.45740740740740743,0.571875,0.4740740740740741,0.5864583333333333,0.4925925925925926,0.6052083333333333,0.5074074074074074
1,0.0,0.0,0.0,0.0,0.0,0.0,0.6739583333333333,0.11296296296296296,0.0,0.0,0.6427083333333333,0.11481481481481481,0.5875,0.15925925925925927,0.5770833333333333,0.17777777777777778,0.5677083333333334,0.1962962962962963,0.5489583333333333,0.2722222222222222,0.55,0.2962962962962963,0.55,0.32222222222222224,0.553125,0.34444444444444444,0.5916666666666667,0.4351851851851852,0.6072916666666667,0.46111111111111114,0.625,0.4777777777777778
1,0.0,0.0,0.0,0.0,0.0,0.0,0.0,0.0,0.0,0.0,0.0,0.0,0.6520833333333333,0.12962962962962962,0.6385416666666667,0.14814814814814814,0.6239583333333333,0.1574074074074074,0.5833333333333334,0.22777777777777777,0.5760416666666667,0.2537037037037037,0.5729166666666666,0.2777777777777778,0.5697916666666667,0.29814814814814816,0.5697916666666667,0.32037037037037036,0.571875,0.34444444444444444,0.578125,0.3685185185185185
1,0.0,0.0,0.0,0.0,0.7697916666666667,0.2111111111111111,0.0,0.0,0.0,0.0,0.6989583333333333,0.15,0.6864583333333333,0.14814814814814814,0.6854166666666667,0.14629629629629629,0.6729166666666667,0.14814814814814814,0.6614583333333334,0.15185185185185185,0.6145833333333334,0.20555555555555555,0.6041666666666666,0.22407407407407406,0.5989583333333334,0.2462962962962963,0.590625,0.3055555555555556,0.5927083333333333,0.32592592592592595,0.596875,0.34629629629629627
1,0.0,0.0,0.0,0.0,0.0,0.0,0.0,0.0,0.0,0.0,0.0,0.0,0.0,0.0,0.0,0.0,0.0,0.0,0.0,0.0,0.0,0.0,0.0,0.0,0.6333333333333333,0.15185185185185185,0.6197916666666666,0.1685185185185185,0.6104166666666667,0.18333333333333332,0.5989583333333334,0.20555555555555555
1,0.0,0.0,0.0,0.0,0.0,0.0,0.0,0.0,0.0,0.0,0.0,0.0,0.0,0.0,0.0,0.0,0.6708333333333333,0.1388888888888889,0.6552083333333333,0.14629629629629629,0.6416666666666667,0.15,0.6,0.2,0.590625,0.2222222222222222,0.5854166666666667,0.24444444444444444,0.578125,0.2722222222222222,0.5729166666666666,0.2962962962962963
1,0.0,0.0,0.058333333333333334,-0.07592592592592592,0.0625,-0.09814814814814815,0.06458333333333334,-0.12777777777777777,0.065625,-0.1648148148148148,0.03958333333333333,-0.26296296296296295,0.028125,-0.2962962962962963,0.014583333333333334,-0.31666666666666665,0.0020833333333333333,-0.3314814814814815,-0.013541666666666667,-0.34629629629629627,-0.075,-0.3814814814814815,-0.09166666666666666,-0.3814814814814815,-0.109375,-0.37592592592592594,-0.12708333333333333,-0.37037037037037035,-0.1875,-0.3037037037037037,-0.20104166666666667,-0.2740740740740741
1,0.0,0.0,0.08958333333333333,-0.005555555555555556,0.11354166666666667,-0.016666666666666666,0.13125,-0.03148148148148148,0.16145833333333334,-0.10185185185185185,0.16770833333333332,-0.13148148148148148,0.16875,-0.15925925925925927,0.16770833333333332,-0.22962962962962963,0.16458333333333333,-0.25925925925925924,0.12083333333333333,-0.34814814814814815,0.10625,-0.36666666666666664,0.09375,-0.3814814814814815,0.051041666666666666,-0.39814814814814814,0.025,-0.39444444444444443,0.011458333333333333,-0.3925925925925926,0.0010416666666666667,-0.387037037037037
1,0.0,0.0,0.015625,-0.001851851851851852,0.06666666666666667,-0.037037037037037035,0.07708333333333334,-0.05555555555555555,0.08645833333333333,-0.07407407407407407,0.09270833333333334,-0.08703703703703704,0.10416666666666667,-0.18518518518518517,0.10208333333333333,-0.2111111111111111,0.09166666666666666,-0.26666666666666666,0.08229166666666667,-0.28888888888888886,0.08229166666666667,-0.29074074074074074,0.07291666666666667,-0.3037037037037037,0.020833333333333332,-0.34444444444444444,0.008333333333333333,-0.35,-0.007291666666666667,-0.34629629629629627,-0.020833333333333332,-0.34629629629629627
1,0.0,0.0,0.0375,-0.05185185185185185,0.04479166666666667,-0.06851851851851852,0.051041666666666666,-0.09074074074074075,0.052083333333333336,-0.18333333333333332,0.04791666666666667,-0.2037037037037037,0.03854166666666667,-0.22592592592592592,0.03125,-0.24074074074074073,0.020833333333333332,-0.2574074074074074,0.008333333333333333,-0.2740740740740741,-0.041666666666666664,-0.30925925925925923,-0.057291666666666664,-0.3111111111111111,-0.06875,-0.3111111111111111,-0.08229166666666667,-0.30925925925925923,-0.09479166666666666,-0.3,-0.1375,-0.2537037037037037
1,0.0,0.0,0.010416666666666666,-0.011111111111111112,0.022916666666666665,-0.025925925925925925,0.03333333333333333,-0.044444444444444446,0.042708333333333334,-0.06111111111111111,-0.6989583333333333,-0.5185185185185185,0.058333333333333334,-0.18888888888888888,0.05625,-0.21666666666666667,0.051041666666666666,-0.23703703703703705,0.010416666666666666,-0.3055555555555556,-0.00625,-0.32222222222222224,-0.019791666666666666,-0.3314814814814815,-0.035416666666666666,-0.337037037037037,-0.08645833333333333,-0.3333333333333333,-0.09791666666666667,-0.32222222222222224,-0.10729166666666666,-0.3111111111111111
1,0.0,0.0,0.016666666666666666,0.0,0.030208333333333334,-0.005555555555555556,0.041666666666666664,-0.016666666666666666,0.05416666666666667,-0.03148148148148148,0.07916666666666666,-0.10740740740740741,0.07916666666666666,-0.1111111111111111,0.08125,-0.13148148148148148,-0.6614583333333334,-0.5185185185185185,0.052083333333333336,-0.26851851851851855,0.041666666666666664,-0.2833333333333333,0.030208333333333334,-0.3,-0.007291666666666667,-0.3277777777777778,-0.019791666666666666,-0.3314814814814815,-0.034375,-0.3333333333333333,-0.058333333333333334,-0.32592592592592595
1,0.0,0.0,0.015625,0.007407407407407408,0.03125,0.007407407407407408,0.04375,0.011111111111111112,0.09479166666666666,-0.027777777777777776,0.10520833333333333,-0.03888888888888889,0.11770833333333333,-0.05740740740740741,-0.6052083333333333,-0.5092592592592593,0.15,-0.17777777777777778,0.14791666666666667,-0.20555555555555555,0.13645833333333332,-0.2518518518518518,0.13645833333333332,-0.2537037037037037,0.09791666666666667,-0.30185185185185187,0.084375,-0.3111111111111111,0.06979166666666667,-0.3111111111111111,0.05520833333333333,-0.30925925925925923
1,0.0,0.0,0.04375,-0.03888888888888889,0.053125,-0.05925925925925926,-0.690625,-0.4962962962962963,0.06458333333333334,-0.0962962962962963,-0.690625,-0.4962962962962963,0.05416666666666667,-0.2222222222222222,0.04791666666666667,-0.2388888888888889,0.03958333333333333,-0.25555555555555554,0.029166666666666667,-0.2740740740740741,-0.019791666666666666,-0.32037037037037036,-0.03333333333333333,-0.3296296296296296,-0.046875,-0.3296296296296296,-0.06145833333333333,-0.3277777777777778,-0.071875,-0.32222222222222224,-0.084375,-0.31296296296296294
1,0.0,0.0,0.005208333333333333,-0.016666666666666666,0.009375,-0.037037037037037035,0.0125,-0.05925925925925926,0.013541666666666667,-0.07962962962962963,-0.005208333333333333,-0.15925925925925927,-0.014583333333333334,-0.18703703703703703,-0.026041666666666668,-0.19814814814814816,-0.03958333333333333,-0.21296296296296297,-0.05,-0.22037037037037038,-0.06458333333333334,-0.22962962962962963,-0.12083333333333333,-0.23148148148148148,-0.13333333333333333,-0.22592592592592592,-0.18125,-0.17037037037037037,-0.190625,-0.15,-0.19479166666666667,-0.13148148148148148
1,0.0,0.0,0.0125,-0.003703703703703704,0.05625,-0.06851851851851852,0.06041666666666667,-0.08888888888888889,0.06458333333333334,-0.11481481481481481,0.06770833333333333,-0.14074074074074075,0.06458333333333334,-0.22962962962962963,0.06145833333333333,-0.2462962962962963,0.05416666666666667,-0.2722222222222222,0.03854166666666667,-0.30925925925925923,0.030208333333333334,-0.32407407407407407,0.017708333333333333,-0.337037037037037,-0.03333333333333333,-0.3333333333333333,-0.04791666666666667,-0.32222222222222224,-0.08541666666666667,-0.2796296296296296,-0.103125,-0.24259259259259258
1,0.0,0.0,0.0,-0.001851851851851852,0.05,-0.05925925925925926,0.05520833333333333,-0.08148148148148149,0.06145833333333333,-0.10555555555555556,-0.64375,-0.55,0.058333333333333334,-0.23703703703703705,0.052083333333333336,-0.2611111111111111,0.046875,-0.2796296296296296,0.03854166666666667,-0.29814814814814816,-0.00625,-0.3388888888888889,-0.03333333333333333,-0.34074074074074073,-0.04583333333333333,-0.3388888888888889,-0.04583333333333333,-0.34074074074074073,-0.08541666666666667,-0.2962962962962963,-0.09270833333333334,-0.2796296296296296
1,0.0,0.0,0.7291666666666666,0.37407407407407406,0.7333333333333333,0.35185185185185186,0.0,0.0,0.7197916666666667,0.24074074074074073,0.7072916666666667,0.22037037037037038,0.696875,0.20555555555555555,0.6875,0.19074074074074074,0.6375,0.17037037037037037,0.6239583333333333,0.1685185185185185,0.6114583333333333,0.17592592592592593,0.5677083333333334,0.21851851851851853,0.5583333333333333,0.2388888888888889,0.55,0.25555555555555554,0.5447916666666667,0.27037037037037037,0.540625,0.28888888888888886
1,0.0,0.0,-0.00625,0.012962962962962963,-0.011458333333333333,0.03333333333333333,-0.016666666666666666,0.06851851851851852,-0.007291666666666667,0.13148148148148148,-0.0010416666666666667,0.1574074074074074,0.009375,0.17962962962962964,0.023958333333333335,0.2,0.0375,0.21666666666666667,0.05520833333333333,0.23148148148148148,0.13333333333333333,0.24259259259259258,0.15,0.2388888888888889,0.175,0.20555555555555555,0.18229166666666666,0.19074074074074074,0.18541666666666667,0.17407407407407408,0.19166666666666668,0.15555555555555556
1,0.0,0.0,-0.010416666666666666,0.012962962962962963,-0.020833333333333332,0.025925925925925925,-0.023958333333333335,0.04259259259259259,-0.028125,0.06296296296296296,-0.019791666666666666,0.12962962962962962,-0.014583333333333334,0.15,-0.008333333333333333,0.17037037037037037,0.041666666666666664,0.2351851851851852,0.058333333333333334,0.25555555555555554,0.075,0.26481481481481484,0.090625,0.26851851851851855,0.146875,0.26481481481481484,0.15833333333333333,0.2518518518518518,0.165625,0.24074074074074073,0.17916666666666667,0.18333333333333332
1,0.0,0.0,0.0020833333333333333,0.025925925925925925,0.009375,0.05185185185185185,0.013541666666666667,0.07407407407407407,0.022916666666666665,0.09074074074074075,0.03125,0.10925925925925926,0.09166666666666666,0.15185185185185185,0.103125,0.1574074074074074,0.11979166666666667,0.15555555555555556,0.13541666666666666,0.1537037037037037,0.14791666666666667,0.14629629629629629,0.16145833333333334,0.13703703703703704,0.18958333333333333,0.06111111111111111,0.19166666666666668,0.03888888888888889,0.19166666666666668,0.014814814814814815,0.18958333333333333,-0.009259259259259259
1,0.0,0.0,-0.008333333333333333,0.08148148148148149,-0.00625,0.10740740740740741,-0.00625,0.10925925925925926,0.00625,0.15555555555555556,0.019791666666666666,0.1814814814814815,0.03229166666666667,0.20185185185185187,0.09791666666666667,0.2351851851851852,0.11145833333333334,0.24259259259259258,0.12291666666666666,0.2388888888888889,0.12291666666666666,0.2351851851851852,0.16979166666666667,0.17222222222222222,0.17604166666666668,0.15185185185185185,0.18020833333333333,0.13148148148148148,0.18333333333333332,0.1111111111111111,0.175,0.05
1,0.0,0.0,-0.004166666666666667,0.05,-0.004166666666666667,0.07222222222222222,-0.0020833333333333333,0.09259259259259259,0.004166666666666667,0.1111111111111111,0.007291666666666667,0.1259259259259259,0.06875,0.19814814814814816,0.0875,0.21296296296296297,0.0875,0.2111111111111111,0.10416666666666667,0.21851851851851853,0.16354166666666667,0.2037037037037037,0.171875,0.19074074074074074,0.184375,0.17407407407407408,0.190625,0.15925925925925927,0.19895833333333332,0.12037037037037036,0.19166666666666668,0.037037037037037035
1,0.0,0.0,0.003125,0.018518518518518517,0.010416666666666666,0.040740740740740744,0.016666666666666666,0.05925925925925926,0.06145833333333333,0.11481481481481481,0.07291666666666667,0.12962962962962962,0.08645833333333333,0.14444444444444443,0.103125,0.14814814814814814,0.153125,0.15,0.16354166666666667,0.13703703703703704,0.175,0.12222222222222222,0.18333333333333332,0.1111111111111111,0.196875,0.03333333333333333,0.19583333333333333,0.014814814814814815,0.19375,-0.009259259259259259,0.18854166666666666,-0.02962962962962963
1,0.0,0.0,0.025,0.07592592592592592,0.03854166666666667,0.1,0.051041666666666666,0.12222222222222222,0.06666666666666667,0.13703703703703704,0.08229166666666667,0.15,0.14791666666666667,0.18888888888888888,0.16458333333333333,0.1925925925925926,0.17708333333333334,0.1925925925925926,0.18854166666666666,0.18333333333333332,0.19791666666666666,0.17037037037037037,0.20416666666666666,0.1574074074074074,0.22083333333333333,0.07777777777777778,0.22291666666666668,0.05740740740740741,0.21979166666666666,0.03518518518518519,0.2125,0.012962962962962963
1,0.0,0.0,-0.005208333333333333,0.09814814814814815,0.0020833333333333333,0.13333333333333333,0.010416666666666666,0.1685185185185185,0.05,0.2351851851851852,0.071875,0.2537037037037037,0.11875,0.2759259259259259,0.13958333333333334,0.2796296296296296,0.15520833333333334,0.2777777777777778,0.196875,0.21666666666666667,0.20208333333333334,0.1962962962962963,0.20208333333333334,0.19814814814814816,0.20520833333333333,0.17777777777777778,0.21041666666666667,0.1537037037037037,0.21354166666666666,0.12962962962962962,0.1875,0.046296296296296294
1,0.0,0.0,0.019791666666666666,0.025925925925925925,0.042708333333333334,0.040740740740740744,0.065625,0.05740740740740741,0.08645833333333333,0.06296296296296296,0.10208333333333333,0.05925925925925926,0.115625,0.04814814814814815,0.14479166666666668,-0.025925925925925925,0.14479166666666668,-0.044444444444444446,0.14479166666666668,-0.07407407407407407,0.128125,-0.15925925925925927,0.125,-0.18518518518518517,0.11979166666666667,-0.20185185185185187,0.11354166666666667,-0.2222222222222222,0.09791666666666667,-0.24444444444444444,0.096875,-0.24444444444444444
1,0.0,0.0,-0.003125,0.08333333333333333,0.004166666666666667,0.11481481481481481,0.007291666666666667,0.13518518518518519,0.017708333333333333,0.1574074074074074,0.030208333333333334,0.17962962962962964,0.042708333333333334,0.19444444444444445,0.10729166666666666,0.21481481481481482,0.12291666666666666,0.21296296296296297,0.1375,0.2037037037037037,0.15,0.18888888888888888,0.17604166666666668,0.10925925925925926,0.18229166666666666,0.08333333333333333,0.18125,0.06111111111111111,0.17916666666666667,0.040740740740740744,0.17708333333333334,0.016666666666666666
1,0.0,0.0,0.008333333333333333,0.018518518518518517,0.016666666666666666,0.03333333333333333,0.08020833333333334,0.06666666666666667,0.09583333333333334,0.06481481481481481,0.11145833333333334,0.06481481481481481,0.16145833333333334,0.024074074074074074,0.16875,0.001851851851851852,0.17395833333333333,-0.016666666666666666,0.17604166666666668,-0.03888888888888889,0.17604166666666668,-0.05925925925925926,0.15520833333333334,-0.13703703703703704,0.14791666666666667,-0.15925925925925927,0.1375,-0.17777777777777778,0.128125,-0.19074074074074074,0.08333333333333333,-0.22407407407407406
1,0.0,0.0,0.011458333333333333,0.016666666666666666,0.027083333333333334,0.025925925925925925,0.065625,0.03148148148148148,0.09479166666666666,0.022222222222222223,0.10625,0.012962962962962963,0.11666666666666667,-0.005555555555555556,0.121875,-0.020370370370370372,0.125,-0.09814814814814815,0.12604166666666666,-0.10925925925925926,0.121875,-0.12962962962962962,0.11666666666666667,-0.15185185185185185,0.10833333333333334,-0.17592592592592593,0.06770833333333333,-0.25925925925925924,0.058333333333333334,-0.2740740740740741,0.04895833333333333,-0.2777777777777778
1,0.0,0.0,0.013541666666666667,0.020370370370370372,0.011458333333333333,0.022222222222222223,0.07916666666666666,0.06481481481481481,0.09583333333333334,0.07407407407407407,0.11041666666666666,0.07407407407407407,0.125,0.06666666666666667,0.15520833333333334,0.001851851851851852,0.159375,-0.014814814814814815,0.16041666666666668,-0.037037037037037035,0.15,-0.11666666666666667,0.14583333333333334,-0.1388888888888889,0.140625,-0.1537037037037037,0.13333333333333333,-0.17407407407407408,0.12604166666666666,-0.19074074074074074,0.11770833333333333,-0.2037037037037037
1,0.0,0.0,0.010416666666666666,0.012962962962962963,0.023958333333333335,0.020370370370370372,0.03958333333333333,0.024074074074074074,0.1,0.012962962962962963,0.11145833333333334,0.001851851851851852,0.12291666666666666,-0.012962962962962963,0.13333333333333333,-0.02962962962962963,0.13958333333333334,-0.044444444444444446,0.14479166666666668,-0.06666666666666667,0.14583333333333334,-0.14629629629629629,0.14479166666666668,-0.17777777777777778,0.140625,-0.1962962962962963,0.13333333333333333,-0.21481481481481482,0.12708333333333333,-0.23148148148148148,0.11770833333333333,-0.2462962962962963
1,0.0,0.0,0.0,0.020370370370370372,0.0020833333333333333,0.037037037037037035,0.0375,0.11851851851851852,0.05416666666666667,0.14074074074074075,0.071875,0.1574074074074074,0.08958333333333333,0.1685185185185185,0.15520833333333334,0.1648148148148148,0.16875,0.1574074074074074,0.18020833333333333,0.14444444444444443,0.1875,0.12962962962962962,0.19166666666666668,0.05,0.18958333333333333,0.016666666666666666,0.18541666666666667,-0.005555555555555556,0.18125,-0.022222222222222223,0.17395833333333333,-0.044444444444444446
1,0.0,0.0,0.019791666666666666,0.012962962962962963,0.036458333333333336,0.018518518518518517,0.09791666666666667,-0.001851851851851852,0.10625,-0.014814814814814815,0.11041666666666666,-0.03333333333333333,0.11145833333333334,-0.03333333333333333,0.11458333333333333,-0.053703703703703705,0.11041666666666666,-0.13518518518518519,0.103125,-0.18703703703703703,0.06666666666666667,-0.24259259259259258,0.05,-0.26296296296296295,0.03333333333333333,-0.2740740740740741,0.014583333333333334,-0.2851851851851852,-0.004166666666666667,-0.28703703703703703,-0.042708333333333334,-0.29259259259259257
1,0.0,0.0,0.058333333333333334,0.06111111111111111,0.07916666666666666,0.07777777777777778,0.1,0.08333333333333333,0.11979166666666667,0.08518518518518518,0.19166666666666668,0.007407407407407408,0.2,-0.022222222222222223,0.20208333333333334,-0.022222222222222223,0.19583333333333333,-0.10555555555555556,0.196875,-0.16666666666666666,0.18958333333333333,-0.2,0.15208333333333332,-0.28703703703703703,0.140625,-0.31666666666666665,0.12708333333333333,-0.3314814814814815,0.11458333333333333,-0.3333333333333333,0.10104166666666667,-0.3388888888888889
1,0.0,0.0,0.05416666666666667,0.08703703703703704,0.07708333333333334,0.10925925925925926,0.10104166666666667,0.11666666666666667,0.11666666666666667,0.12037037037037036,0.13125,0.11481481481481481,0.18645833333333334,0.05555555555555555,0.19166666666666668,0.027777777777777776,0.19479166666666667,0.003703703703703704,0.19791666666666666,-0.025925925925925925,0.178125,-0.11666666666666667,0.16875,-0.15555555555555556,0.15729166666666666,-0.1814814814814815,0.14479166666666668,-0.1962962962962963,0.13229166666666667,-0.2111111111111111,0.07395833333333333,-0.22592592592592592
1,0.0,0.0,0.010416666666666666,0.03333333333333333,0.017708333333333333,0.05925925925925926,0.07395833333333333,0.13333333333333333,0.09166666666666666,0.14814814814814814,0.11145833333333334,0.1574074074074074,0.125,0.16296296296296298,0.17083333333333334,0.11296296296296296,0.18125,0.08703703703703704,0.18854166666666666,0.05925925925925926,0.19270833333333334,0.03333333333333333,0.19270833333333334,-0.06481481481481481,0.18958333333333333,-0.10555555555555556,0.18229166666666666,-0.12962962962962962,0.17395833333333333,-0.15185185185185185,0.12708333333333333,-0.20185185185185187
1,0.0,0.0,0.011458333333333333,0.03333333333333333,0.026041666666666668,0.05925925925925926,0.042708333333333334,0.08333333333333333,0.11666666666666667,0.12407407407407407,0.13854166666666667,0.13148148148148148,0.15416666666666667,0.12777777777777777,0.171875,0.11851851851851852,0.21145833333333333,0.037037037037037035,0.21770833333333334,0.003703703703703704,0.21770833333333334,0.003703703703703704,0.21770833333333334,-0.027777777777777776,0.184375,-0.11851851851851852,0.178125,-0.19074074074074074,0.165625,-0.22407407407407406,0.15,-0.2388888888888889
1,0.0,0.0,0.05416666666666667,0.05555555555555555,0.07083333333333333,0.06851851851851852,0.07291666666666667,0.06851851851851852,0.13541666666666666,0.07222222222222222,0.14895833333333333,0.06666666666666667,0.16979166666666667,0.040740740740740744,0.178125,0.024074074074074074,0.18125,0.0,0.18229166666666666,-0.025925925925925925,0.17604166666666668,-0.09259259259259259,0.16979166666666667,-0.12777777777777777,0.16354166666666667,-0.14814814814814814,0.15416666666666667,-0.17407407407407408,0.14375,-0.19444444444444445,0.09375,-0.24444444444444444
1,0.0,0.0,0.0020833333333333333,0.024074074074074074,0.008333333333333333,0.05185185185185185,0.057291666666666664,0.13703703703703704,0.06875,0.16111111111111112,0.08333333333333333,0.17777777777777778,0.09791666666666667,0.18518518518518517,0.16041666666666668,0.17222222222222222,0.178125,0.1648148148148148,0.19166666666666668,0.15185185185185185,0.203125,0.13148148148148148,0.2125,0.10555555555555556,0.215625,0.012962962962962963,0.21458333333333332,-0.025925925925925925,0.20625,-0.053703703703703705,0.2,-0.07962962962962963
1,0.0,0.0,0.011458333333333333,0.012962962962962963,0.06666666666666667,0.03148148148148148,0.07604166666666666,0.027777777777777776,0.0875,0.018518518518518517,0.09583333333333334,0.001851851851851852,0.11979166666666667,-0.07962962962962963,0.12083333333333333,-0.1111111111111111,0.11770833333333333,-0.1388888888888889,0.1125,-0.1685185185185185,0.10520833333333333,-0.18888888888888888,0.096875,-0.20925925925925926,0.053125,-0.26666666666666666,0.0375,-0.2740740740740741,0.023958333333333335,-0.2722222222222222,0.010416666666666666,-0.27037037037037037
1,0.0,0.0,0.04479166666666667,0.08703703703703704,0.06145833333333333,0.11296296296296296,0.07708333333333334,0.12407407407407407,0.08958333333333333,0.12962962962962962,0.10416666666666667,0.13333333333333333,0.15520833333333334,0.08703703703703704,0.16458333333333333,0.06481481481481481,0.17395833333333333,0.040740740740740744,0.17708333333333334,0.012962962962962963,0.18020833333333333,-0.014814814814814815,0.16458333333333333,-0.09814814814814815,0.15729166666666666,-0.1425925925925926,0.14895833333333333,-0.16296296296296298,0.1375,-0.18333333333333332,0.0875,-0.2222222222222222
1,0.0,0.0,0.011458333333333333,0.020370370370370372,0.028125,0.040740740740740744,0.06354166666666666,0.07222222222222222,0.12083333333333333,0.05925925925925926,0.13125,0.046296296296296294,0.140625,0.03148148148148148,0.1625,-0.03518518518518519,0.16666666666666666,-0.06666666666666667,0.16145833333333334,-0.11481481481481481,0.15729166666666666,-0.14444444444444443,0.15104166666666666,-0.17222222222222222,0.12708333333333333,-0.22407407407407406,0.11770833333333333,-0.24259259259259258,0.10625,-0.2518518518518518,0.09583333333333334,-0.2611111111111111
1,0.0,0.0,-0.0020833333333333333,0.027777777777777776,0.011458333333333333,0.07592592592592592,0.020833333333333332,0.1,0.065625,0.1425925925925926,0.08229166666666667,0.14814814814814814,0.09375,0.14074074074074075,0.109375,0.13148148148148148,0.11875,0.11481481481481481,0.16458333333333333,0.03333333333333333,0.17708333333333334,0.003703703703703704,0.18229166666666666,-0.020370370370370372,0.18229166666666666,-0.09814814814814815,0.178125,-0.12222222222222222,0.17083333333333334,-0.14444444444444443,0.12916666666666668,-0.1925925925925926
1,0.0,0.0,0.011458333333333333,0.025925925925925925,0.025,0.046296296296296294,0.08854166666666667,0.08518518518518518,0.10104166666666667,0.08888888888888889,0.115625,0.08148148148148149,0.128125,0.07222222222222222,0.16666666666666666,0.001851851851851852,0.17395833333333333,-0.022222222222222223,0.17708333333333334,-0.044444444444444446,0.17083333333333334,-0.13148148148148148,0.1625,-0.1537037037037037,0.153125,-0.17407407407407408,0.14166666666666666,-0.18888888888888888,0.13125,-0.2037037037037037,0.11875,-0.2111111111111111
1,0.0,0.0,0.00625,0.025925925925925925,0.014583333333333334,0.05185185185185185,0.06979166666666667,0.12777777777777777,0.0875,0.1425925925925926,0.10625,0.14444444444444443,0.11875,0.1388888888888889,0.16979166666666667,0.09444444444444444,0.17291666666666666,0.06851851851851852,0.17708333333333334,0.05,0.18020833333333333,0.022222222222222223,0.175,-0.05555555555555555,0.16875,-0.08703703703703704,0.16145833333333334,-0.10925925925925926,0.15208333333333332,-0.12777777777777777,0.14166666666666666,-0.14629629629629629
1,0.0,0.0,0.0125,0.024074074074074074,0.027083333333333334,0.040740740740740744,0.028125,0.03888888888888889,0.042708333333333334,0.05,0.07395833333333333,0.06111111111111111,0.0875,0.05740740740740741,0.14270833333333333,0.020370370370370372,0.15104166666666666,0.001851851851851852,0.16145833333333334,-0.06481481481481481,0.16145833333333334,-0.09259259259259259,0.15104166666666666,-0.1425925925925926,0.14375,-0.16666666666666666,0.13541666666666666,-0.19074074074074074,0.084375,-0.2462962962962963,0.07083333333333333,-0.2537037037037037
1,0.0,0.0,0.03854166666666667,0.03888888888888889,0.05625,0.044444444444444446,0.10416666666666667,0.014814814814814815,0.11354166666666667,-0.001851851851851852,0.12291666666666666,-0.027777777777777776,0.13645833333333332,-0.11296296296296296,0.140625,-0.17222222222222222,0.13541666666666666,-0.19814814814814816,0.12708333333333333,-0.22407407407407406,0.115625,-0.24814814814814815,0.10416666666666667,-0.26481481481481484,0.0875,-0.2833333333333333,0.071875,-0.2962962962962963,0.016666666666666666,-0.3037037037037037,0.0020833333333333333,-0.29444444444444445
1,0.0,0.0,0.013541666666666667,-0.003703703703703704,0.027083333333333334,-0.020370370370370372,0.03333333333333333,-0.040740740740740744,0.040625,-0.12777777777777777,0.04583333333333333,-0.16296296296296298,0.04375,-0.1925925925925926,0.03854166666666667,-0.21481481481481482,-0.003125,-0.29074074074074074,-0.017708333333333333,-0.30925925925925923,-0.030208333333333334,-0.31666666666666665,-0.04375,-0.31851851851851853,-0.057291666666666664,-0.32037037037037036,-0.11145833333333334,-0.2759259259259259,-0.12708333333333333,-0.2518518518518518,-0.13854166666666667,-0.22962962962962963
1,0.0,0.0,0.019791666666666666,-0.007407407407407408,0.035416666666666666,-0.011111111111111112,0.08229166666666667,-0.07592592592592592,0.08854166666666667,-0.1,0.09166666666666666,-0.12222222222222222,0.09166666666666666,-0.14629629629629629,0.071875,-0.23333333333333334,0.0625,-0.2518518518518518,0.053125,-0.27037037037037037,0.042708333333333334,-0.2833333333333333,-0.004166666666666667,-0.3074074074074074,-0.01875,-0.3055555555555556,-0.03125,-0.3,-0.042708333333333334,-0.29444444444444445,-0.05625,-0.2833333333333333
1,0.0,0.0,0.015625,0.012962962962962963,0.078125,0.018518518518518517,0.09583333333333334,0.012962962962962963,0.109375,0.003703703703703704,0.121875,-0.009259259259259259,0.14375,-0.09259259259259259,0.15,-0.11666666666666667,0.15,-0.14074074074074075,0.14791666666666667,-0.16111111111111112,0.14479166666666668,-0.18333333333333332,0.13958333333333334,-0.20555555555555555,0.10729166666666666,-0.26851851851851855,0.09583333333333334,-0.2833333333333333,0.08541666666666667,-0.29444444444444445,0.06875,-0.3074074074074074
1,0.0,0.0,0.053125,0.09074074074074075,0.06458333333333334,0.1037037037037037,0.10104166666666667,0.12777777777777777,0.1125,0.1259259259259259,0.121875,0.11851851851851852,0.13020833333333334,0.10925925925925926,0.140625,0.09074074074074075,0.14895833333333333,0.06666666666666667,0.15729166666666666,-0.018518518518518517,0.15729166666666666,-0.06111111111111111,0.15416666666666667,-0.09259259259259259,0.14791666666666667,-0.12037037037037036,0.14166666666666666,-0.1425925925925926,0.10833333333333334,-0.20555555555555555,0.08229166666666667,-0.22962962962962963
1,0.0,0.0,0.013541666666666667,0.027777777777777776,0.06875,0.08888888888888889,0.08854166666666667,0.09444444444444444,0.1,0.09814814814814815,0.11145833333333334,0.09444444444444444,0.15833333333333333,0.03148148148148148,0.16666666666666666,0.009259259259259259,0.17291666666666666,-0.014814814814814815,0.17708333333333334,-0.03888888888888889,0.178125,-0.06111111111111111,0.15520833333333334,-0.14444444444444443,0.146875,-0.17222222222222222,0.134375,-0.1925925925925926,0.12395833333333334,-0.2111111111111111,0.1125,-0.22592592592592592
1,0.0,0.0,0.036458333333333336,0.10185185185185185,0.04895833333333333,0.11851851851851852,0.0625,0.13148148148148148,0.075,0.13518518518518519,0.08854166666666667,0.13703703703703704,0.13541666666666666,0.12037037037037036,0.14791666666666667,0.10740740740740741,0.159375,0.0962962962962963,0.165625,0.08148148148148149,0.18333333333333332,-0.003703703703703704,0.1875,-0.024074074074074074,0.19166666666666668,-0.04814814814814815,0.190625,-0.07222222222222222,0.17083333333333334,-0.1388888888888889,0.16145833333333334,-0.16111111111111112
1,0.0,0.0,0.010416666666666666,0.025925925925925925,0.023958333333333335,0.044444444444444446,0.036458333333333336,0.05925925925925926,0.04895833333333333,0.06851851851851852,0.090625,0.05925925925925926,0.10104166666666667,0.05,0.1125,0.03148148148148148,0.11875,0.016666666666666666,0.12708333333333333,-0.003703703703703704,0.140625,-0.08703703703703704,0.13958333333333334,-0.11481481481481481,0.13541666666666666,-0.13518518518518519,0.10416666666666667,-0.2074074074074074,0.09479166666666666,-0.22962962962962963,0.08541666666666667,-0.2388888888888889
1,0.0,0.0,0.016666666666666666,0.011111111111111112,0.08854166666666667,0.011111111111111112,0.103125,0.003703703703703704,0.11354166666666667,-0.005555555555555556,0.125,-0.018518518518518517,0.13958333333333334,-0.07222222222222222,0.14166666666666666,-0.1,0.140625,-0.12222222222222222,0.134375,-0.16666666666666666,0.13020833333333334,-0.1925925925925926,0.12291666666666666,-0.21296296296296297,0.09479166666666666,-0.25555555555555554,0.084375,-0.2759259259259259,0.071875,-0.2851851851851852,0.06145833333333333,-0.29074074074074074
1,0.0,0.0,0.01875,0.011111111111111112,0.035416666666666666,0.018518518518518517,0.05,0.020370370370370372,0.09791666666666667,-0.014814814814814815,0.10729166666666666,-0.03333333333333333,0.115625,-0.05,0.12083333333333333,-0.07037037037037037,0.12395833333333334,-0.09259259259259259,0.125,-0.11481481481481481,0.10833333333333334,-0.1962962962962963,0.103125,-0.2388888888888889,0.09583333333333334,-0.26296296296296295,0.08645833333333333,-0.2796296296296296,0.03854166666666667,-0.32222222222222224,0.023958333333333335,-0.3277777777777778
1,0.0,0.0,0.011458333333333333,0.025925925925925925,0.026041666666666668,0.05,0.090625,0.07592592592592592,0.10729166666666666,0.07592592592592592,0.121875,0.06851851851851852,0.165625,0.003703703703703704,0.171875,-0.024074074074074074,0.171875,-0.04814814814814815,0.17604166666666668,-0.07037037037037037,0.17604166666666668,-0.09444444444444444,0.17708333333333334,-0.11666666666666667,0.15208333333333332,-0.19074074074074074,0.14166666666666666,-0.20925925925925926,0.12916666666666668,-0.22592592592592592,0.115625,-0.2351851851851852
1,0.0,0.0,0.011458333333333333,0.018518518518518517,0.06145833333333333,0.04814814814814815,0.08229166666666667,0.044444444444444446,0.09791666666666667,0.04259259259259259,0.11354166666666667,0.03333333333333333,0.12708333333333333,0.020370370370370372,0.16145833333333334,-0.05555555555555555,0.16875,-0.08333333333333333,0.17291666666666666,-0.10185185185185185,0.178125,-0.16666666666666666,0.175,-0.20555555555555555,0.171875,-0.22037037037037038,0.16666666666666666,-0.23703703703703705,0.16041666666666668,-0.25,0.12083333333333333,-0.28703703703703703
1,0.0,0.0,0.008333333333333333,0.011111111111111112,0.025,0.018518518518518517,0.09375,0.012962962962962963,0.10520833333333333,0.0,0.11458333333333333,-0.014814814814814815,0.13541666666666666,-0.06666666666666667,0.13854166666666667,-0.09444444444444444,0.14375,-0.12037037037037036,0.14583333333333334,-0.1425925925925926,0.14583333333333334,-0.1648148148148148,0.13645833333333332,-0.20925925925925926,0.11145833333333334,-0.26666666666666666,0.09895833333333333,-0.28888888888888886,0.08541666666666667,-0.3037037037037037,0.07291666666666667,-0.31296296296296294
1,0.0,0.0,0.008333333333333333,0.016666666666666666,0.06354166666666666,0.053703703703703705,0.08125,0.05740740740740741,0.096875,0.053703703703703705,0.11458333333333333,0.046296296296296294,0.171875,0.0,0.18333333333333332,-0.018518518518518517,0.18854166666666666,-0.03518518518518519,0.19166666666666668,-0.053703703703703705,0.19375,-0.07222222222222222,0.17708333333333334,-0.15555555555555556,0.17291666666666666,-0.18518518518518517,0.165625,-0.20555555555555555,0.15625,-0.2222222222222222,0.11770833333333333,-0.25925925925925924
1,0.0,0.0,0.035416666666666666,0.053703703703703705,0.04583333333333333,0.05740740740740741,0.059375,0.06296296296296296,0.07395833333333333,0.06111111111111111,0.0875,0.05925925925925926,0.13229166666666667,0.011111111111111112,0.13854166666666667,-0.011111111111111112,0.14895833333333333,-0.025925925925925925,0.15625,-0.046296296296296294,0.16354166666666667,-0.11481481481481481,0.16354166666666667,-0.14074074074074075,0.159375,-0.16296296296296298,0.125,-0.22777777777777777,0.11145833333333334,-0.2518518518518518,0.09791666666666667,-0.2611111111111111
1,0.0,0.0,0.008333333333333333,0.025925925925925925,0.020833333333333332,0.046296296296296294,0.03125,0.05925925925925926,0.08229166666666667,0.06481481481481481,0.09479166666666666,0.05925925925925926,0.11041666666666666,0.05,0.12604166666666666,0.03518518518518519,0.15625,-0.024074074074074074,0.1625,-0.07037037037037037,0.165625,-0.10185185185185185,0.16458333333333333,-0.1259259259259259,0.134375,-0.20555555555555555,0.12604166666666666,-0.23333333333333334,0.115625,-0.24444444444444444,0.115625,-0.24444444444444444
1,0.0,0.0,0.008333333333333333,0.014814814814814815,0.017708333333333333,0.022222222222222223,0.03333333333333333,0.03148148148148148,0.04895833333333333,0.037037037037037035,0.06770833333333333,0.03888888888888889,0.14479166666666668,0.012962962962962963,0.15520833333333334,0.003703703703703704,0.15416666666666667,0.001851851851851852,0.16354166666666667,-0.011111111111111112,0.175,-0.0962962962962963,0.17708333333333334,-0.12037037037037036,0.16875,-0.15925925925925927,0.16354166666666667,-0.1814814814814815,0.15625,-0.20185185185185187,0.13020833333333334,-0.24259259259259258
1,0.0,0.0,0.013541666666666667,0.005555555555555556,0.027083333333333334,0.009259259259259259,0.07604166666666666,-0.012962962962962963,0.08645833333333333,-0.025925925925925925,0.09583333333333334,-0.040740740740740744,0.103125,-0.05555555555555555,0.10729166666666666,-0.07222222222222222,0.10833333333333334,-0.15,0.10729166666666666,-0.17592592592592593,0.10208333333333333,-0.1962962962962963,0.09479166666666666,-0.21296296296296297,0.08854166666666667,-0.23333333333333334,0.053125,-0.2722222222222222,0.042708333333333334,-0.2796296296296296,0.03333333333333333,-0.28703703703703703
